area	oracle_symbol	kind	go_signature	oracle_source	nq_ruby_status	nq_ruby_binding	nats_pure_status	nats_pure_location	note
core	ClientCert	constructor	func(certFile, keyFile string) Option	nats.go:1230	implemented	client_cert	partial	lib/nats/io/client.rb:386 tls: {context:}	no cert/key file option; user sets cert/key on an OpenSSL::SSL::SSLContext passed as tls: {context: ctx}
core	ClientTLSConfig	constructor	func(certCB TLSCertHandler, rootCAsCB RootCAsHandler) Option	nats.go:1169	implemented	tls_cert_cb	partial	lib/nats/io/client.rb:386 tls: {context:}	no cert/rootCA callback options; only achievable via a user-built SSLContext (e.g. client_cert_cb/cert_store)
core	ClosedHandler	constructor	func(cb ConnHandler) Option	nats.go:1451	implemented	closed_cb	present	lib/nats/io/client.rb:831 on_close	set after construction via on_close block, not a connect option
core	Compression	constructor	func(enabled bool) Option	nats.go:1705	implemented	compression	missing	lib/nats/io/websocket.rb	no websocket compression (permessage-deflate) option
core	Conn.AuthRequired	method	func() bool	nats.go:6532	implemented	Client#auth_required?	partial	lib/nats/io/client.rb:104 server_info	no accessor; only via raw INFO hash nc.server_info[:auth_required]
core	Conn.Barrier	method	func(f func()) error	nats.go:6552	implemented	Client#barrier	missing		no barrier over async subscription callbacks
core	Conn.Buffered	method	func() (int, error)	nats.go:6080	implemented	Client#buffered	missing		pending bytes tracked in private @pending_size; no public accessor
core	Conn.ChanQueueSubscribe	method	func(subj, group string, ch chan *Msg) (*Subscription, error)	nats.go:5023	unsupported		n/a		Go channel idiom
core	Conn.ChanSubscribe	method	func(subj string, ch chan *Msg) (*Subscription, error)	nats.go:5013	unsupported		n/a		Go channel idiom
core	Conn.Close	method	func()	nats.go:6258	implemented	Client#close	present	lib/nats/io/client.rb:772 close	
core	Conn.ClosedHandler	method	func() ConnHandler	nats.go:1908	implemented	Client#closed_handler	missing	lib/nats/io/client.rb:831	on_close is setter only; no getter for the current handler
core	Conn.ConnectedAddr	method	func() string	nats.go:2690	implemented	Client#connected_addr	missing		socket (@io) not public; no remote addr accessor
core	Conn.ConnectedClusterName	method	func() string	nats.go:2811	implemented	Client#connected_cluster_name	partial	lib/nats/io/client.rb:104 server_info	no accessor; only via raw INFO hash nc.server_info[:cluster]
core	Conn.ConnectedDomain	method	func() string	nats.go:2750	implemented	Client#connected_domain	partial	lib/nats/io/client.rb:104 server_info	no accessor; only via raw INFO hash nc.server_info[:domain]
core	Conn.ConnectedServerId	method	func() string	nats.go:2720	implemented	Client#connected_server_id	partial	lib/nats/io/client.rb:104 server_info	no accessor; only via raw INFO hash nc.server_info[:server_id]
core	Conn.ConnectedServerJetStream	method	func() (bool, int)	nats.go:2829	implemented	Client#connected_server_jetstream	partial	lib/nats/io/client.rb:104 server_info	no accessor; only via raw INFO hash nc.server_info[:jetstream]
core	Conn.ConnectedServerName	method	func() string	nats.go:2735	implemented	Client#connected_server_name	partial	lib/nats/io/client.rb:104 server_info	no accessor; only via raw INFO hash nc.server_info[:server_name]
core	Conn.ConnectedServerVersion	method	func() string	nats.go:2796	implemented	Client#connected_server_version	partial	lib/nats/io/client.rb:104 server_info	no accessor; only via raw INFO hash nc.server_info[:version]
core	Conn.ConnectedUrl	method	func() string	nats.go:2660	implemented	Client#connected_url	present	lib/nats/io/client.rb:782 connected_server	returns URI object (nil when not connected)
core	Conn.ConnectedUrlRedacted	method	func() string	nats.go:2675	implemented	Client#connected_url_redacted	missing	lib/nats/io/client.rb:782	connected_server returns URI incl. user/password; no redacted form
core	Conn.DisconnectErrHandler	method	func() ConnErrHandler	nats.go:1848	implemented	Client#disconnect_err_handler	missing	lib/nats/io/client.rb:823	on_disconnect is setter only; no getter
core	Conn.DiscoveredServers	method	func() []string	nats.go:6456	implemented	Client#discovered_servers	present	lib/nats/io/client.rb:765 discovered_servers	returns server-pool hashes (uri:, discovered:) rather than URL strings
core	Conn.DiscoveredServersHandler	method	func() ConnHandler	nats.go:1888	implemented	Client#discovered_servers_handler	missing		no discovered-servers callback at all
core	Conn.Drain	method	func() error	nats.go:6400	implemented	Client#drain	present	lib/nats/io/client.rb:846 drain	async (background thread); returns nil if already draining, no error on closed conn
core	Conn.ErrorHandler	method	func() ErrHandler	nats.go:1928	implemented	Client#error_handler	missing	lib/nats/io/client.rb:819	on_error is setter only; no getter
core	Conn.Flush	method	func() error	nats.go:6074	implemented	Client#flush	present	lib/nats/io/client.rb:745 flush	PING/PONG round trip, default 10s timeout
core	Conn.FlushTimeout	method	func(timeout time.Duration) (err error)	nats.go:6017	implemented	Client#flush	present	lib/nats/io/client.rb:745 flush(timeout)	
core	Conn.FlushWithContext	method	func(ctx context.Context) error	context.go:174	unsupported		n/a		context.Context variant
core	Conn.ForceReconnect	method	func() error	nats.go:2622	implemented	Client#force_reconnect	present	lib/nats/io/client.rb:280 force_reconnect	raises ConnectionClosedError if closed/draining/disconnected
core	Conn.GetClientID	method	func() (uint64, error)	nats.go:6710	implemented	Client#client_id	partial	lib/nats/io/client.rb:104 server_info	no accessor; only via raw INFO hash nc.server_info[:client_id]
core	Conn.GetClientIP	method	func() (net.IP, error)	nats.go:6692	implemented	Client#client_ip	partial	lib/nats/io/client.rb:104 server_info	no accessor; only via raw INFO hash nc.server_info[:client_ip]
core	Conn.HeadersSupported	method	func() bool	nats.go:6525	implemented	Client#headers_supported?	partial	lib/nats/io/client.rb:104 server_info	no accessor; only via raw INFO hash nc.server_info[:headers]
core	Conn.IsClosed	method	func() bool	nats.go:6271	implemented	Client#closed?	present	lib/nats/io/client.rb:802 closed?	
core	Conn.IsConnected	method	func() bool	nats.go:6285	implemented	Client#connected?	present	lib/nats/io/client.rb:790 connected?	false while draining (Go IsConnected true while draining)
core	Conn.IsDraining	method	func() bool	nats.go:6423	implemented	Client#draining?	present	lib/nats/io/client.rb:806 draining?	
core	Conn.IsReconnecting	method	func() bool	nats.go:6278	implemented	Client#reconnecting?	present	lib/nats/io/client.rb:798 reconnecting?	
core	Conn.IsSystemAccount	method	func() bool	nats.go:2845	implemented	Client#system_account?	partial	lib/nats/io/client.rb:104 server_info	no accessor; only via raw INFO hash nc.server_info[:acc_is_sys]
core	Conn.LastError	method	func() error	nats.go:4355	implemented	Client#last_error	present	lib/nats/io/client.rb:835 last_error	
core	Conn.LocalAddr	method	func() string	nats.go:2705	implemented	Client#local_addr	missing		socket not public; no local addr accessor
core	Conn.MaxPayload	method	func() int64	nats.go:6518	implemented	Client#max_payload	partial	lib/nats/io/client.rb:104 server_info	no accessor; only via raw INFO hash nc.server_info[:max_payload]
core	Conn.NewInbox	method	func() string	nats.go:4936	implemented	Client#new_inbox	present	lib/nats/io/client.rb:778 new_inbox	honors custom_inbox_prefix
core	Conn.NewRespInbox	method	func() string	nats.go:4980	implemented	Client#new_resp_inbox	missing	lib/nats/io/client.rb:1733	resp-mux prefix is private (start_resp_mux_sub!); no public resp inbox
core	Conn.NumSubscriptions	method	func() int	nats.go:5180	implemented	Client#num_subscriptions	missing		@subs private; no count accessor
core	Conn.Publish	method	func(subj string, data []byte) error	nats.go:4433	implemented	Client#publish	present	lib/nats/io/client.rb:476 publish	
core	Conn.PublishMsg	method	func(m *Msg) error	nats.go:4572	implemented	Client#publish_msg	present	lib/nats/io/client.rb:492 publish_msg	
core	Conn.PublishRequest	method	func(subj, reply string, data []byte) error	nats.go:4587	implemented	Client#publish	present	lib/nats/io/client.rb:476 publish(subj,data,reply)	reply as 3rd positional arg
core	Conn.QueueSubscribe	method	func(subj, queue string, cb MsgHandler) (*Subscription, error)	nats.go:5045	implemented	Client#subscribe	present	lib/nats/io/client.rb:523 subscribe(subj, queue:) {}	
core	Conn.QueueSubscribeSync	method	func(subj, queue string) (*Subscription, error)	nats.go:5053	implemented	Client#subscribe	present	lib/nats/io/client.rb:523 subscribe(subj, queue:)	no block -> sync sub, use next_msg
core	Conn.QueueSubscribeSyncWithChan	method	func(subj, queue string, ch chan *Msg) (*Subscription, error)	nats.go:5068	unsupported		n/a		Go channel idiom
core	Conn.RTT	method	func() (time.Duration, error)	nats.go:6058	implemented	Client#rtt	missing	lib/nats/io/client.rb:745	no RTT measurement; only flush (which returns nothing)
core	Conn.ReconnectHandler	method	func() ConnHandler	nats.go:1868	implemented	Client#reconnect_handler	missing	lib/nats/io/client.rb:827	on_reconnect is setter only; no getter
core	Conn.RemoveStatusListener	method	func(ch chan (Status))	nats.go:6741	unsupported		n/a		Go channel status listener; nats-pure has no status listeners
core	Conn.Request	method	func(subj string, data []byte, timeout time.Duration) (*Msg, error)	nats.go:4833	implemented	Client#request	present	lib/nats/io/client.rb:566 request	timeout: kw (default 0.5s); new-style mux; block form = async old-style
core	Conn.RequestMsg	method	func(msg *Msg, timeout time.Duration) (*Msg, error)	nats.go:4819	implemented	Client#request_msg	present	lib/nats/io/client.rb:624 request_msg	
core	Conn.RequestMsgWithContext	method	func(ctx context.Context, msg *Msg) (*Msg, error)	context.go:23	unsupported		n/a		context.Context variant
core	Conn.RequestWithContext	method	func(ctx context.Context, subj string, data []byte) (*Msg, error)	context.go:36	unsupported		n/a		context.Context variant
core	Conn.ServerPool	method	func() []Server	nats.go:6597	implemented	Client#server_pool	present	lib/nats/io/client.rb:104 server_pool	array of internal server hashes (uri:, reconnect_attempts:, ...)
core	Conn.Servers	method	func() []string	nats.go:6447	implemented	Client#servers	present	lib/nats/io/client.rb:761 servers	alias of server_pool: hashes with URI, not URL strings
core	Conn.SetClosedHandler	method	func(cb ConnHandler)	nats.go:1898	implemented	Client#set_closed_handler	present	lib/nats/io/client.rb:831 on_close	
core	Conn.SetDisconnectErrHandler	method	func(dcb ConnErrHandler)	nats.go:1838	implemented	Client#set_disconnect_err_handler	present	lib/nats/io/client.rb:823 on_disconnect	block receives last error
core	Conn.SetDisconnectHandler	method	func(dcb ConnHandler)	nats.go:1828	implemented	Client#set_disconnect_handler	present	lib/nats/io/client.rb:823 on_disconnect	
core	Conn.SetDiscoveredServersHandler	method	func(dscb ConnHandler)	nats.go:1878	implemented	Client#set_discovered_servers_handler	missing		no discovered-servers callback
core	Conn.SetErrorHandler	method	func(cb ErrHandler)	nats.go:1918	implemented	Client#set_error_handler	present	lib/nats/io/client.rb:819 on_error	block arity 1..3 (e / e,sub / nc,e,sub)
core	Conn.SetReconnectHandler	method	func(rcb ConnHandler)	nats.go:1858	implemented	Client#set_reconnect_handler	present	lib/nats/io/client.rb:827 on_reconnect	
core	Conn.SetServerPool	method	func(servers []string) error	nats.go:6629	implemented	Client#set_server_pool	missing		server_pool reader returns live array but no validated setter/replace API
core	Conn.Stats	method	func() Statistics	nats.go:6500	implemented	Client#stats	present	lib/nats/io/client.rb:104 stats	hash in_msgs/out_msgs/in_bytes/out_bytes/reconnects
core	Conn.Status	method	func() Status	nats.go:6463	implemented	Client#status	present	lib/nats/io/client.rb:104 status	Integer constants in NATS::Status
core	Conn.StatusChanged	method	func(statuses ...Status) chan Status	nats.go:6724	unsupported		n/a		Go channel status listener; nats-pure has none
core	Conn.Subscribe	method	func(subj string, cb MsgHandler) (*Subscription, error)	nats.go:5006	implemented	Client#subscribe	present	lib/nats/io/client.rb:523 subscribe {}	per-sub pending limits and processing_concurrency opts
core	Conn.SubscribeSync	method	func(subj string) (*Subscription, error)	nats.go:5029	implemented	Client#subscribe	present	lib/nats/io/client.rb:523 subscribe (no block)	
core	Conn.TLSConnectionState	method	func() (tls.ConnectionState, error)	nats.go:2585	implemented	Client#tls_connection_state	missing		SSLSocket not exposed; no peer cert/cipher accessor
core	Conn.TLSRequired	method	func() bool	nats.go:6539	implemented	Client#tls_required?	partial	lib/nats/io/client.rb:104 server_info	no accessor; only via raw INFO hash nc.server_info[:tls_required]
core	Connect	function	func(url string, options ...Option) (*Conn, error)	nats.go:1115	implemented	NQ.connect	present	lib/nats/io/client.rb:50 NATS.connect	uri string (comma list) or opts hash
core	ConnectHandler	constructor	func(cb ConnHandler) Option	nats.go:1427	implemented	connected_cb	missing		no connected callback (only disconnect/reconnect/close/error)
core	CustomInboxPrefix	constructor	func(p string) Option	nats.go:1726	implemented	inbox_prefix	present	lib/nats/io/client.rb:388 custom_inbox_prefix:	validated (no >,*, leading/trailing .)
core	CustomReconnectDelay	constructor	func(cb ReconnectDelayHandler) Option	nats.go:1311	implemented	custom_reconnect_delay_cb	missing	lib/nats/io/client.rb:332	only fixed reconnect_time_wait; no delay callback
core	DecodeHeadersMsg	function	func(data []byte) (Header, error)	nats.go:4504	unsupported		n/a	lib/nats/io/client.rb:932	header parser process_hdr is private; NQ also unsupported
core	Dialer	constructor	func(dialer *net.Dialer) Option	nats.go:1635	unsupported		n/a		*net.Dialer is Go-only
core	DisconnectErrHandler	constructor	func(cb ConnErrHandler) Option	nats.go:1410	implemented	disconnected_cb	present	lib/nats/io/client.rb:823 on_disconnect	block gets the error
core	DisconnectHandler	constructor	func(cb ConnHandler) Option	nats.go:1419	implemented	disconnected_cb	present	lib/nats/io/client.rb:823 on_disconnect	
core	DiscoveredServersHandler	constructor	func(cb ConnHandler) Option	nats.go:1459	implemented	discovered_servers_cb	missing		no discovered-servers callback
core	DontRandomize	constructor	func() Option	nats.go:1264	implemented	no_randomize	present	lib/nats/io/client.rb:353 dont_randomize_servers:	
core	DrainTimeout	constructor	func(t time.Duration) Option	nats.go:1402	implemented	drain_timeout	present	lib/nats/io/client.rb:347 drain_timeout:	default 30s
core	ErrAccountAuthExpired	error	errors.New("nats: account authentication expired")	nats.go:120	implemented	AccountAuthExpired	partial	lib/nats/io/client.rb:999 AuthError	no specific class; server -ERR surfaces as generic AuthError/ServerError
core	ErrAuthExpired	error	errors.New("nats: authentication expired")	nats.go:117	implemented	AuthExpired	partial	lib/nats/io/client.rb:999 AuthError	no specific class; generic AuthError/ServerError
core	ErrAuthRevoked	error	errors.New("nats: authentication revoked")	nats.go:118	implemented	AuthRevoked	partial	lib/nats/io/client.rb:999 AuthError	no specific class; generic AuthError/ServerError
core	ErrAuthorization	error	errors.New("nats: authorization violation")	nats.go:116	implemented	Authorization	present	lib/nats/io/errors.rb:31 NATS::IO::AuthError	
core	ErrBadHeaderMsg	error	errors.New("nats: message could not decode headers")	nats.go:151	implemented	BadHeaderMsg	missing	lib/nats/io/client.rb:932	process_hdr swallows parse errors; no error raised
core	ErrBadQueueName	error	errors.New("nats: invalid queue name")	nats.go:112	implemented	BadQueueName	missing		queue names not validated
core	ErrBadSubject	error	errors.New("nats: invalid subject")	nats.go:111	implemented	BadSubject	present	lib/nats/io/errors.rb:46 BadSubject	only nil/empty subjects rejected
core	ErrBadSubscription	error	errors.New("nats: invalid subscription")	nats.go:109	implemented	BadSubscription	present	lib/nats/io/errors.rb:50 BadSubscription	
core	ErrBadTimeout	error	errors.New("nats: timeout invalid")	nats.go:115	implemented	BadTimeout	missing		timeouts not validated
core	ErrChanArg	error	errors.New("nats: argument needs to be a channel type")	nats.go:123	unsupported		n/a		Go channel idiom
core	ErrClientCertOrRootCAsRequired	error	errors.New("nats: at least one of certCB or rootCAsCB must be set")	nats.go:128	implemented	ClientCertOrRootCAsRequired	missing		no TLS callback options, so no such validation
core	ErrClientIDNotSupported	error	errors.New("nats: client ID not supported by this server")	nats.go:137	implemented	ClientIDNotSupported	missing		no client_id accessor/check
core	ErrClientIPNotSupported	error	errors.New("nats: client IP not supported by this server")	nats.go:148	implemented	ClientIPNotSupported	missing		no client_ip accessor/check
core	ErrConnectionClosed	error	errors.New("nats: connection closed")	nats.go:103	implemented	ConnectionClosed	present	lib/nats/io/errors.rb:68 ConnectionClosedError	
core	ErrConnectionDraining	error	errors.New("nats: connection draining")	nats.go:104	implemented	ConnectionDraining	present	lib/nats/io/errors.rb:59 ConnectionDrainingError	
core	ErrConnectionNotTLS	error	errors.New("nats: connection is not tls")	nats.go:155	implemented	ConnectionNotTLS	missing		no TLS state API
core	ErrConnectionReconnecting	error	errors.New("nats: connection reconnecting")	nats.go:106	implemented	ConnectionReconnecting	missing		publishes during reconnect are queued; no error
core	ErrDisconnected	error	errors.New("nats: server is disconnected")	nats.go:149	implemented	Disconnected	missing		no disconnected error class
core	ErrDrainTimeout	error	errors.New("nats: draining connection timed out")	nats.go:105	implemented	DrainTimeout	present	lib/nats/io/errors.rb:62 DrainTimeoutError	delivered to on_error
core	ErrHeadersNotSupported	error	errors.New("nats: headers not supported by this server")	nats.go:150	implemented	HeadersNotSupported	missing	lib/nats/io/client.rb:492	publish_msg sends HPUB without checking server headers support
core	ErrInvalidArg	error	errors.New("nats: invalid argument")	nats.go:133	implemented	InvalidArg	partial		ad hoc Ruby ArgumentError/TypeError; no NATS error class
core	ErrInvalidConnection	error	errors.New("nats: invalid connection")	nats.go:131	unsupported		n/a		Go nil-*Conn guard
core	ErrInvalidContext	error	errors.New("nats: invalid context")	nats.go:134	unsupported		n/a		context.Context idiom
core	ErrInvalidMsg	error	errors.New("nats: invalid message or message nil")	nats.go:132	implemented	InvalidMsg	partial	lib/nats/io/client.rb:493	publish_msg/request_msg raise Ruby TypeError for non-Msg
core	ErrJsonParse	error	errors.New("nats: connect message, json parse error")	nats.go:122	unsupported		n/a		INFO JSON errors surface as raw JSON::ParserError; NQ also unsupported
core	ErrMaxAccountConnectionsExceeded	error	errors.New("nats: maximum account active connections exceeded")	nats.go:154	implemented	MaxAccountConnectionsExceeded	partial	lib/nats/io/client.rb:1001 ServerError	generic ServerError/AuthError with server text
core	ErrMaxConnectionsExceeded	error	errors.New("nats: server maximum connections exceeded")	nats.go:153	implemented	MaxConnectionsExceeded	partial	lib/nats/io/client.rb:1001 ServerError	generic ServerError/AuthError with server text
core	ErrMaxMessages	error	errors.New("nats: maximum messages delivered")	nats.go:125	implemented	MaxMessages	missing	lib/nats/io/subscription.rb:89	next_msg after auto-unsubscribe max just times out
core	ErrMaxPayload	error	errors.New("nats: maximum payload exceeded")	nats.go:124	implemented	MaxPayload	missing		no client-side max_payload check on publish
core	ErrMaxSubscriptionsExceeded	error	errors.New("nats: server maximum subscriptions exceeded")	nats.go:157	implemented	MaxSubscriptionsExceeded	partial	lib/nats/io/client.rb:1001 ServerError	generic ServerError/AuthError with server text
core	ErrMixingWebsocketSchemes	error	errors.New("nats: mixing of websocket and non websocket URLs is not allowed")	nats.go:160	implemented	MixingWebsocketSchemes	missing		ws and nats URLs may be mixed unchecked
core	ErrMsgNoReply	error	errors.New("nats: message does not have a reply")	nats.go:147	implemented	MsgNoReply	partial	lib/nats/io/msg.rb:34 respond	respond with nil reply raises BadSubject instead
core	ErrMsgNotBound	error	errors.New("nats: message is not bound to subscription/connection")	nats.go:146	implemented	MsgNotBound	missing	lib/nats/io/msg.rb:34 respond	respond silently returns nil when msg has no nc
core	ErrMultipleTLSConfigs	error	errors.New("nats: multiple tls.Configs not allowed")	nats.go:127	unsupported		n/a		Go tls.Config variadic idiom
core	ErrNkeyAndUser	error	errors.New("nats: user callback and nkey defined")	nats.go:141	implemented	NkeyAndUser	missing		no conflicting-auth validation
core	ErrNkeyButNoSigCB	error	errors.New("nats: nkey defined without a signature handler")	nats.go:139	implemented	NkeyButNoSigCB	missing		user_nkey_cb without signature cb silently ignored
core	ErrNkeysNotSupported	error	errors.New("nats: nkeys not supported by the server")	nats.go:142	implemented	NkeysNotSupported	missing		no server nonce/nkey support check
core	ErrNoDeadlineContext	error	errors.New("nats: context requires a deadline")	nats.go:135	unsupported		n/a		context.Context idiom
core	ErrNoEchoNotSupported	error	errors.New("nats: no echo option not supported by this server")	nats.go:136	implemented	NoEchoNotSupported	missing		no_echo not supported
core	ErrNoInfoReceived	error	errors.New("nats: protocol exception, INFO not received")	nats.go:129	implemented	NoInfoReceived	partial	lib/nats/io/client.rb:1459 ConnectError	generic ConnectError('INFO not received')
core	ErrNoResponders	error	errors.New("nats: no responders available for request")	nats.go:152	implemented	NoResponders	present	lib/nats/io/errors.rb:37 NoRespondersError	
core	ErrNoServers	error	errors.New("nats: no servers available for connection")	nats.go:121	implemented	NoServers	present	lib/nats/io/errors.rb:34 NoServersError	
core	ErrNoUserCB	error	errors.New("nats: user callback not defined")	nats.go:140	implemented	NoUserCB	missing		no such validation
core	ErrPermissionViolation	error	errors.New("nats: permissions violation")	nats.go:119	implemented	PermissionViolation	partial	lib/nats/io/client.rb:988 process_err	generic ServerError (AuthError when server auth_required) to on_error
core	ErrReconnectBufExceeded	error	errors.New("nats: outbound buffer limit exceeded")	nats.go:130	implemented	ReconnectBufferExceeded	missing		no reconnect buffer limit; pending SizedQueue blocks
core	ErrSecureConnRequired	error	errors.New("nats: secure connection required")	nats.go:107	unsupported		partial	lib/nats/io/client.rb:1473 ConnectError	generic ConnectError('TLS/SSL required by server')
core	ErrSecureConnWanted	error	errors.New("nats: secure connection not available")	nats.go:108	implemented	SecureConnWanted	partial	lib/nats/io/client.rb:1477 ConnectError	generic ConnectError('TLS/SSL not supported by server')
core	ErrServerNotInPool	error	errors.New("nats: selected server is not in the pool")	nats.go:159	implemented	ServerNotInPool	missing		no ReconnectToServer
core	ErrSlowConsumer	error	errors.New("nats: slow consumer, messages dropped")	nats.go:113	implemented	SlowConsumer	present	lib/nats/io/errors.rb:53 SlowConsumer	delivered to on_error
core	ErrStaleConnection	error	errors.New("nats: " + STALE_CONNECTION)	nats.go:143	implemented	StaleConnection	present	lib/nats/io/errors.rb:40 StaleConnectionError	
core	ErrSyncSubRequired	error	errors.New("nats: illegal call on an async subscription")	nats.go:126	implemented	SyncSubRequired	missing	lib/nats/io/subscription.rb:89	next_msg on async sub fails with NoMethodError (nil cond)
core	ErrTLS	error	errors.New("nats: tls error")	nats.go:156	implemented	TLSError	missing		raw OpenSSL errors surface
core	ErrTimeout	error	errors.New("nats: timeout")	nats.go:114	implemented	Timeout	present	lib/nats/io/errors.rb:43 NATS::Timeout	
core	ErrTokenAlreadySet	error	errors.New("nats: token and token handler both set")	nats.go:144	implemented	TokenAlreadySet	missing		no token handler, no validation
core	ErrTypeSubscription	error	errors.New("nats: invalid subscription type")	nats.go:110	unsupported		n/a		Go SubscriptionType idiom
core	ErrUserButNoSigCB	error	errors.New("nats: user callback defined without a signature handler")	nats.go:138	implemented	UserButNoSigCB	missing		no such validation
core	ErrUserInfoAlreadySet	error	errors.New("nats: cannot set user info callback and user/pass")	nats.go:145	implemented	UserInfoAlreadySet	missing		no user-info callback
core	ErrWebSocketHeadersAlreadySet	error	errors.New("nats: websocket connection headers already set")	nats.go:158	implemented	WebSocketHeadersAlreadySet	missing		no websocket headers option
core	ErrorHandler	constructor	func(cb ErrHandler) Option	nats.go:1467	implemented	error_cb	present	lib/nats/io/client.rb:819 on_error	
core	FlusherTimeout	constructor	func(t time.Duration) Option	nats.go:1382	implemented	flusher_timeout	missing	lib/nats/io/client.rb:2074	socket writes have no deadline option
core	GetDefaultOptions	function	func() Options	nats.go:164	unsupported		n/a	lib/nats/io/client.rb:1943	Go Options struct; defaults are NATS::IO constants
core	Header.Add	method	func(key, value string)	nats.go:4443	unsupported		n/a		headers are plain Ruby Hash; single value per key
core	Header.Del	method	func(key string)	nats.go:4474	unsupported		n/a		headers are plain Ruby Hash
core	Header.Get	method	func(key string) string	nats.go:4456	unsupported		n/a		headers are plain Ruby Hash
core	Header.Set	method	func(key, value string)	nats.go:4450	unsupported		n/a		headers are plain Ruby Hash
core	Header.Values	method	func(key string) []string	nats.go:4468	unsupported		n/a	lib/nats/io/client.rb:957	plain Hash; repeated header keys overwrite (no multi-value)
core	IgnoreAuthErrorAbort	constructor	func() Option	nats.go:1738	implemented	ignore_auth_error_abort	missing	lib/nats/io/client.rb:1770	auth errors drop server from pool unless max_reconnect_attempts<0; no option
core	IgnoreDiscoveredServers	constructor	func() Option	nats.go:1817	implemented	ignore_discovered_servers	present	lib/nats/io/client.rb:331 ignore_discovered_urls:	
core	InProcessServer	constructor	func(server InProcessConnProvider) Option	nats.go:1140	unsupported		n/a		Go in-process server only
core	LameDuckModeHandler	constructor	func(cb ConnHandler) Option	nats.go:1686	implemented	lame_duck_cb	missing		INFO ldm not handled; no callback
core	MaxPingsOutstanding	constructor	func(max int) Option	nats.go:1343	implemented	max_pings	present	lib/nats/io/client.rb:335 max_outstanding_pings:	
core	MaxReconnects	constructor	func(max int) Option	nats.go:1292	implemented	max_reconnects	present	lib/nats/io/client.rb:333 max_reconnect_attempts:	per-server attempts; <0 = infinite
core	Msg.Equal	method	func(msg *Msg) bool	nats.go:828	implemented	Msg#equal	missing	lib/nats/io/msg.rb	no == / equal on NATS::Msg
core	Msg.Respond	method	func(data []byte) error	nats.go:5933	implemented	Msg#respond	present	lib/nats/io/msg.rb:34 respond	
core	Msg.RespondMsg	method	func(msg *Msg) error	nats.go:5948	implemented	Msg#respond_msg	partial	lib/nats/io/msg.rb:46 respond_msg	publishes msg as given; does not set subject to original reply
core	Msg.Size	method	func() int	nats.go:859	implemented	Msg#size	missing	lib/nats/io/msg.rb	no size method
core	MultipathTCP	constructor	func(enabled bool) Option	nats.go:1647	unsupported		n/a		Go net.Dialer MPTCP
core	Name	constructor	func(name string) Option	nats.go:1131	implemented	name	present	lib/nats/io/client.rb:1264 name:	
core	NewInbox	function	func() string	nats.go:4926	implemented	NQ.new_inbox	partial	lib/nats/io/client.rb:778	only instance method nc.new_inbox; no module-level NATS.new_inbox
core	NewMsg	function	func(subject string) *Msg	nats.go:4479	unsupported		present	lib/nats/io/msg.rb:21 NATS::Msg.new(subject:)	header not pre-initialized
core	Nkey	constructor	func(pubKey string, sigCB SignatureHandler) Option	nats.go:1611	implemented	nkey	present	lib/nats/io/client.rb:376 user_nkey_cb:+user_signature_cb:	undocumented connect opts
core	NkeyOptionFromSeed	constructor	func(seedFile string) (Option, error)	nats.go:6808	implemented	nkey_seed_file	present	lib/nats/io/client.rb:378 nkeys_seed:	requires nkeys gem
core	NoCallbacksAfterClientClose	constructor	func() Option	nats.go:1675	implemented	no_callbacks_after_client_close	missing	lib/nats/io/client.rb:1652	close always fires disconnect/close callbacks
core	NoEcho	constructor	func() Option	nats.go:1273	implemented	no_echo	missing	lib/nats/io/client.rb:1256	CONNECT never sends echo:false
core	NoReconnect	constructor	func() Option	nats.go:1256	implemented	allow_reconnect	present	lib/nats/io/client.rb:329 reconnect: false	
core	Options.AllowMultipathTCP	field	*bool	nats.go:544	unsupported		n/a		Go net.Dialer MPTCP
core	Options.AllowReconnect	field	bool	nats.go:370	implemented	allow_reconnect	present	lib/nats/io/client.rb:329 reconnect:	
core	Options.AsyncErrorCB	field	ErrHandler	nats.go:484	implemented	error_cb	present	lib/nats/io/client.rb:819 on_error	
core	Options.ClosedCB	field	ConnHandler	nats.go:454	implemented	closed_cb	present	lib/nats/io/client.rb:831 on_close	
core	Options.Compression	field	bool	nats.go:577	implemented	compression	missing	lib/nats/io/websocket.rb	no websocket compression
core	Options.Connect	method	func() (*Conn, error)	nats.go:1953	unsupported		n/a		Go Options struct method
core	Options.ConnectedCB	field	ConnHandler	nats.go:473	implemented	connected_cb	missing		no connected callback
core	Options.CustomDialer	field	CustomDialer	nats.go:548	implemented	custom_dialer	missing	lib/nats/io/client.rb:1796	create_socket hard-wired to Socket/WebSocket
core	Options.CustomReconnectDelayCB	field	ReconnectDelayHandler	nats.go:389	implemented	custom_reconnect_delay_cb	missing		fixed reconnect_time_wait only
core	Options.Dialer	field	*net.Dialer	nats.go:539	unsupported		n/a		*net.Dialer is Go-only
core	Options.DisconnectedCB	field	ConnHandler	nats.go:461	implemented	disconnected_cb	present	lib/nats/io/client.rb:823 on_disconnect	
core	Options.DisconnectedErrCB	field	ConnErrHandler	nats.go:467	implemented	disconnected_cb	present	lib/nats/io/client.rb:823 on_disconnect	block gets error
core	Options.DiscoveredServersCB	field	ConnHandler	nats.go:481	implemented	discovered_servers_cb	missing		no discovered-servers callback
core	Options.DrainTimeout	field	time.Duration	nats.go:407	implemented	drain_timeout	present	lib/nats/io/client.rb:347 drain_timeout:	
core	Options.FlusherTimeout	field	time.Duration	nats.go:412	implemented	flusher_timeout	missing		no write deadline option
core	Options.IgnoreAuthErrorAbort	field	bool	nats.go:588	implemented	ignore_auth_error_abort	missing		no option
core	Options.IgnoreDiscoveredServers	field	bool	nats.go:611	implemented	ignore_discovered_servers	present	lib/nats/io/client.rb:331 ignore_discovered_urls:	
core	Options.InProcessServer	field	InProcessConnProvider	nats.go:319	unsupported		n/a		Go in-process server only
core	Options.InboxPrefix	field	string	nats.go:584	implemented	inbox_prefix	present	lib/nats/io/client.rb:388 custom_inbox_prefix:	
core	Options.LameDuckModeHandler	field	ConnHandler	nats.go:563	implemented	lame_duck_cb	missing		no lame duck callback
core	Options.MaxPingsOut	field	int	nats.go:450	implemented	max_pings	present	lib/nats/io/client.rb:335 max_outstanding_pings:	
core	Options.MaxReconnect	field	int	nats.go:376	implemented	max_reconnects	present	lib/nats/io/client.rb:333 max_reconnect_attempts:	
core	Options.Name	field	string	nats.go:336	implemented	name	present	lib/nats/io/client.rb:1264 name:	
core	Options.Nkey	field	string	nats.go:515	implemented	nkey	present	lib/nats/io/client.rb:376 user_nkey_cb:	nkey given as proc, not string
core	Options.NoCallbacksAfterClientClose	field	bool	nats.go:557	implemented	no_callbacks_after_client_close	missing		no option
core	Options.NoEcho	field	bool	nats.go:332	implemented	no_echo	missing		no option
core	Options.NoRandomize	field	bool	nats.go:327	implemented	no_randomize	present	lib/nats/io/client.rb:353 dont_randomize_servers:	
core	Options.Password	field	string	nats.go:525	implemented	password	present	lib/nats/io/client.rb:1084 pass:	or user:pass@ in URL
core	Options.Pedantic	field	bool	nats.go:344	implemented	pedantic	present	lib/nats/io/client.rb:328 pedantic:	
core	Options.PermissionErrOnSubscribe	field	bool	nats.go:596	implemented	permission_err_on_subscribe	missing	lib/nats/io/client.rb:988	permission -ERR only reaches conn-level on_error; no per-sub error
core	Options.PingInterval	field	time.Duration	nats.go:445	implemented	ping_interval	present	lib/nats/io/client.rb:334 ping_interval:	seconds, default 120
core	Options.ProxyPath	field	string	nats.go:581	implemented	proxy_path	partial	lib/nats/io/websocket.rb:29	no option; ws path can only be embedded in the ws:// URL
core	Options.ReconnectBufSize	field	int	nats.go:500	implemented	reconnect_buffer_size	missing		no reconnect buffer size option
core	Options.ReconnectErrCB	field	ConnErrHandler	nats.go:488	implemented	reconnect_error_cb	partial	lib/nats/io/client.rb:1560	reconnect attempt errors go to generic on_error; no dedicated callback
core	Options.ReconnectJitter	field	time.Duration	nats.go:394	implemented	reconnect_jitter	missing		no jitter
core	Options.ReconnectJitterTLS	field	time.Duration	nats.go:399	implemented	reconnect_jitter_tls	missing		no jitter
core	Options.ReconnectOnFlusherError	field	bool	nats.go:440	implemented	reconnect_on_flusher_error	partial	lib/nats/io/client.rb:1423	always reconnects on write error; not configurable
core	Options.ReconnectToServerCB	field	ReconnectToServerHandler	nats.go:495	implemented	reconnect_to_server_cb	missing		no server-selection callback
core	Options.ReconnectWait	field	time.Duration	nats.go:381	implemented	reconnect_wait	present	lib/nats/io/client.rb:332 reconnect_time_wait:	
core	Options.ReconnectedCB	field	ConnHandler	nats.go:477	implemented	reconnected_cb	present	lib/nats/io/client.rb:827 on_reconnect	
core	Options.RetryOnFailedConnect	field	bool	nats.go:573	implemented	retry_on_failed_connect	partial	lib/nats/io/client.rb:433	initial connect blocks retrying the pool when reconnect on; no async background connect, not optional
core	Options.RootCAsCB	field	RootCAsHandler	nats.go:366	implemented	tls_roots_cb	partial	lib/nats/io/client.rb:386 tls: {context:}	only via user-built SSLContext
core	Options.Secure	field	bool	nats.go:348	implemented	tls	present	lib/nats/io/client.rb:386 tls: / tls:// scheme	
core	Options.Servers	field	[]string	nats.go:323	implemented	server	present	lib/nats/io/client.rb:352 servers:	
core	Options.SignatureCB	field	SignatureHandler	nats.go:519	implemented	signature_cb	present	lib/nats/io/client.rb:374 user_signature_cb:	undocumented
core	Options.SkipHostLookup	field	bool	nats.go:591	implemented	skip_host_lookup	missing	lib/nats/io/client.rb:2011	getaddrinfo always used
core	Options.SkipSubjectValidation	field	bool	nats.go:607	implemented	skip_subject_validation	partial	lib/nats/io/client.rb:477	no option; client only rejects empty subjects (validation effectively always skipped)
core	Options.SubChanLen	field	int	nats.go:507	implemented	sync_queue_len	partial	lib/nats/io/client.rb:534 pending_msgs_limit:	per-subscribe pending_msgs_limit only; no connection-wide default
core	Options.TLSCertCB	field	TLSCertHandler	nats.go:355	implemented	tls_cert_cb	partial	lib/nats/io/client.rb:386 tls: {context:}	only via user-built SSLContext
core	Options.TLSConfig	field	*tls.Config	nats.go:352	implemented	tls	present	lib/nats/io/client.rb:386 tls: {context:}	OpenSSL::SSL::SSLContext
core	Options.TLSHandshakeFirst	field	bool	nats.go:362	implemented	tls_handshake_first	missing	lib/nats/io/client.rb:1469	TLS upgrade always after INFO
core	Options.Timeout	field	time.Duration	nats.go:403	implemented	timeout	partial	lib/nats/io/client.rb:346 connect_timeout:	used for INFO/PONG reads only; TCP dial uses DEFAULT_CONNECT_TIMEOUT constant (client.rb:1810)
core	Options.Token	field	string	nats.go:531	implemented	token	present	lib/nats/io/client.rb:383 auth_token:	or token in URL
core	Options.TokenHandler	field	AuthTokenHandler	nats.go:535	implemented	token_cb	missing		static auth_token only
core	Options.Url	field	string	nats.go:314	implemented	server	present	lib/nats/io/client.rb:50 NATS.connect(uri)	
core	Options.UseOldRequestStyle	field	bool	nats.go:552	implemented	use_old_request_style	present	lib/nats/io/client.rb:330 old_style_request:	
core	Options.User	field	string	nats.go:522	implemented	user	present	lib/nats/io/client.rb:1083 user:	
core	Options.UserInfo	field	UserInfoCB	nats.go:528	implemented	user_info_cb	missing		no user/pass callback
core	Options.UserJWT	field	UserJWTHandler	nats.go:510	implemented	user_jwt_cb	present	lib/nats/io/client.rb:375 user_jwt_cb:	with user_signature_cb:
core	Options.Verbose	field	bool	nats.go:340	implemented	verbose	present	lib/nats/io/client.rb:327 verbose:	
core	Options.WebSocketConnectionHeaders	field	http.Header	nats.go:599	implemented	websocket_headers	missing	lib/nats/io/websocket.rb	handshake sends no custom headers
core	Options.WebSocketConnectionHeadersHandler	field	WebSocketHeadersHandler	nats.go:602	implemented	websocket_headers_cb	missing	lib/nats/io/websocket.rb	no headers callback
core	Options.WriteBufferSize	field	int	nats.go:619	implemented	write_buffer_size	missing		no write buffer size option
core	PermissionErrOnSubscribe	constructor	func(enabled bool) Option	nats.go:1753	implemented	permission_err_on_subscribe	missing		no option
core	PingInterval	constructor	func(t time.Duration) Option	nats.go:1333	implemented	ping_interval	present	lib/nats/io/client.rb:334 ping_interval:	
core	ProxyPath	constructor	func(path string) Option	nats.go:1718	implemented	proxy_path	partial	lib/nats/io/websocket.rb:29	no option; path only via ws:// URL
core	ReconnectBufSize	constructor	func(size int) Option	nats.go:1352	implemented	reconnect_buffer_size	missing		no option
core	ReconnectErrHandler	constructor	func(cb ConnErrHandler) Option	nats.go:1443	implemented	reconnect_error_cb	partial	lib/nats/io/client.rb:1560 on_error	reconnect errors only via generic on_error
core	ReconnectHandler	constructor	func(cb ConnHandler) Option	nats.go:1435	implemented	reconnected_cb	present	lib/nats/io/client.rb:827 on_reconnect	
core	ReconnectJitter	constructor	func(jitter, jitterForTLS time.Duration) Option	nats.go:1301	implemented	reconnect_jitter	missing		no jitter
core	ReconnectOnFlusherError	constructor	func() Option	nats.go:1393	implemented	reconnect_on_flusher_error	partial	lib/nats/io/client.rb:1423	always on; not configurable
core	ReconnectToServer	constructor	func(cb ReconnectToServerHandler) Option	nats.go:1324	implemented	reconnect_to_server_cb	missing		no server-selection callback
core	ReconnectWait	constructor	func(t time.Duration) Option	nats.go:1282	implemented	reconnect_wait	present	lib/nats/io/client.rb:332 reconnect_time_wait:	
core	RetryOnFailedConnect	constructor	func(retry bool) Option	nats.go:1696	implemented	retry_on_failed_connect	partial	lib/nats/io/client.rb:433	blocking retry over pool when reconnect on; no async connect
core	RootCAs	constructor	func(file ...string) Option	nats.go:1200	implemented	root_cas	partial	lib/nats/io/client.rb:386 tls: {context:}	no CA file option; set ca_file/cert_store on user SSLContext
core	Secure	constructor	func(tls ...*tls.Config) Option	nats.go:1150	implemented	tls	present	lib/nats/io/client.rb:386 tls:	tls: {context:} or tls:// URL
core	SetCustomDialer	constructor	func(dialer CustomDialer) Option	nats.go:1657	implemented	custom_dialer	missing	lib/nats/io/client.rb:1796	no custom dialer
core	SkipHostLookup	constructor	func() Option	nats.go:1746	implemented	skip_host_lookup	missing		no option
core	SkipSubjectValidation	constructor	func() Option	nats.go:1808	implemented	skip_subject_validation	partial	lib/nats/io/client.rb:477	no option; only empty-subject check exists
core	Subscription.AutoUnsubscribe	method	func(max int) error	nats.go:5477	implemented	Subscription#auto_unsubscribe	present	lib/nats/io/subscription.rb:84 unsubscribe(max)	also subscribe(max:)
core	Subscription.ClearMaxPending	method	func() error	nats.go:5840	implemented	Subscription#clear_max_pending	missing		no max-pending tracking
core	Subscription.Delivered	method	func() (int64, error)	nats.go:5904	implemented	Subscription#delivered	present	lib/nats/io/subscription.rb:37 delivered	alias of received
core	Subscription.Drain	method	func() error	nats.go:5276	implemented	Subscription#drain	missing	lib/nats/io/client.rb:1156	drain_sub is private (used by Service API only); no public sub drain
core	Subscription.Dropped	method	func() (int, error)	nats.go:5920	implemented	Subscription#dropped	missing	lib/nats/io/client.rb:1047	slow-consumer drops not counted
core	Subscription.IsDraining	method	func() bool	nats.go:5292	implemented	Subscription#draining?	missing	lib/nats/io/subscription.rb:36	drained accessor exists but only set by private drain_sub
core	Subscription.IsValid	method	func() bool	nats.go:5256	implemented	Subscription#valid?	partial	lib/nats/io/subscription.rb:36 closed	no valid?; raw closed accessor (nil/true)
core	Subscription.MaxPending	method	func() (int, int, error)	nats.go:5824	implemented	Subscription#max_pending	missing		no high-water mark tracking
core	Subscription.Msgs	method	func() iter.Seq2[*Msg, error]	nats_iter.go:31	unsupported		n/a		Go iter.Seq2
core	Subscription.MsgsTimeout	method	func(timeout time.Duration) iter.Seq2[*Msg, error]	nats_iter.go:55	unsupported		n/a		Go iter.Seq2
core	Subscription.NextMsg	method	func(timeout time.Duration) (*Msg, error)	nats.go:5573	implemented	Subscription#next_msg	present	lib/nats/io/subscription.rb:89 next_msg(timeout:)	default 0.5s
core	Subscription.NextMsgWithContext	method	func(ctx context.Context) (*Msg, error)	context.go:167	unsupported		n/a		context.Context variant
core	Subscription.Pending	method	func() (int, int, error)	nats.go:5808	implemented	Subscription#pending	partial	lib/nats/io/subscription.rb:32 pending_queue/pending_size	no method; raw pending_queue.size + pending_size accessors
core	Subscription.PendingLimits	method	func() (int, int, error)	nats.go:5867	implemented	Subscription#pending_limits	present	lib/nats/io/subscription.rb:33 pending_msgs_limit/pending_bytes_limit	
core	Subscription.QueuedMsgs	method	func() (int, error)	nats.go:5802	implemented	Subscription#queued_msgs	partial	lib/nats/io/subscription.rb:32 pending_queue	only via raw pending_queue.size
core	Subscription.SetClosedHandler	method	func(handler func(subject string))	nats.go:5493	implemented	Subscription#set_closed_handler	missing		no per-subscription closed callback
core	Subscription.SetPendingLimits	method	func(msgLimit, bytesLimit int) error	nats.go:5884	implemented	Subscription#set_pending_limits	partial	lib/nats/io/client.rb:534 subscribe(pending_msgs_limit:)	settable at subscribe; post-hoc accessor write doesn't resize SizedQueue (can block reader)
core	Subscription.StatusChanged	method	func(statuses ...SubStatus) <-chan SubStatus	nats.go:5306	unsupported		n/a		Go channel idiom
core	Subscription.Type	method	func() SubscriptionType	nats.go:5238	unsupported		n/a		Go SubscriptionType idiom
core	Subscription.Unsubscribe	method	func() error	nats.go:5391	implemented	Subscription#unsubscribe	present	lib/nats/io/subscription.rb:84 unsubscribe	
core	SyncQueueLen	constructor	func(max int) Option	nats.go:1625	implemented	sync_queue_len	partial	lib/nats/io/client.rb:534 pending_msgs_limit:	per-subscribe only
core	TLSHandshakeFirst	constructor	func() Option	nats.go:1763	implemented	tls_handshake_first	missing		no option
core	Timeout	constructor	func(t time.Duration) Option	nats.go:1374	implemented	timeout	partial	lib/nats/io/client.rb:346 connect_timeout:	ignored for TCP dial (DEFAULT_CONNECT_TIMEOUT at client.rb:1810)
core	Token	constructor	func(token string) Option	nats.go:1494	implemented	token	present	lib/nats/io/client.rb:383 auth_token:	
core	TokenHandler	constructor	func(cb AuthTokenHandler) Option	nats.go:1507	implemented	token_cb	missing		no token callback
core	UseOldRequestStyle	constructor	func() Option	nats.go:1665	implemented	use_old_request_style	present	lib/nats/io/client.rb:330 old_style_request:	
core	UserCredentialBytes	constructor	func(userOrChainedFileBytes []byte, seedFiles ...[]byte) Option	nats.go:1538	implemented	user_credential_bytes	missing	lib/nats/io/client.rb:1856	creds read from file path only
core	UserCredentials	constructor	func(userOrChainedFile string, seedFiles ...string) Option	nats.go:1519	implemented	user_credentials	present	lib/nats/io/client.rb:377 user_credentials:	chained file only; no separate seed file arg
core	UserInfo	constructor	func(user, password string) Option	nats.go:1476	implemented	user	present	lib/nats/io/client.rb:1083 user:/pass:	or URL userinfo
core	UserInfoHandler	constructor	func(cb UserInfoCB) Option	nats.go:1484	implemented	user_info_cb	missing		no user/pass callback
core	UserJWT	constructor	func(userCB UserJWTHandler, sigCB SignatureHandler) Option	nats.go:1589	implemented	user_jwt_cb	present	lib/nats/io/client.rb:375 user_jwt_cb:+user_signature_cb:	undocumented
core	UserJWTAndSeed	constructor	func(jwt string, seed string) Option	nats.go:1566	implemented	user_jwt_and_seed	partial	lib/nats/io/client.rb:375	no direct option; must hand-write user_jwt_cb/user_signature_cb procs
core	WebSocketConnectionHeaders	constructor	func(headers http.Header) Option	nats.go:1776	implemented	websocket_headers	missing	lib/nats/io/websocket.rb	no custom ws headers
core	WebSocketConnectionHeadersHandler	constructor	func(cb WebSocketHeadersHandler) Option	nats.go:1791	implemented	websocket_headers_cb	missing	lib/nats/io/websocket.rb	no ws headers callback
core	WriteBufferSize	constructor	func(size int) Option	nats.go:1365	implemented	write_buffer_size	missing		no option
jetstream-ops	jetstream.APIError.APIError	method	func() *APIError	jetstream/errors.go:517	planned		n/a	lib/nats/io/jetstream/errors.rb:44	Go interface plumbing (returns self); Ruby rescues Error::APIError directly
jetstream-ops	jetstream.APIError.Error	method	func() string	jetstream/errors.go:512	planned		present	lib/nats/io/jetstream/errors.rb:56	APIError#to_s: description (status_code, err_code, stream, consumer)
jetstream-ops	jetstream.APIError.Is	method	func(err error) bool	jetstream/errors.go:522	planned		partial	lib/nats/io/jetstream/js.rb:236	class-based rescue only for 404/400 codes 10059,10014,10148,10149,10204 + 503/500; others need manual err_code compare
jetstream-ops	jetstream.AckPolicy.MarshalJSON	method	func() ([]byte, error)	jetstream/consumer_config.go:526	planned		n/a	-	policies/enums are plain Strings in Struct members/hashes; no typed enum JSON (un)marshal
jetstream-ops	jetstream.AckPolicy.String	method	func() string	jetstream/consumer_config.go:540	planned		n/a	-	policies/enums are plain Strings in Struct members/hashes; no typed enum JSON (un)marshal
jetstream-ops	jetstream.AckPolicy.UnmarshalJSON	method	func(data []byte) error	jetstream/consumer_config.go:510	planned		n/a	-	policies/enums are plain Strings in Struct members/hashes; no typed enum JSON (un)marshal
jetstream-ops	jetstream.ConsumeContext.Closed	method	func() <-chan struct{}	jetstream/pull.go:70	implemented	ConsumeContext#closed	missing	-	no Consume/ConsumeContext; no closed signal for js.subscribe callbacks
jetstream-ops	jetstream.ConsumeContext.Drain	method	func()	jetstream/pull.go:65	implemented	ConsumeContext#drain	missing	-	no Consume; no public per-subscription drain (Client#drain_sub is private)
jetstream-ops	jetstream.ConsumeContext.Stop	method	func()	jetstream/pull.go:61	implemented	ConsumeContext#stop	partial	Subscription#unsubscribe	no Consume/ConsumeContext; a js.subscribe callback sub stops via sub.unsubscribe
jetstream-ops	jetstream.Consumer.CachedInfo	method	func() *ConsumerInfo	jetstream/consumer.go:162	implemented	Consumer#cached_info	missing	-	no Consumer handle caching info; PullSubscription#consumer_info always does a request
jetstream-ops	jetstream.Consumer.Consume	method	func(handler MessageHandler, opts ...PullConsumeOpt) (ConsumeContext, error)	jetstream/consumer.go:137	implemented	Consumer#consume	missing	-	no continuous pull Consume (callback, buffered re-pulls, heartbeats); only fetch loops
jetstream-ops	jetstream.Consumer.Fetch	method	func(batch int, opts ...FetchOpt) (MessageBatch, error)	jetstream/consumer.go:75	implemented	Consumer#fetch	present	lib/nats/io/jetstream/pull_subscription.rb:116	PullSubscription#fetch(batch, timeout:) returns Array (or yields each); raises NATS::Timeout when none
jetstream-ops	jetstream.Consumer.FetchBytes	method	func(maxBytes int, opts ...FetchOpt) (MessageBatch, error)	jetstream/consumer.go:101	implemented	Consumer#fetch_bytes	missing	lib/nats/io/jetstream/js.rb:178	pull request has no max_bytes; fetch only counts messages
jetstream-ops	jetstream.Consumer.FetchNoWait	method	func(batch int) (MessageBatch, error)	jetstream/consumer.go:120	implemented	Consumer#fetch_no_wait	present	lib/nats/io/jetstream/pull_subscription.rb:116	fetch(batch, no_wait: true)
jetstream-ops	jetstream.Consumer.Info	method	func(context.Context) (*ConsumerInfo, error)	jetstream/consumer.go:157	implemented	Consumer#info	present	lib/nats/io/jetstream/pull_subscription.rb:163	PullSubscription#consumer_info / js.consumer_info(stream, consumer)
jetstream-ops	jetstream.Consumer.Messages	method	func(opts ...PullMessagesOpt) (MessagesContext, error)	jetstream/consumer.go:149	implemented	Consumer#messages	missing	-	no Messages iterator (continuous pull with Next/Stop/Drain)
jetstream-ops	jetstream.Consumer.Next	method	func(opts ...FetchOpt) (Msg, error)	jetstream/consumer.go:154	implemented	Consumer#next	present	lib/nats/io/jetstream/pull_subscription.rb:116	fetch(1, timeout:) gives one msg (as 1-elem Array); next_msg is disabled on pull subs
jetstream-ops	jetstream.ConsumerInfoLister.Err	method	func() error	jetstream/stream.go:295	planned		missing	-	no consumer listing
jetstream-ops	jetstream.ConsumerInfoLister.Info	method	func() <-chan *ConsumerInfo	jetstream/stream.go:294	planned		missing	-	no CONSUMER.LIST API
jetstream-ops	jetstream.ConsumerManager.Consumer	method	func(ctx context.Context, consumer string) (Consumer, error)	jetstream/stream.go:100	implemented	Stream#consumer	partial	lib/nats/io/jetstream.rb:310	no Stream handle; bind existing consumer via js.pull_subscribe(subj, durable, stream:); no handle returned
jetstream-ops	jetstream.ConsumerManager.ConsumerNames	method	func(context.Context) ConsumerNameLister	jetstream/stream.go:118	implemented	Stream#consumer_names	missing	-	no CONSUMER.NAMES API
jetstream-ops	jetstream.ConsumerManager.CreateConsumer	method	func(ctx context.Context, cfg ConsumerConfig) (Consumer, error)	jetstream/stream.go:82	implemented	Stream#create_consumer	present	lib/nats/io/jetstream/manager.rb:137	no Stream handle; js-level method taking stream name: create_consumer(stream,cfg) -> ConsumerInfo
jetstream-ops	jetstream.ConsumerManager.CreateOrUpdateConsumer	method	func(ctx context.Context, cfg ConsumerConfig) (Consumer, error)	jetstream/stream.go:74	implemented	Stream#create_or_update_consumer	present	lib/nats/io/jetstream/manager.rb:124	no Stream handle; js-level method taking stream name: add_consumer(stream,cfg) creates or updates
jetstream-ops	jetstream.ConsumerManager.CreateOrUpdatePushConsumer	method	func(ctx context.Context, cfg ConsumerConfig) (PushConsumer, error)	jetstream/stream.go:139	implemented	Stream#create_or_update_push_consumer	present	lib/nats/io/jetstream/manager.rb:124	add_consumer with deliver_subject in config; returns ConsumerInfo, not a PushConsumer handle
jetstream-ops	jetstream.ConsumerManager.CreatePushConsumer	method	func(ctx context.Context, cfg ConsumerConfig) (PushConsumer, error)	jetstream/stream.go:147	implemented	Stream#create_push_consumer	present	lib/nats/io/jetstream/manager.rb:137	create_consumer with deliver_subject in config; returns ConsumerInfo
jetstream-ops	jetstream.ConsumerManager.DeleteConsumer	method	func(ctx context.Context, consumer string) error	jetstream/stream.go:104	implemented	Stream#delete_consumer	present	lib/nats/io/jetstream/manager.rb:179	no Stream handle; js-level method taking stream name: delete_consumer(stream, name)
jetstream-ops	jetstream.ConsumerManager.ListConsumers	method	func(context.Context) ConsumerInfoLister	jetstream/stream.go:114	implemented	Stream#list_consumers	missing	-	no CONSUMER.LIST API
jetstream-ops	jetstream.ConsumerManager.OrderedConsumer	method	func(ctx context.Context, cfg OrderedConsumerConfig) (Consumer, error)	jetstream/stream.go:93	implemented	Stream#ordered_consumer	missing	-	no ordered consumer in JS API (KV watch builds an internal push one only)
jetstream-ops	jetstream.ConsumerManager.PauseConsumer	method	func(ctx context.Context, consumer string, pauseUntil time.Time) (*ConsumerPauseResponse, error)	jetstream/stream.go:107	planned		present	lib/nats/io/jetstream/manager.rb:201	no Stream handle; js-level method taking stream name: pause_consumer(stream, consumer, time)
jetstream-ops	jetstream.ConsumerManager.PushConsumer	method	func(ctx context.Context, consumer string) (PushConsumer, error)	jetstream/stream.go:159	implemented	Stream#push_consumer	present	lib/nats/io/jetstream.rb:160	js.subscribe(subj, durable:, stream:) binds an existing push consumer
jetstream-ops	jetstream.ConsumerManager.ResetConsumer	method	func(ctx context.Context, consumer string) (*ConsumerResetResponse, error)	jetstream/stream.go:127	planned		present	lib/nats/io/jetstream/manager.rb:264	no Stream handle; js-level method taking stream name: reset_consumer(stream, consumer)
jetstream-ops	jetstream.ConsumerManager.ResetConsumerToSequence	method	func(ctx context.Context, consumer string, seq uint64) (*ConsumerResetResponse, error)	jetstream/stream.go:134	planned		present	lib/nats/io/jetstream/manager.rb:264	reset_consumer(stream, consumer, seq: n)
jetstream-ops	jetstream.ConsumerManager.ResumeConsumer	method	func(ctx context.Context, consumer string) (*ConsumerPauseResponse, error)	jetstream/stream.go:110	planned		present	lib/nats/io/jetstream/manager.rb:217	no Stream handle; js-level method taking stream name: resume_consumer
jetstream-ops	jetstream.ConsumerManager.UnpinConsumer	method	func(ctx context.Context, consumer string, group string) error	jetstream/stream.go:122	implemented	Stream#unpin_consumer	present	lib/nats/io/jetstream/manager.rb:237	no Stream handle; js-level method taking stream name: unpin_consumer(stream, consumer, group)
jetstream-ops	jetstream.ConsumerManager.UpdateConsumer	method	func(ctx context.Context, cfg ConsumerConfig) (Consumer, error)	jetstream/stream.go:87	implemented	Stream#update_consumer	present	lib/nats/io/jetstream/manager.rb:154	no Stream handle; js-level method taking stream name: update_consumer(stream,cfg)
jetstream-ops	jetstream.ConsumerManager.UpdatePushConsumer	method	func(ctx context.Context, cfg ConsumerConfig) (PushConsumer, error)	jetstream/stream.go:152	implemented	Stream#update_push_consumer	present	lib/nats/io/jetstream/manager.rb:154	update_consumer with deliver_subject config
jetstream-ops	jetstream.ConsumerNameLister.Err	method	func() error	jetstream/stream.go:303	planned		missing	-	no consumer name listing
jetstream-ops	jetstream.ConsumerNameLister.Name	method	func() <-chan string	jetstream/stream.go:302	planned		missing	-	no CONSUMER.NAMES API
jetstream-ops	jetstream.DeliverPolicy.MarshalJSON	method	func() ([]byte, error)	jetstream/consumer_config.go:455	planned		n/a	-	policies/enums are plain Strings in Struct members/hashes; no typed enum JSON (un)marshal
jetstream-ops	jetstream.DeliverPolicy.String	method	func() string	jetstream/consumer_config.go:473	planned		n/a	-	policies/enums are plain Strings in Struct members/hashes; no typed enum JSON (un)marshal
jetstream-ops	jetstream.DeliverPolicy.UnmarshalJSON	method	func(data []byte) error	jetstream/consumer_config.go:434	planned		n/a	-	policies/enums are plain Strings in Struct members/hashes; no typed enum JSON (un)marshal
jetstream-ops	jetstream.DiscardPolicy.MarshalJSON	method	func() ([]byte, error)	jetstream/stream_config.go:669	planned		n/a	-	policies/enums are plain Strings in Struct members/hashes; no typed enum JSON (un)marshal
jetstream-ops	jetstream.DiscardPolicy.String	method	func() string	jetstream/stream_config.go:658	planned		n/a	-	policies/enums are plain Strings in Struct members/hashes; no typed enum JSON (un)marshal
jetstream-ops	jetstream.DiscardPolicy.UnmarshalJSON	method	func(data []byte) error	jetstream/stream_config.go:680	planned		n/a	-	policies/enums are plain Strings in Struct members/hashes; no typed enum JSON (un)marshal
jetstream-ops	jetstream.ErrAsyncPublishReplySubjectSet	error	&jsError{message: "reply subject should be empty"}	jetstream/errors.go:336	implemented	AsyncPublishReplySubjectSet	missing	-	no async publish
jetstream-ops	jetstream.ErrAsyncPublishTimeout	error	&jsError{message: "timeout waiting for ack"}	jetstream/errors.go:381	implemented	AsyncPublishTimeout	missing	-	no async publish
jetstream-ops	jetstream.ErrBadRequest	error	&jsError{apiErr: &APIError{ErrorCode: JSErrCodeBadRequest, Description: "bad request", Code: 400}}	jetstream/errors.go:173	implemented	BadRequest	present	lib/nats/io/jetstream/errors.rb:112	Error::BadRequest (code 400)
jetstream-ops	jetstream.ErrBatchCompleted	error	&jsError{message: "batch completed"}	jetstream/errors.go:296	implemented	BatchCompleted	missing	-	no MessageBatch/Consume completion error
jetstream-ops	jetstream.ErrConnectionClosed	error	&jsError{message: "connection closed"}	jetstream/errors.go:351	implemented	ConnectionClosed	present	lib/nats/io/errors.rb	core NATS::IO::ConnectionClosedError; no JS-specific class
jetstream-ops	jetstream.ErrConsumerAlreadyConsuming	error	&jsError{message: "consumer is already consuming"}	jetstream/errors.go:249	implemented	ConsumerAlreadyConsuming	missing	-	no Consume/Messages
jetstream-ops	jetstream.ErrConsumerCreate	error	&jsError{apiErr: &APIError{ErrorCode: JSErrCodeConsumerCreate, Description: "could not create consumer", Code: 500}}	jetstream/errors.go:177	implemented	ConsumerCreate	partial	lib/nats/io/jetstream/errors.rb:80	500/10012 surfaces as Error::ServerError with err_code; no dedicated class
jetstream-ops	jetstream.ErrConsumerCreationResponseEmpty	error	&jsError{message: "consumer creation response is empty"}	jetstream/errors.go:141	implemented	ConsumerCreationResponseEmpty	missing	-	no empty-response check on consumer create
jetstream-ops	jetstream.ErrConsumerDeleted	error	&jsError{message: "consumer deleted"}	jetstream/errors.go:300	implemented	ConsumerDeleted	partial	lib/nats/io/jetstream/js.rb:225	409 Consumer Deleted pull status raised as generic API::Error(code '409'); dropped if msgs already fetched
jetstream-ops	jetstream.ErrConsumerDoesNotExist	error	&jsError{apiErr: &APIError{ErrorCode: JSErrCodeConsumerDoesNotExist, Description: "consumer does not exist", Code: 400}}	jetstream/errors.go:155	implemented	ConsumerDoesNotExist	present	lib/nats/io/jetstream/errors.rb:125	Error::ConsumerDoesNotExist (10149)
jetstream-ops	jetstream.ErrConsumerExists	error	&jsError{apiErr: &APIError{ErrorCode: JSErrCodeConsumerExists, Description: "consumer already exists", Code: 400}}	jetstream/errors.go:151	implemented	ConsumerExists	present	lib/nats/io/jetstream/errors.rb:121	Error::ConsumerAlreadyExists (10148)
jetstream-ops	jetstream.ErrConsumerHasActiveSubscription	error	&jsError{message: "consumer has active subscription"}	jetstream/errors.go:320	planned		partial	lib/nats/io/jetstream.rb:231	subscribe raises generic JetStream::Error 'consumer is already bound to a subscription'
jetstream-ops	jetstream.ErrConsumerInvalidReset	error	&jsError{apiErr: &APIError{ErrorCode: JSErrCodeConsumerInvalidReset, Description: "invalid reset", Code: 400}}	jetstream/errors.go:166	implemented	ConsumerInvalidReset	present	lib/nats/io/jetstream/errors.rb:130	Error::ConsumerInvalidReset (10204)
jetstream-ops	jetstream.ErrConsumerLeadershipChanged	error	&jsError{message: "leadership change"}	jetstream/errors.go:304	implemented	ConsumerLeadershipChanged	partial	lib/nats/io/jetstream/js.rb:225	409 Leadership Change pull status raised as generic API::Error
jetstream-ops	jetstream.ErrConsumerMultipleFilterSubjectsNotSupported	error	&jsError{message: "multiple consumer filter subjects not supported by nats-server"}	jetstream/errors.go:233	implemented	ConsumerMultipleFilterSubjectsNotSupported	missing	-	no client-side check that server honored filter_subjects
jetstream-ops	jetstream.ErrConsumerNameAlreadyInUse	error	&jsError{message: "consumer name already in use"}	jetstream/errors.go:237	implemented	ConsumerNameAlreadyInUse	partial	lib/nats/io/jetstream/js.rb:236	generic APIError subclass (BadRequest/ServerError/ServiceUnavailable) carrying err_code; no dedicated class
jetstream-ops	jetstream.ErrConsumerNotFound	error	&jsError{apiErr: &APIError{ErrorCode: JSErrCodeConsumerNotFound, Description: "consumer not found", Code: 404}}	jetstream/errors.go:136	implemented	ConsumerNotFound	present	lib/nats/io/jetstream/errors.rb:104	Error::ConsumerNotFound (10014)
jetstream-ops	jetstream.ErrConsumerResetResponseEmpty	error	&jsError{message: "consumer reset response is empty"}	jetstream/errors.go:160	implemented	ConsumerResetResponseEmpty	missing	-	no empty-response check on reset
jetstream-ops	jetstream.ErrDigestMismatch	error	&jsError{message: "received a corrupt object, digests do not match"}	jetstream/errors.go:465	implemented	DigestMismatch	missing	-	no Object Store in nats-pure
jetstream-ops	jetstream.ErrDuplicateFilterSubjects	error	&jsError{apiErr: &APIError{ErrorCode: JSErrCodeDuplicateFilterSubjects, Description: "consumer cannot have both FilterSu	jetstream/errors.go:185	implemented	DuplicateFilterSubjects	partial	lib/nats/io/jetstream/js.rb:236	generic APIError subclass (BadRequest/ServerError/ServiceUnavailable) carrying err_code; no dedicated class (10136)
jetstream-ops	jetstream.ErrEmptyFilter	error	&jsError{apiErr: &APIError{ErrorCode: JSErrCodeConsumerEmptyFilter, Description: "consumer filter in FilterSubjects cann	jetstream/errors.go:192	implemented	EmptyFilter	partial	lib/nats/io/jetstream/js.rb:236	generic APIError subclass (BadRequest/ServerError/ServiceUnavailable) carrying err_code; no dedicated class (10139)
jetstream-ops	jetstream.ErrEndOfData	error	&jsError{message: "end of data reached"}	jetstream/errors.go:312	planned		missing	-	no listers/iterators that signal end of data
jetstream-ops	jetstream.ErrHandlerRequired	error	&jsError{message: "handler cannot be empty"}	jetstream/errors.go:308	implemented	HandlerRequired	missing	-	no Consume; js.subscribe callback is optional
jetstream-ops	jetstream.ErrHistoryTooLarge	error	&jsError{message: "history limited to a max of 64"}	jetstream/errors.go:436	implemented	HistoryTooLarge	present	lib/nats/io/kv/errors.rb:71	KeyValue::KeyHistoryTooLargeError (KV create)
jetstream-ops	jetstream.ErrInvalidConsumerName	error	&jsError{message: "invalid consumer name"}	jetstream/errors.go:279	implemented	InvalidConsumerName	present	lib/nats/io/jetstream/errors.rb:41	Error::InvalidConsumerName (+ InvalidDurableName)
jetstream-ops	jetstream.ErrInvalidDigestFormat	error	&jsError{message: "object digest hash has invalid format"}	jetstream/errors.go:469	implemented	InvalidDigestFormat	missing	-	no Object Store in nats-pure
jetstream-ops	jetstream.ErrInvalidJSAck	error	&jsError{message: "invalid jetstream publish response"}	jetstream/errors.go:253	implemented	InvalidJSAck	partial	lib/nats/io/jetstream/errors.rb:28	Error::InvalidJSAck class defined but never raised; PubAck not validated
jetstream-ops	jetstream.ErrInvalidJetStreamResponse	error	&jsError{message: "invalid jetstream api response"}	jetstream/errors.go:147	implemented	InvalidJetStreamResponse	missing	-	malformed API replies surface as JSON::ParserError/NoMethodError
jetstream-ops	jetstream.ErrInvalidOption	error	&jsError{message: "invalid jetstream option"}	jetstream/errors.go:343	implemented	InvalidOption	present	lib/nats/io/jetstream.rb:114	invalid options raise ArgumentError (ttl, schedule, fetch minimums, seq)
jetstream-ops	jetstream.ErrInvalidStoreName	error	&jsError{message: "invalid object-store name"}	jetstream/errors.go:462	implemented	InvalidStoreName	missing	-	no Object Store in nats-pure
jetstream-ops	jetstream.ErrInvalidStreamName	error	&jsError{message: "invalid stream name"}	jetstream/errors.go:272	implemented	InvalidStreamName	present	lib/nats/io/jetstream/errors.rb:38	Error::InvalidStreamName; add_stream raises ArgumentError for bad chars
jetstream-ops	jetstream.ErrInvalidSubject	error	&jsError{message: "invalid subject name"}	jetstream/errors.go:275	implemented	InvalidSubject	missing	-	no subject validation error
jetstream-ops	jetstream.ErrJetStreamNotEnabled	error	&jsError{apiErr: &APIError{ErrorCode: JSErrCodeJetStreamNotEnabled, Description: "jetstream not enabled", Code: 503}}	jetstream/errors.go:95	implemented	JetStreamNotEnabled	partial	lib/nats/io/jetstream/errors.rb:71	surfaces as Error::ServiceUnavailable (503); no dedicated class
jetstream-ops	jetstream.ErrJetStreamNotEnabledForAccount	error	&jsError{apiErr: &APIError{ErrorCode: JSErrCodeJetStreamNotEnabledForAccount, Description: "jetstream not enabled for ac	jetstream/errors.go:99	implemented	JetStreamNotEnabledForAccount	partial	lib/nats/io/jetstream/errors.rb:71	surfaces as ServiceUnavailable (503, err_code 10039); no dedicated class
jetstream-ops	jetstream.ErrJetStreamPublisherClosed	error	&jsError{message: "jetstream context closed"}	jetstream/errors.go:378	implemented	JetStreamPublisherClosed	missing	-	no async publisher
jetstream-ops	jetstream.ErrLimitMarkerTTLNotSupported	error	&jsError{message: "limit marker TTLs not supported by server"}	jetstream/errors.go:447	implemented	LimitMarkerTTLNotSupported	missing	-	no client check that server honored subject_delete_marker_ttl
jetstream-ops	jetstream.ErrMaxBytesExceeded	error	&jsError{message: "message size exceeds max bytes"}	jetstream/errors.go:291	implemented	MaxBytesExceeded	missing	-	no FetchBytes / max_bytes pulls
jetstream-ops	jetstream.ErrMaximumConsumersLimit	error	&jsError{apiErr: &APIError{ErrorCode: JSErrCodeMaximumConsumersLimit, Description: "maximum consumers limit reached", Co	jetstream/errors.go:181	implemented	MaximumConsumersLimit	partial	lib/nats/io/jetstream/js.rb:236	generic APIError subclass (BadRequest/ServerError/ServiceUnavailable) carrying err_code; no dedicated class (10026)
jetstream-ops	jetstream.ErrMessageSchedulesDisabled	error	&jsError{apiErr: &APIError{ErrorCode: JSErrCodeMessageSchedulesDisabled, Description: "message schedules is disabled", C	jetstream/errors.go:204	implemented	MessageSchedulesDisabled	partial	lib/nats/io/jetstream/js.rb:236	generic APIError subclass (BadRequest/ServerError/ServiceUnavailable) carrying err_code; no dedicated class
jetstream-ops	jetstream.ErrMirrorWithMsgSchedules	error	&jsError{apiErr: &APIError{ErrorCode: JSErrCodeMirrorWithMsgSchedules, Description: "stream mirrors can not also schedul	jetstream/errors.go:220	implemented	MirrorWithMsgSchedules	partial	lib/nats/io/jetstream/js.rb:236	generic APIError subclass (BadRequest/ServerError/ServiceUnavailable) carrying err_code; no dedicated class
jetstream-ops	jetstream.ErrMsgAlreadyAckd	error	&jsError{message: "message was already acknowledged"}	jetstream/errors.go:260	implemented	MsgAlreadyAckd	present	lib/nats/io/jetstream/errors.rb:31	Error::MsgAlreadyAckd
jetstream-ops	jetstream.ErrMsgDeleteUnsuccessful	error	&jsError{message: "message deletion unsuccessful"}	jetstream/errors.go:332	implemented	MsgDeleteUnsuccessful	missing	-	no delete_msg
jetstream-ops	jetstream.ErrMsgIteratorClosed	error	&jsError{message: "messages iterator closed"}	jetstream/errors.go:347	implemented	MsgIteratorClosed	missing	-	no Messages iterator
jetstream-ops	jetstream.ErrMsgNoReply	error	&jsError{message: "message does not have a reply"}	jetstream/errors.go:328	implemented	MsgNoReply	missing	-	ack on msg without reply not checked
jetstream-ops	jetstream.ErrMsgNotBound	error	&jsError{message: "message is not bound to subscription/connection"}	jetstream/errors.go:324	implemented	MsgNotBound	missing	-	ack on msg without sub fails with NoMethodError
jetstream-ops	jetstream.ErrMsgNotFound	error	&jsError{apiErr: &APIError{ErrorCode: JSErrCodeMessageNotFound, Description: "message not found", Code: 404}}	jetstream/errors.go:170	implemented	MsgNotFound	partial	lib/nats/io/jetstream/errors.rb:89	get_msg raises generic Error::NotFound (404); no MsgNotFound class
jetstream-ops	jetstream.ErrNameRequired	error	&jsError{message: "name is required"}	jetstream/errors.go:479	implemented	NameRequired	partial	lib/nats/io/jetstream/manager.rb:60	ArgumentError ':name is required'; no dedicated error
jetstream-ops	jetstream.ErrNoHeartbeat	error	&jsError{message: "no heartbeat received"}	jetstream/errors.go:316	implemented	NoHeartbeat	missing	-	no heartbeat monitoring on pull/push consumers (KV watch only)
jetstream-ops	jetstream.ErrNoMessages	error	&jsError{message: "no messages"}	jetstream/errors.go:283	implemented	NoMessages	partial	lib/nats/io/jetstream/pull_subscription.rb:154	fetch raises NATS::Timeout when none; no_wait returns []; no NoMessages error
jetstream-ops	jetstream.ErrNoStreamResponse	error	&jsError{message: "no response from stream"}	jetstream/errors.go:264	implemented	NoStreamResponse	present	lib/nats/io/jetstream/errors.rb:22	Error::NoStreamResponse
jetstream-ops	jetstream.ErrNotJSMessage	error	&jsError{message: "not a jetstream message"}	jetstream/errors.go:268	implemented	NotJSMessage	present	lib/nats/io/jetstream/errors.rb:35	Error::NotJSMessage
jetstream-ops	jetstream.ErrNotPullConsumer	error	&jsError{message: "consumer is not a pull consumer"}	jetstream/errors.go:241	implemented	NotPullConsumer	missing	-	pull_subscribe does not check consumer type
jetstream-ops	jetstream.ErrNotPushConsumer	error	&jsError{message: "consumer is not a push consumer"}	jetstream/errors.go:245	implemented	NotPushConsumer	missing	-	subscribe does not check consumer type
jetstream-ops	jetstream.ErrOrderConsumerUsedAsConsume	error	&jsError{message: "ordered consumer initialized as consume"}	jetstream/errors.go:367	implemented	OrderConsumerUsedAsConsume	missing	-	no ordered consumer
jetstream-ops	jetstream.ErrOrderConsumerUsedAsFetch	error	&jsError{message: "ordered consumer initialized as fetch"}	jetstream/errors.go:363	implemented	OrderConsumerUsedAsFetch	missing	-	no ordered consumer
jetstream-ops	jetstream.ErrOrderedConsumerConcurrentRequests	error	&jsError{message: "cannot run concurrent processing using ordered consumer"}	jetstream/errors.go:371	implemented	OrderedConsumerConcurrentRequests	missing	-	no ordered consumer
jetstream-ops	jetstream.ErrOrderedConsumerNotCreated	error	&jsError{message: "consumer instance not yet created"}	jetstream/errors.go:375	implemented	OrderedConsumerNotCreated	missing	-	no ordered consumer
jetstream-ops	jetstream.ErrOrderedConsumerReset	error	&jsError{message: "recreating ordered consumer"}	jetstream/errors.go:359	implemented	OrderedConsumerReset	missing	-	no ordered consumer
jetstream-ops	jetstream.ErrOverlappingFilterSubjects	error	&jsError{apiErr: &APIError{ErrorCode: JSErrCodeOverlappingFilterSubjects, Description: "consumer subject filters cannot 	jetstream/errors.go:189	implemented	OverlappingFilterSubjects	partial	lib/nats/io/jetstream/js.rb:236	generic APIError subclass (BadRequest/ServerError/ServiceUnavailable) carrying err_code; no dedicated class
jetstream-ops	jetstream.ErrPinIDMismatch	error	&jsError{message: "pin ID mismatch"}	jetstream/errors.go:287	implemented	PinIDMismatch	present	lib/nats/io/jetstream/errors.rb:137	Error::PinIdMismatch (423)
jetstream-ops	jetstream.ErrSchedulePatternInvalid	error	&jsError{apiErr: &APIError{ErrorCode: JSErrCodeSchedulePatternInvalid, Description: "message schedules pattern is invali	jetstream/errors.go:200	implemented	SchedulePatternInvalid	partial	lib/nats/io/jetstream.rb:398	client raises ArgumentError before send; server error is generic APIError with err_code
jetstream-ops	jetstream.ErrScheduleRollupInvalid	error	&jsError{apiErr: &APIError{ErrorCode: JSErrCodeScheduleRollupInvalid, Description: "message schedules invalid rollup", C	jetstream/errors.go:216	implemented	ScheduleRollupInvalid	partial	lib/nats/io/jetstream.rb:398	client raises ArgumentError before send; server error is generic APIError with err_code
jetstream-ops	jetstream.ErrScheduleSourceInvalid	error	&jsError{apiErr: &APIError{ErrorCode: JSErrCodeScheduleSourceInvalid, Description: "message schedules source is invalid"	jetstream/errors.go:208	implemented	ScheduleSourceInvalid	partial	lib/nats/io/jetstream.rb:398	client raises ArgumentError before send; server error is generic APIError with err_code
jetstream-ops	jetstream.ErrScheduleTTLInvalid	error	&jsError{apiErr: &APIError{ErrorCode: JSErrCodeScheduleTTLInvalid, Description: "message schedules invalid per-message T	jetstream/errors.go:212	implemented	ScheduleTTLInvalid	partial	lib/nats/io/jetstream.rb:398	client raises ArgumentError before send; server error is generic APIError with err_code
jetstream-ops	jetstream.ErrScheduleTargetInvalid	error	&jsError{apiErr: &APIError{ErrorCode: JSErrCodeScheduleTargetInvalid, Description: "message schedules target is invalid"	jetstream/errors.go:196	implemented	ScheduleTargetInvalid	partial	lib/nats/io/jetstream.rb:398	client raises ArgumentError before send; server error is generic APIError with err_code
jetstream-ops	jetstream.ErrServerShutdown	error	&jsError{message: "server shutdown"}	jetstream/errors.go:355	implemented	ServerShutdown	partial	lib/nats/io/jetstream/js.rb:225	409 Server Shutdown pull status raised as generic API::Error
jetstream-ops	jetstream.ErrSourceWithMsgSchedules	error	&jsError{apiErr: &APIError{ErrorCode: JSErrCodeSourceWithMsgSchedules, Description: "stream source can not also schedule	jetstream/errors.go:224	implemented	SourceWithMsgSchedules	partial	lib/nats/io/jetstream/js.rb:236	generic APIError subclass (BadRequest/ServerError/ServiceUnavailable) carrying err_code; no dedicated class
jetstream-ops	jetstream.ErrStreamNameAlreadyInUse	error	&jsError{apiErr: &APIError{ErrorCode: JSErrCodeStreamNameInUse, Description: "stream name already in use", Code: 400}}	jetstream/errors.go:107	implemented	StreamNameAlreadyInUse	partial	lib/nats/io/jetstream/js.rb:236	generic APIError subclass (BadRequest/ServerError/ServiceUnavailable) carrying err_code; no dedicated class (10058)
jetstream-ops	jetstream.ErrStreamNameRequired	error	&jsError{message: "stream name is required"}	jetstream/errors.go:256	implemented	StreamNameRequired	present	lib/nats/io/jetstream/manager.rb:60	ArgumentError ':name is required'; InvalidStreamName for nil/empty names
jetstream-ops	jetstream.ErrStreamNotFound	error	&jsError{apiErr: &APIError{ErrorCode: JSErrCodeStreamNotFound, Description: "stream not found", Code: 404}}	jetstream/errors.go:103	implemented	StreamNotFound	present	lib/nats/io/jetstream/errors.rb:97	Error::StreamNotFound (10059)
jetstream-ops	jetstream.ErrStreamSourceMultipleFilterSubjectsNotSupported	error	&jsError{message: "stream sourcing with multiple subject filters not supported by nats-server"}	jetstream/errors.go:132	implemented	StreamSourceMultipleFilterSubjectsNotSupported	missing	-	no client check that server honored sources/subject transforms
jetstream-ops	jetstream.ErrStreamSourceNotSupported	error	&jsError{message: "stream sourcing is not supported by nats-server"}	jetstream/errors.go:126	implemented	StreamSourceNotSupported	missing	-	no client check that server honored sources/subject transforms
jetstream-ops	jetstream.ErrStreamSourceSubjectTransformNotSupported	error	&jsError{message: "stream subject transformation not supported by nats-server"}	jetstream/errors.go:120	implemented	StreamSourceSubjectTransformNotSupported	missing	-	no client check that server honored sources/subject transforms
jetstream-ops	jetstream.ErrStreamSubjectTransformNotSupported	error	&jsError{message: "stream subject transformation not supported by nats-server"}	jetstream/errors.go:113	implemented	StreamSubjectTransformNotSupported	missing	-	no client check that server honored sources/subject transforms
jetstream-ops	jetstream.ErrTTLOnDeleteNotSupported	error	&jsError{message: "TTL is not supported on delete"}	jetstream/errors.go:443	implemented	TTLOnDeleteNotSupported	missing	-	no per-delete TTL (KV delete marker TTL) support
jetstream-ops	jetstream.ErrTooManyStalledMsgs	error	&jsError{message: "stalled with too many outstanding async published messages"}	jetstream/errors.go:340	implemented	TooManyStalledMsgs	missing	-	no async publish
jetstream-ops	jetstream.FetchContext	constructor	func(ctx context.Context) FetchOpt	jetstream/jetstream_options.go:559	implemented	JetStream.fetch_context	partial	lib/nats/io/jetstream/pull_subscription.rb:116	no cancellation context; fetch only takes :timeout
jetstream-ops	jetstream.FetchHeartbeat	constructor	func(hb time.Duration) FetchOpt	jetstream/jetstream_options.go:546	implemented	JetStream.fetch_heartbeat	missing	lib/nats/io/jetstream/js.rb:178	pull request sends no idle_heartbeat
jetstream-ops	jetstream.FetchMaxWait	constructor	func(timeout time.Duration) FetchOpt	jetstream/jetstream_options.go:527	implemented	JetStream.fetch_max_wait	present	lib/nats/io/jetstream/pull_subscription.rb:116	fetch(timeout:)
jetstream-ops	jetstream.FetchMinAckPending	constructor	func(min int64) FetchOpt	jetstream/jetstream_options.go:492	implemented	JetStream.fetch_min_ack_pending	present	lib/nats/io/jetstream/pull_subscription.rb:116	fetch(min_ack_pending:)
jetstream-ops	jetstream.FetchMinPending	constructor	func(min int64) FetchOpt	jetstream/jetstream_options.go:478	implemented	JetStream.fetch_min_pending	present	lib/nats/io/jetstream/pull_subscription.rb:116	fetch(min_pending:)
jetstream-ops	jetstream.FetchPrioritized	constructor	func(priority uint8) FetchOpt	jetstream/jetstream_options.go:508	implemented	JetStream.fetch_prioritized	present	lib/nats/io/jetstream/pull_subscription.rb:116	fetch(priority:)
jetstream-ops	jetstream.FetchPriorityGroup	constructor	func(group string) FetchOpt	jetstream/jetstream_options.go:517	implemented	JetStream.fetch_priority_group	present	lib/nats/io/jetstream/pull_subscription.rb:116	fetch(group:)
jetstream-ops	jetstream.IncludeHistory	constructor	func() WatchOpt	jetstream/kv_options.go:29	implemented	JetStream.include_history	present	lib/nats/io/kv.rb:265	KV watch(keys, include_history: true)
jetstream-ops	jetstream.JetStream.AccountInfo	method	func(ctx context.Context) (*AccountInfo, error)	jetstream/jetstream.go:51	implemented	Context#account_info	present	lib/nats/io/jetstream/manager.rb:336	account_info returns raw Hash (no typed struct, no timeout param)
jetstream-ops	jetstream.JetStream.Conn	method	func() *nats.Conn	jetstream/jetstream.go:54	planned		present	lib/nats/io/jetstream.rb:36	js.nc attr_reader
jetstream-ops	jetstream.JetStream.Options	method	func() JetStreamOptions	jetstream/jetstream.go:58	planned		present	lib/nats/io/jetstream.rb:36	js.opts Hash (prefix, domain, timeout)
jetstream-ops	jetstream.JetStreamError.APIError	method	func() *APIError	jetstream/errors.go:25	planned		present	lib/nats/io/jetstream/errors.rb:44	API errors are APIError subclasses exposing code/err_code/description
jetstream-ops	jetstream.LastRevision	constructor	func(revision uint64) KVDeleteOpt	jetstream/kv_options.go:98	implemented	JetStream.last_revision	present	lib/nats/io/kv.rb:173	KV delete(key, last: rev)
jetstream-ops	jetstream.MessageBatch.Error	method	func() error	jetstream/pull.go:161	implemented	MessageBatch#error	partial	lib/nats/io/jetstream/pull_subscription.rb:197	no batch error: errors raised before msgs, or silently dropped once some msgs fetched
jetstream-ops	jetstream.MessageBatch.Messages	method	func() <-chan Msg	jetstream/pull.go:160	implemented	MessageBatch#messages	present	lib/nats/io/jetstream/pull_subscription.rb:116	fetch returns Array; block form yields each msg as it arrives
jetstream-ops	jetstream.MessagesContext.Drain	method	func()	jetstream/pull.go:52	implemented	MessagesContext#drain	missing	-	no Messages iterator
jetstream-ops	jetstream.MessagesContext.Next	method	func(opts ...NextOpt) (Msg, error)	jetstream/pull.go:41	implemented	MessagesContext#next	missing	-	no Messages iterator
jetstream-ops	jetstream.MessagesContext.Stop	method	func()	jetstream/pull.go:46	implemented	MessagesContext#stop	missing	-	no Messages iterator
jetstream-ops	jetstream.Msg.Ack	method	func() error	jetstream/message.go:53	implemented	JetStreamMsg#ack	present	lib/nats/io/jetstream/msg/ack_methods.rb:21	msg.ack (fire-and-forget; with timeout: it requests)
jetstream-ops	jetstream.Msg.Data	method	func() []byte	jetstream/message.go:40	implemented	JetStreamMsg#data	present	lib/nats/io/msg.rb	NATS::Msg#data
jetstream-ops	jetstream.Msg.DoubleAck	method	func(context.Context) error	jetstream/message.go:58	implemented	JetStreamMsg#double_ack	present	lib/nats/io/jetstream/msg/ack_methods.rb:34	msg.ack_sync(timeout:)
jetstream-ops	jetstream.Msg.Headers	method	func() nats.Header	jetstream/message.go:43	implemented	JetStreamMsg#headers	present	lib/nats/io/msg.rb	NATS::Msg#header (Hash)
jetstream-ops	jetstream.Msg.InProgress	method	func() error	jetstream/message.go:74	implemented	JetStreamMsg#in_progress	present	lib/nats/io/jetstream/msg/ack_methods.rb:80	msg.in_progress
jetstream-ops	jetstream.Msg.Metadata	method	func() (*MsgMetadata, error)	jetstream/message.go:37	implemented	JetStreamMsg#metadata	present	lib/nats/io/jetstream/msg/ack_methods.rb:84	msg.metadata: sequence, num_delivered, num_pending, timestamp, stream, consumer, domain
jetstream-ops	jetstream.Msg.Nak	method	func() error	jetstream/message.go:66	implemented	JetStreamMsg#nak	present	lib/nats/io/jetstream/msg/ack_methods.rb:44	msg.nak
jetstream-ops	jetstream.Msg.NakWithDelay	method	func(delay time.Duration) error	jetstream/message.go:70	implemented	JetStreamMsg#nak_with_delay	present	lib/nats/io/jetstream/msg/ack_methods.rb:44	msg.nak(delay:) — delay passed raw (nanoseconds), not a duration type
jetstream-ops	jetstream.Msg.Reply	method	func() string	jetstream/message.go:49	implemented	JetStreamMsg#reply	present	lib/nats/io/msg.rb	NATS::Msg#reply
jetstream-ops	jetstream.Msg.Subject	method	func() string	jetstream/message.go:46	implemented	JetStreamMsg#subject	present	lib/nats/io/msg.rb	NATS::Msg#subject
jetstream-ops	jetstream.Msg.Term	method	func() error	jetstream/message.go:78	implemented	JetStreamMsg#term	present	lib/nats/io/jetstream/msg/ack_methods.rb:65	msg.term
jetstream-ops	jetstream.Msg.TermWithReason	method	func(reason string) error	jetstream/message.go:87	implemented	JetStreamMsg#term_with_reason	present	lib/nats/io/jetstream/msg/ack_methods.rb:65	msg.term(reason:)
jetstream-ops	jetstream.New	function	func(nc *nats.Conn, opts ...JetStreamOpt) (JetStream, error)	jetstream/jetstream.go:471	implemented	JetStream.new	present	lib/nats/io/client.rb:860	nc.jetstream / NATS::JetStream.new(nc, opts)
jetstream-ops	jetstream.NewWithAPIPrefix	function	func(nc *nats.Conn, apiPrefix string, opts ...JetStreamOpt) (JetStream, error)	jetstream/jetstream.go:518	implemented	JetStream.new_with_api_prefix	present	lib/nats/io/jetstream.rb:45	jetstream(prefix:)
jetstream-ops	jetstream.NewWithDomain	function	func(nc *nats.Conn, domain string, opts ...JetStreamOpt) (JetStream, error)	jetstream/jetstream.go:557	implemented	JetStream.new_with_domain	present	lib/nats/io/jetstream.rb:45	jetstream(domain:)
jetstream-ops	jetstream.NextContext	constructor	func(ctx context.Context) NextOpt	jetstream/jetstream_options.go:860	implemented	JetStream.next_context	partial	lib/nats/io/jetstream/pull_subscription.rb:116	no cancellation context; fetch(1, timeout:) only
jetstream-ops	jetstream.NextMaxWait	constructor	func(timeout time.Duration) NextOpt	jetstream/jetstream_options.go:852	implemented	JetStream.next_max_wait	present	lib/nats/io/jetstream/pull_subscription.rb:116	fetch(1, timeout:)
jetstream-ops	jetstream.PersistModeType.MarshalJSON	method	func() ([]byte, error)	jetstream/stream_config.go:703	planned		n/a	-	policies/enums are plain Strings in Struct members/hashes; no typed enum JSON (un)marshal
jetstream-ops	jetstream.PersistModeType.String	method	func() string	jetstream/stream_config.go:692	planned		n/a	-	policies/enums are plain Strings in Struct members/hashes; no typed enum JSON (un)marshal
jetstream-ops	jetstream.PersistModeType.UnmarshalJSON	method	func(data []byte) error	jetstream/stream_config.go:714	planned		n/a	-	policies/enums are plain Strings in Struct members/hashes; no typed enum JSON (un)marshal
jetstream-ops	jetstream.PriorityPolicy.MarshalJSON	method	func() ([]byte, error)	jetstream/consumer_config.go:394	planned		n/a	-	policies/enums are plain Strings in Struct members/hashes; no typed enum JSON (un)marshal
jetstream-ops	jetstream.PriorityPolicy.UnmarshalJSON	method	func(data []byte) error	jetstream/consumer_config.go:378	planned		n/a	-	policies/enums are plain Strings in Struct members/hashes; no typed enum JSON (un)marshal
jetstream-ops	jetstream.PubAckFuture.Err	method	func() <-chan error	jetstream/publish.go:80	implemented	PubAckFuture#err	missing	-	no async publish / futures
jetstream-ops	jetstream.PubAckFuture.Msg	method	func() *nats.Msg	jetstream/publish.go:83	implemented	PubAckFuture#msg	missing	-	no async publish / futures
jetstream-ops	jetstream.PubAckFuture.Ok	method	func() <-chan *PubAck	jetstream/publish.go:77	implemented	PubAckFuture#ok	missing	-	no async publish / futures
jetstream-ops	jetstream.Publisher.CleanupPublisher	method	func()	jetstream/jetstream.go:124	implemented	Context#cleanup_publisher	missing	-	no async publisher state
jetstream-ops	jetstream.Publisher.Publish	method	func(ctx context.Context, subject string, payload []byte, opts ...PublishOpt) (*PubAck, error)	jetstream/jetstream.go:74	implemented	Context#publish	present	lib/nats/io/jetstream.rb:120	js.publish(subject, payload, **opts) -> PubAck
jetstream-ops	jetstream.Publisher.PublishAsync	method	func(subject string, payload []byte, opts ...PublishOpt) (PubAckFuture, error)	jetstream/jetstream.go:90	implemented	Context#publish_async	missing	-	no async publish
jetstream-ops	jetstream.Publisher.PublishAsyncComplete	method	func() <-chan struct{}	jetstream/jetstream.go:111	implemented	Context#publish_async_complete	missing	-	no async publish
jetstream-ops	jetstream.Publisher.PublishAsyncPending	method	func() int	jetstream/jetstream.go:106	implemented	Context#publish_async_pending	missing	-	no async publish
jetstream-ops	jetstream.Publisher.PublishMsg	method	func(ctx context.Context, msg *nats.Msg, opts ...PublishOpt) (*PubAck, error)	jetstream/jetstream.go:79	implemented	Context#publish_msg	present	lib/nats/io/jetstream.rb:120	js.publish(subject, payload, header:); no NATS::Msg-object overload
jetstream-ops	jetstream.Publisher.PublishMsgAsync	method	func(msg *nats.Msg, opts ...PublishOpt) (PubAckFuture, error)	jetstream/jetstream.go:101	implemented	Context#publish_msg_async	missing	-	no async publish
jetstream-ops	jetstream.PullMaxMessagesWithBytesLimit	constructor	func(maxMessages, byteLimit int) pullMaxMessagesWithBytesLimit	jetstream/jetstream_options.go:182	implemented	JetStream.pull_max_messages_with_bytes_limit	missing	-	no Consume/Messages buffering options
jetstream-ops	jetstream.PushConsumer.CachedInfo	method	func() *ConsumerInfo	jetstream/consumer.go:177	implemented	PushConsumer#cached_info	missing	-	no PushConsumer handle caching info
jetstream-ops	jetstream.PushConsumer.Consume	method	func(handler MessageHandler, opts ...PushConsumeOpt) (ConsumeContext, error)	jetstream/consumer.go:171	implemented	PushConsumer#consume	partial	lib/nats/io/jetstream.rb:160	js.subscribe(subj){cb}: auto-acks unless manual_ack; no heartbeat monitoring or flow-control replies
jetstream-ops	jetstream.PushConsumer.Info	method	func(context.Context) (*ConsumerInfo, error)	jetstream/consumer.go:174	implemented	PushConsumer#info	present	lib/nats/io/jetstream/push_subscription.rb:18	PushSubscription#consumer_info
jetstream-ops	jetstream.ReplayPolicy.MarshalJSON	method	func() ([]byte, error)	jetstream/consumer_config.go:575	planned		n/a	-	policies/enums are plain Strings in Struct members/hashes; no typed enum JSON (un)marshal
jetstream-ops	jetstream.ReplayPolicy.String	method	func() string	jetstream/consumer_config.go:585	planned		n/a	-	policies/enums are plain Strings in Struct members/hashes; no typed enum JSON (un)marshal
jetstream-ops	jetstream.ReplayPolicy.UnmarshalJSON	method	func(data []byte) error	jetstream/consumer_config.go:563	planned		n/a	-	policies/enums are plain Strings in Struct members/hashes; no typed enum JSON (un)marshal
jetstream-ops	jetstream.ResumeFromRevision	constructor	func(revision uint64) WatchOpt	jetstream/kv_options.go:70	implemented	JetStream.resume_from_revision	missing	lib/nats/io/kv.rb:265	KV watch has no resume-from-revision option
jetstream-ops	jetstream.RetentionPolicy.MarshalJSON	method	func() ([]byte, error)	jetstream/stream_config.go:631	planned		n/a	-	policies/enums are plain Strings in Struct members/hashes; no typed enum JSON (un)marshal
jetstream-ops	jetstream.RetentionPolicy.String	method	func() string	jetstream/stream_config.go:618	planned		n/a	-	policies/enums are plain Strings in Struct members/hashes; no typed enum JSON (un)marshal
jetstream-ops	jetstream.RetentionPolicy.UnmarshalJSON	method	func(data []byte) error	jetstream/stream_config.go:644	planned		n/a	-	policies/enums are plain Strings in Struct members/hashes; no typed enum JSON (un)marshal
jetstream-ops	jetstream.StorageType.MarshalJSON	method	func() ([]byte, error)	jetstream/stream_config.go:749	planned		n/a	-	policies/enums are plain Strings in Struct members/hashes; no typed enum JSON (un)marshal
jetstream-ops	jetstream.StorageType.String	method	func() string	jetstream/stream_config.go:738	planned		n/a	-	policies/enums are plain Strings in Struct members/hashes; no typed enum JSON (un)marshal
jetstream-ops	jetstream.StorageType.UnmarshalJSON	method	func(data []byte) error	jetstream/stream_config.go:760	planned		n/a	-	policies/enums are plain Strings in Struct members/hashes; no typed enum JSON (un)marshal
jetstream-ops	jetstream.StoreCompression.MarshalJSON	method	func() ([]byte, error)	jetstream/stream_config.go:795	planned		n/a	-	policies/enums are plain Strings in Struct members/hashes; no typed enum JSON (un)marshal
jetstream-ops	jetstream.StoreCompression.String	method	func() string	jetstream/stream_config.go:784	planned		n/a	-	policies/enums are plain Strings in Struct members/hashes; no typed enum JSON (un)marshal
jetstream-ops	jetstream.StoreCompression.UnmarshalJSON	method	func(b []byte) error	jetstream/stream_config.go:808	planned		n/a	-	policies/enums are plain Strings in Struct members/hashes; no typed enum JSON (un)marshal
jetstream-ops	jetstream.Stream.CachedInfo	method	func() *StreamInfo	jetstream/stream.go:41	implemented	Stream#cached_info	missing	-	no Stream handle
jetstream-ops	jetstream.Stream.DeleteMsg	method	func(ctx context.Context, seq uint64) error	jetstream/stream.go:56	implemented	Stream#delete_msg	missing	-	no STREAM.MSG.DELETE API
jetstream-ops	jetstream.Stream.GetLastMsgForSubject	method	func(ctx context.Context, subject string) (*RawStreamMsg, error)	jetstream/stream.go:52	implemented	Stream#get_last_msg_for_subject	present	lib/nats/io/jetstream/manager.rb:331	get_last_msg(stream, subject, direct:)
jetstream-ops	jetstream.Stream.GetMsg	method	func(ctx context.Context, seq uint64, opts ...GetMsgOpt) (*RawStreamMsg, error)	jetstream/stream.go:48	implemented	Stream#get_msg	present	lib/nats/io/jetstream/manager.rb:300	get_msg(stream, seq:, subject:, next:, direct:) -> RawStreamMsg
jetstream-ops	jetstream.Stream.Info	method	func(ctx context.Context, opts ...StreamInfoOpt) (*StreamInfo, error)	jetstream/stream.go:36	implemented	Stream#info	partial	lib/nats/io/jetstream/manager.rb:73	stream_info(name) only; no subjects_filter/deleted_details options
jetstream-ops	jetstream.Stream.Purge	method	func(ctx context.Context, opts ...StreamPurgeOpt) error	jetstream/stream.go:45	implemented	Stream#purge	missing	-	no STREAM.PURGE API (filter/keep/seq)
jetstream-ops	jetstream.Stream.SecureDeleteMsg	method	func(ctx context.Context, seq uint64) error	jetstream/stream.go:61	implemented	Stream#secure_delete_msg	missing	-	no STREAM.MSG.DELETE API
jetstream-ops	jetstream.StreamConsumerManager.Consumer	method	func(ctx context.Context, stream string, consumer string) (Consumer, error)	jetstream/jetstream.go:204	implemented	Context#consumer	partial	lib/nats/io/jetstream.rb:310	bind via pull_subscribe(subj, durable, stream:); consumer_info for info; no Consumer handle
jetstream-ops	jetstream.StreamConsumerManager.CreateConsumer	method	func(ctx context.Context, stream string, cfg ConsumerConfig) (Consumer, error)	jetstream/jetstream.go:187	implemented	Context#create_consumer	present	lib/nats/io/jetstream/manager.rb:137	create_consumer(stream, cfg) -> ConsumerInfo
jetstream-ops	jetstream.StreamConsumerManager.CreateOrUpdateConsumer	method	func(ctx context.Context, stream string, cfg ConsumerConfig) (Consumer, error)	jetstream/jetstream.go:179	implemented	Context#create_or_update_consumer	present	lib/nats/io/jetstream/manager.rb:124	add_consumer(stream, cfg)
jetstream-ops	jetstream.StreamConsumerManager.CreateOrUpdatePushConsumer	method	func(ctx context.Context, stream string, cfg ConsumerConfig) (PushConsumer, error)	jetstream/jetstream.go:229	implemented	Context#create_or_update_push_consumer	present	lib/nats/io/jetstream/manager.rb:124	add_consumer with deliver_subject in config
jetstream-ops	jetstream.StreamConsumerManager.CreatePushConsumer	method	func(ctx context.Context, stream string, cfg ConsumerConfig) (PushConsumer, error)	jetstream/jetstream.go:237	implemented	Context#create_push_consumer	present	lib/nats/io/jetstream/manager.rb:137	create_consumer with deliver_subject in config
jetstream-ops	jetstream.StreamConsumerManager.DeleteConsumer	method	func(ctx context.Context, stream string, consumer string) error	jetstream/jetstream.go:208	implemented	Context#delete_consumer	present	lib/nats/io/jetstream/manager.rb:179	delete_consumer(stream, consumer)
jetstream-ops	jetstream.StreamConsumerManager.OrderedConsumer	method	func(ctx context.Context, stream string, cfg OrderedConsumerConfig) (Consumer, error)	jetstream/jetstream.go:199	implemented	Context#ordered_consumer	missing	-	no ordered consumer
jetstream-ops	jetstream.StreamConsumerManager.PauseConsumer	method	func(ctx context.Context, stream string, consumer string, pauseUntil time.Time) (*ConsumerPauseResponse, error)	jetstream/jetstream.go:211	implemented	Context#pause_consumer	present	lib/nats/io/jetstream/manager.rb:201	pause_consumer(stream, consumer, Time|RFC3339)
jetstream-ops	jetstream.StreamConsumerManager.PushConsumer	method	func(ctx context.Context, stream string, consumer string) (PushConsumer, error)	jetstream/jetstream.go:249	implemented	Context#push_consumer	present	lib/nats/io/jetstream.rb:160	js.subscribe(subj, durable:, stream:) binds existing push consumer
jetstream-ops	jetstream.StreamConsumerManager.ResetConsumer	method	func(ctx context.Context, stream, consumer string) (*ConsumerResetResponse, error)	jetstream/jetstream.go:218	implemented	Context#reset_consumer	present	lib/nats/io/jetstream/manager.rb:264	reset_consumer(stream, consumer)
jetstream-ops	jetstream.StreamConsumerManager.ResetConsumerToSequence	method	func(ctx context.Context, stream, consumer string, seq uint64) (*ConsumerResetResponse, error)	jetstream/jetstream.go:224	implemented	Context#reset_consumer_to_sequence	present	lib/nats/io/jetstream/manager.rb:264	reset_consumer(stream, consumer, seq:)
jetstream-ops	jetstream.StreamConsumerManager.ResumeConsumer	method	func(ctx context.Context, stream string, consumer string) (*ConsumerPauseResponse, error)	jetstream/jetstream.go:214	implemented	Context#resume_consumer	present	lib/nats/io/jetstream/manager.rb:217	resume_consumer(stream, consumer)
jetstream-ops	jetstream.StreamConsumerManager.UpdateConsumer	method	func(ctx context.Context, stream string, cfg ConsumerConfig) (Consumer, error)	jetstream/jetstream.go:192	implemented	Context#update_consumer	present	lib/nats/io/jetstream/manager.rb:154	update_consumer(stream, cfg)
jetstream-ops	jetstream.StreamConsumerManager.UpdatePushConsumer	method	func(ctx context.Context, stream string, cfg ConsumerConfig) (PushConsumer, error)	jetstream/jetstream.go:242	implemented	Context#update_push_consumer	present	lib/nats/io/jetstream/manager.rb:154	update_consumer with deliver_subject config
jetstream-ops	jetstream.StreamInfoLister.Err	method	func() error	jetstream/jetstream.go:413	planned		missing	-	no stream listing
jetstream-ops	jetstream.StreamInfoLister.Info	method	func() <-chan *StreamInfo	jetstream/jetstream.go:412	planned		missing	-	no STREAM.LIST API
jetstream-ops	jetstream.StreamManager.CreateOrUpdateStream	method	func(ctx context.Context, cfg StreamConfig) (Stream, error)	jetstream/jetstream.go:144	implemented	Context#create_or_update_stream	partial	lib/nats/io/jetstream/manager.rb:53	no single call: add_stream then update_stream on 10058
jetstream-ops	jetstream.StreamManager.CreateStream	method	func(ctx context.Context, cfg StreamConfig) (Stream, error)	jetstream/jetstream.go:136	implemented	Context#create_stream	present	lib/nats/io/jetstream/manager.rb:53	add_stream(config) -> StreamCreateResponse
jetstream-ops	jetstream.StreamManager.DeleteStream	method	func(ctx context.Context, stream string) error	jetstream/jetstream.go:157	implemented	Context#delete_stream	present	lib/nats/io/jetstream/manager.rb:109	delete_stream(name)
jetstream-ops	jetstream.StreamManager.ListStreams	method	func(context.Context, ...StreamListOpt) StreamInfoLister	jetstream/jetstream.go:161	implemented	Context#list_streams	missing	-	no STREAM.LIST API
jetstream-ops	jetstream.StreamManager.Stream	method	func(ctx context.Context, stream string) (Stream, error)	jetstream/jetstream.go:148	implemented	Context#stream	partial	lib/nats/io/jetstream/manager.rb:73	stream_info(name) returns StreamInfo; no Stream handle
jetstream-ops	jetstream.StreamManager.StreamNameBySubject	method	func(ctx context.Context, subject string) (string, error)	jetstream/jetstream.go:153	implemented	Context#stream_name_by_subject	present	lib/nats/io/jetstream/manager.rb:284	find_stream_name_by_subject(subject)
jetstream-ops	jetstream.StreamManager.StreamNames	method	func(context.Context, ...StreamListOpt) StreamNameLister	jetstream/jetstream.go:165	implemented	Context#stream_names	missing	lib/nats/io/jetstream/manager.rb:284	no general STREAM.NAMES listing (only by-subject lookup returning first)
jetstream-ops	jetstream.StreamManager.UpdateStream	method	func(ctx context.Context, cfg StreamConfig) (Stream, error)	jetstream/jetstream.go:140	implemented	Context#update_stream	present	lib/nats/io/jetstream/manager.rb:90	update_stream(config)
jetstream-ops	jetstream.StreamNameLister.Err	method	func() error	jetstream/jetstream.go:421	planned		missing	-	no stream name listing
jetstream-ops	jetstream.StreamNameLister.Name	method	func() <-chan string	jetstream/jetstream.go:420	planned		missing	-	no stream name listing
jetstream-ops	jetstream.UpdatesOnly	constructor	func() WatchOpt	jetstream/kv_options.go:41	implemented	JetStream.updates_only	missing	lib/nats/io/kv.rb:265	KV watch has no updates_only option
jetstream-ops	jetstream.WithClientTrace	constructor	func(ct *ClientTrace) JetStreamOpt	jetstream/jetstream_options.go:33	planned		missing	-	no request/response trace hooks for JS API
jetstream-ops	jetstream.WithDefaultTimeout	constructor	func(timeout time.Duration) JetStreamOpt	jetstream/jetstream_options.go:82	planned		present	lib/nats/io/jetstream.rb:55	jetstream(timeout:) default 5s
jetstream-ops	jetstream.WithExpectLastMsgID	constructor	func(id string) PublishOpt	jetstream/jetstream_options.go:678	implemented	JetStream.with_expect_last_msg_id	present	lib/nats/io/jetstream/header.rb:41	via header: with NATS::JetStream::Header constant; no dedicated option (EXPECTED_LAST_MSG_ID)
jetstream-ops	jetstream.WithExpectLastSequence	constructor	func(seq uint64) PublishOpt	jetstream/jetstream_options.go:642	implemented	JetStream.with_expect_last_sequence	present	lib/nats/io/jetstream/header.rb:34	via header: with NATS::JetStream::Header constant; no dedicated option (EXPECTED_LAST_SEQUENCE)
jetstream-ops	jetstream.WithExpectLastSequenceForSubject	constructor	func(seq uint64, subject string) PublishOpt	jetstream/jetstream_options.go:664	implemented	JetStream.with_expect_last_sequence_for_subject	present	lib/nats/io/jetstream/header.rb:39	via header: with NATS::JetStream::Header constant; no dedicated option (EXPECTED_LAST_SUBJECT_SEQUENCE + _SUBJECT)
jetstream-ops	jetstream.WithExpectLastSequencePerSubject	constructor	func(seq uint64) PublishOpt	jetstream/jetstream_options.go:653	implemented	JetStream.with_expect_last_sequence_per_subject	present	lib/nats/io/jetstream/header.rb:36	via header: with NATS::JetStream::Header constant; no dedicated option (EXPECTED_LAST_SUBJECT_SEQUENCE)
jetstream-ops	jetstream.WithExpectStream	constructor	func(stream string) PublishOpt	jetstream/jetstream_options.go:632	implemented	JetStream.with_expect_stream	present	lib/nats/io/jetstream.rb:124	js.publish(stream:)
jetstream-ops	jetstream.WithGetMsgSubject	constructor	func(subject string) GetMsgOpt	jetstream/jetstream_options.go:130	planned		present	lib/nats/io/jetstream/manager.rb:300	get_msg(stream, seq:, subject:, next: true) -> next_by_subj
jetstream-ops	jetstream.WithMessagesErrOnMissingHeartbeat	constructor	func(hbErr bool) PullMessagesOpt	jetstream/jetstream_options.go:467	implemented	JetStream.with_messages_err_on_missing_heartbeat	missing	-	no Messages iterator / heartbeat monitoring
jetstream-ops	jetstream.WithMsgID	constructor	func(id string) PublishOpt	jetstream/jetstream_options.go:613	implemented	JetStream.with_msg_id	present	lib/nats/io/jetstream/header.rb:30	via header: with NATS::JetStream::Header constant; no dedicated option (MSG_ID)
jetstream-ops	jetstream.WithMsgTTL	constructor	func(dur time.Duration) PublishOpt	jetstream/jetstream_options.go:622	implemented	JetStream.with_msg_ttl	present	lib/nats/io/jetstream.rb:125	js.publish(ttl: secs|:never); whole seconds only
jetstream-ops	jetstream.WithPublishAsyncAckHandler	constructor	func(cb MsgAckHandler) JetStreamOpt	jetstream/jetstream_options.go:51	implemented	JetStream.with_publish_async_ack_handler	missing	-	no async publish
jetstream-ops	jetstream.WithPublishAsyncErrHandler	constructor	func(cb MsgErrHandler) JetStreamOpt	jetstream/jetstream_options.go:41	implemented	JetStream.with_publish_async_err_handler	missing	-	no async publish
jetstream-ops	jetstream.WithPublishAsyncMaxPending	constructor	func(max int) JetStreamOpt	jetstream/jetstream_options.go:60	implemented	JetStream.with_publish_async_max_pending	missing	-	no async publish
jetstream-ops	jetstream.WithPublishAsyncTimeout	constructor	func(dur time.Duration) JetStreamOpt	jetstream/jetstream_options.go:72	implemented	JetStream.with_publish_async_timeout	missing	-	no async publish
jetstream-ops	jetstream.WithRetryAttempts	constructor	func(num int) PublishOpt	jetstream/jetstream_options.go:699	implemented	JetStream.with_retry_attempts	missing	lib/nats/io/jetstream.rb:142	no publish retry on no-responders; raises NoStreamResponse at once
jetstream-ops	jetstream.WithRetryWait	constructor	func(dur time.Duration) PublishOpt	jetstream/jetstream_options.go:687	implemented	JetStream.with_retry_wait	missing	lib/nats/io/jetstream.rb:142	no publish retry
jetstream-ops	jetstream.WithScheduleAt	constructor	func(t time.Time) PublishOpt	jetstream/jetstream_options.go:733	implemented	JetStream.with_schedule_at	present	lib/nats/io/jetstream.rb:398	publish(schedule: {at: Time, target:})
jetstream-ops	jetstream.WithScheduleCron	constructor	func(expr string) PublishOpt	jetstream/jetstream_options.go:758	implemented	JetStream.with_schedule_cron	present	lib/nats/io/jetstream.rb:398	publish(schedule: {cron:, target:})
jetstream-ops	jetstream.WithScheduleEvery	constructor	func(d time.Duration) PublishOpt	jetstream/jetstream_options.go:743	implemented	JetStream.with_schedule_every	present	lib/nats/io/jetstream.rb:398	publish(schedule: {every: secs, target:}); whole seconds only
jetstream-ops	jetstream.WithScheduleRollup	constructor	func() PublishOpt	jetstream/jetstream_options.go:837	implemented	JetStream.with_schedule_rollup	present	lib/nats/io/jetstream.rb:398	publish(schedule: {rollup: true})
jetstream-ops	jetstream.WithScheduleSource	constructor	func(subject string) PublishOpt	jetstream/jetstream_options.go:786	implemented	JetStream.with_schedule_source	present	lib/nats/io/jetstream.rb:398	publish(schedule: {source:})
jetstream-ops	jetstream.WithScheduleTTL	constructor	func(d time.Duration) PublishOpt	jetstream/jetstream_options.go:798	implemented	JetStream.with_schedule_ttl	present	lib/nats/io/jetstream.rb:398	publish(schedule: {ttl: secs})
jetstream-ops	jetstream.WithScheduleTTLNever	constructor	func() PublishOpt	jetstream/jetstream_options.go:811	implemented	JetStream.with_schedule_ttl_never	present	lib/nats/io/jetstream.rb:398	publish(schedule: {ttl: :never})
jetstream-ops	jetstream.WithScheduleTarget	constructor	func(subject string) PublishOpt	jetstream/jetstream_options.go:772	implemented	JetStream.with_schedule_target	present	lib/nats/io/jetstream.rb:398	publish(schedule: {target:})
jetstream-ops	jetstream.WithScheduleTimeZone	constructor	func(zone string) PublishOpt	jetstream/jetstream_options.go:823	implemented	JetStream.with_schedule_time_zone	present	lib/nats/io/jetstream.rb:398	publish(schedule: {cron:, time_zone:})
jetstream-ops	jetstream.WithStallWait	constructor	func(ttl time.Duration) PublishOpt	jetstream/jetstream_options.go:712	implemented	JetStream.with_stall_wait	missing	-	no async publish
jetstream-ops	jetstream.WithStreamListSubject	constructor	func(subject string) StreamListOpt	jetstream/jetstream_options.go:605	planned		missing	-	no stream listing
jetstream-ops	jetstream.WithSubjectFilter	constructor	func(subject string) StreamInfoOpt	jetstream/jetstream_options.go:595	planned		missing	lib/nats/io/jetstream/manager.rb:73	stream_info sends no subjects_filter; per-subject counts unavailable
jetstream-types	jetstream.APIError	type	struct	jetstream/errors.go:35	planned		present	lib/nats/io/jetstream/errors.rb:44	JetStream::Error::APIError (alias API::Error); subclasses per status/err_code
jetstream-types	jetstream.APIError.Code	field	int	jetstream/errors.go:36	planned		present	lib/nats/io/jetstream/errors.rb:45	APIError#code
jetstream-types	jetstream.APIError.Description	field	string	jetstream/errors.go:38	planned		present	lib/nats/io/jetstream/errors.rb:45	APIError#description
jetstream-types	jetstream.APIError.ErrorCode	field	ErrorCode	jetstream/errors.go:37	planned		present	lib/nats/io/jetstream/errors.rb:45	APIError#err_code (Integer)
jetstream-types	jetstream.APIStats	type	struct	jetstream/jetstream.go:300	planned		present	lib/nats/io/jetstream/manager.rb:336 account_info	raw symbolized Hash info[:api]; no struct
jetstream-types	jetstream.APIStats.Errors	field	uint64	jetstream/jetstream.go:308	planned		present	lib/nats/io/jetstream/manager.rb:336 account_info	info[:api][:errors] raw Hash key (passed through as server sends it)
jetstream-types	jetstream.APIStats.Inflight	field	uint64	jetstream/jetstream.go:311	planned		present	lib/nats/io/jetstream/manager.rb:336 account_info	info[:api][:inflight] raw Hash key (passed through as server sends it)
jetstream-types	jetstream.APIStats.Level	field	int	jetstream/jetstream.go:302	planned		present	lib/nats/io/jetstream/manager.rb:336 account_info	info[:api][:level] raw Hash key (passed through as server sends it)
jetstream-types	jetstream.APIStats.Total	field	uint64	jetstream/jetstream.go:305	planned		present	lib/nats/io/jetstream/manager.rb:336 account_info	info[:api][:total] raw Hash key (passed through as server sends it)
jetstream-types	jetstream.AccountInfo	type	struct	jetstream/jetstream.go:258	planned		present	lib/nats/io/jetstream/manager.rb:336 account_info	returns raw symbolized Hash, not a typed struct; all server keys kept
jetstream-types	jetstream.AccountInfo.API	field	APIStats	jetstream/jetstream.go:266	planned		present	lib/nats/io/jetstream/manager.rb:336 account_info	info[:api] (raw Hash)
jetstream-types	jetstream.AccountInfo.Domain	field	string	jetstream/jetstream.go:263	planned		present	lib/nats/io/jetstream/manager.rb:336 account_info	info[:domain]
jetstream-types	jetstream.AccountInfo.Tier	field	Tier	jetstream/jetstream.go:260	planned		present	lib/nats/io/jetstream/manager.rb:336 account_info	embedded tier keys at top level of the Hash (memory, storage, streams, limits...)
jetstream-types	jetstream.AccountInfo.Tiers	field	map[string]Tier	jetstream/jetstream.go:269	planned		present	lib/nats/io/jetstream/manager.rb:336 account_info	info[:tiers] raw Hash of tier Hashes
jetstream-types	jetstream.AccountLimits	type	struct	jetstream/jetstream.go:315	planned		present	lib/nats/io/jetstream/manager.rb:336 account_info	info[:limits] raw Hash
jetstream-types	jetstream.AccountLimits.MaxAckPending	field	int	jetstream/jetstream.go:332	planned		present	lib/nats/io/jetstream/manager.rb:336 account_info	info[:limits][:max_ack_pending] raw Hash key
jetstream-types	jetstream.AccountLimits.MaxBytesRequired	field	bool	jetstream/jetstream.go:344	planned		present	lib/nats/io/jetstream/manager.rb:336 account_info	info[:limits][:max_bytes_required] raw Hash key
jetstream-types	jetstream.AccountLimits.MaxConsumers	field	int	jetstream/jetstream.go:328	planned		present	lib/nats/io/jetstream/manager.rb:336 account_info	info[:limits][:max_consumers] raw Hash key
jetstream-types	jetstream.AccountLimits.MaxMemory	field	int64	jetstream/jetstream.go:317	planned		present	lib/nats/io/jetstream/manager.rb:336 account_info	info[:limits][:max_memory] raw Hash key
jetstream-types	jetstream.AccountLimits.MaxStore	field	int64	jetstream/jetstream.go:321	planned		present	lib/nats/io/jetstream/manager.rb:336 account_info	info[:limits][:max_storage] raw Hash key
jetstream-types	jetstream.AccountLimits.MaxStreams	field	int	jetstream/jetstream.go:324	planned		present	lib/nats/io/jetstream/manager.rb:336 account_info	info[:limits][:max_streams] raw Hash key
jetstream-types	jetstream.AccountLimits.MemoryMaxStreamBytes	field	int64	jetstream/jetstream.go:336	planned		present	lib/nats/io/jetstream/manager.rb:336 account_info	info[:limits][:memory_max_stream_bytes] raw Hash key
jetstream-types	jetstream.AccountLimits.StoreMaxStreamBytes	field	int64	jetstream/jetstream.go:340	planned		present	lib/nats/io/jetstream/manager.rb:336 account_info	info[:limits][:storage_max_stream_bytes] raw Hash key
jetstream-types	jetstream.AckAllPolicy	constant	AckPolicy	jetstream/consumer_config.go:497	planned		present	lib/nats/io/jetstream/api.rb:139 ConsumerConfig#ack_policy	String "all" passed through; no public constant (JS::Config is private_constant)
jetstream-types	jetstream.AckExplicitPolicy	constant	AckPolicy	jetstream/consumer_config.go:493	planned		present	lib/nats/io/jetstream/api.rb:139 ConsumerConfig#ack_policy	String "explicit" passed through; no public constant (JS::Config is private_constant)
jetstream-types	jetstream.AckFlowControlPolicy	constant	AckPolicy	jetstream/consumer_config.go:507	planned		present	lib/nats/io/jetstream/api.rb:139 ConsumerConfig#ack_policy	String "flow_control" passed through; no public constant (JS::Config is private_constant) ; not special-cased by subscribe
jetstream-types	jetstream.AckNonePolicy	constant	AckPolicy	jetstream/consumer_config.go:500	planned		present	lib/nats/io/jetstream/api.rb:139 ConsumerConfig#ack_policy	String "none" passed through; no public constant (JS::Config is private_constant)
jetstream-types	jetstream.AckPolicy	type	int	jetstream/consumer_config.go:341	planned		present	lib/nats/io/jetstream/api.rb:175	ack_policy String; default "explicit" on create
jetstream-types	jetstream.AsyncPersistMode	constant	PersistModeType(iota)	jetstream/stream_config.go:615	planned		present	lib/nats/io/jetstream/api.rb:386	persist_mode "async" String; no constant
jetstream-types	jetstream.ClientTrace	type	struct	jetstream/jetstream.go:384	planned		missing		no request/response tracing hooks for JS API calls
jetstream-types	jetstream.ClientTrace.RequestSent	field	func(subj string, payload []byte)	jetstream/jetstream.go:386	planned		missing		no API request trace callback
jetstream-types	jetstream.ClientTrace.ResponseReceived	field	func(subj string, payload []byte, hdr nats.Header)	jetstream/jetstream.go:390	planned		missing		no API response trace callback
jetstream-types	jetstream.ClusterInfo	type	struct	jetstream/stream_config.go:295	planned		present	lib/nats/io/jetstream/api.rb:429 StreamInfo#cluster / ConsumerInfo#cluster	raw symbolized Hash (not typed); nil for standalone consumer
jetstream-types	jetstream.ClusterInfo.Desired	field	*DesiredClusterInfo	jetstream/stream_config.go:322	planned		present	lib/nats/io/jetstream/api.rb:429 StreamInfo#cluster / ConsumerInfo#cluster	cluster[:desired] raw Hash key
jetstream-types	jetstream.ClusterInfo.Leader	field	string	jetstream/stream_config.go:304	planned		present	lib/nats/io/jetstream/api.rb:429 StreamInfo#cluster / ConsumerInfo#cluster	cluster[:leader] raw Hash key
jetstream-types	jetstream.ClusterInfo.LeaderSince	field	*time.Time	jetstream/stream_config.go:308	planned		partial	lib/nats/io/jetstream/api.rb:429 StreamInfo#cluster / ConsumerInfo#cluster	cluster[:leader_since] left as RFC3339 String, not parsed to Time
jetstream-types	jetstream.ClusterInfo.Name	field	string	jetstream/stream_config.go:297	planned		present	lib/nats/io/jetstream/api.rb:429 StreamInfo#cluster / ConsumerInfo#cluster	cluster[:name] raw Hash key
jetstream-types	jetstream.ClusterInfo.RaftGroup	field	string	jetstream/stream_config.go:301	planned		present	lib/nats/io/jetstream/api.rb:429 StreamInfo#cluster / ConsumerInfo#cluster	cluster[:raft_group] raw Hash key
jetstream-types	jetstream.ClusterInfo.Replicas	field	[]*PeerInfo	jetstream/stream_config.go:318	planned		present	lib/nats/io/jetstream/api.rb:429 StreamInfo#cluster / ConsumerInfo#cluster	cluster[:replicas] raw Hash key
jetstream-types	jetstream.ClusterInfo.SystemAcc	field	bool	jetstream/stream_config.go:312	planned		present	lib/nats/io/jetstream/api.rb:429 StreamInfo#cluster / ConsumerInfo#cluster	cluster[:system_account] raw Hash key
jetstream-types	jetstream.ClusterInfo.TrafficAcc	field	string	jetstream/stream_config.go:315	planned		present	lib/nats/io/jetstream/api.rb:429 StreamInfo#cluster / ConsumerInfo#cluster	cluster[:traffic_account] raw Hash key
jetstream-types	jetstream.ConsumeContext	type	interface	jetstream/pull.go:57	planned		missing		no continuous pull Consume API (only PullSubscription#fetch)
jetstream-types	jetstream.ConsumeErrHandler	type	ConsumeErrHandlerFunc	jetstream/jetstream_options.go:453	implemented	JetStream.consume_err_handler	missing		no Consume, so no consume error handler option
jetstream-types	jetstream.ConsumeErrHandlerFunc	type	func(consumeCtx ConsumeContext, err error)	jetstream/pull.go:131	planned		missing		no Consume error callback
jetstream-types	jetstream.Consumer	type	interface	jetstream/consumer.go:50	planned		partial	lib/nats/io/jetstream/pull_subscription.rb:41 PullSubscription	pull_subscribe returns PullSubscription with fetch/consumer_info; no Consume/Messages/Next/CachedInfo
jetstream-types	jetstream.ConsumerConfig	type	struct	jetstream/consumer_config.go:103	planned		present	lib/nats/io/jetstream/api.rb:173	API::ConsumerConfig Struct; unknown keys silently dropped on new/decode
jetstream-types	jetstream.ConsumerConfig.AckPolicy	field	AckPolicy	jetstream/consumer_config.go:138	planned		present	lib/nats/io/jetstream/api.rb:175	ack_policy String; defaults to "explicit"
jetstream-types	jetstream.ConsumerConfig.AckWait	field	time.Duration	jetstream/consumer_config.go:142	planned		partial	lib/nats/io/jetstream/api.rb:175	ack_wait in whole Integer seconds only (Float raises); decoded ns/1e9 rounded down; sub-second lost
jetstream-types	jetstream.ConsumerConfig.BackOff	field	[]time.Duration	jetstream/consumer_config.go:159	planned		present	lib/nats/io/jetstream/api.rb:175	backoff raw Array of ns Integers (not converted, unlike ack_wait seconds)
jetstream-types	jetstream.ConsumerConfig.DeliverGroup	field	string	jetstream/consumer_config.go:264	planned		present	lib/nats/io/jetstream/api.rb:182	deliver_group
jetstream-types	jetstream.ConsumerConfig.DeliverPolicy	field	DeliverPolicy	jetstream/consumer_config.go:124	planned		present	lib/nats/io/jetstream/api.rb:174	deliver_policy String
jetstream-types	jetstream.ConsumerConfig.DeliverSubject	field	string	jetstream/consumer_config.go:261	planned		present	lib/nats/io/jetstream/api.rb:182	deliver_subject
jetstream-types	jetstream.ConsumerConfig.Description	field	string	jetstream/consumer_config.go:120	planned		present	lib/nats/io/jetstream/api.rb:173	description
jetstream-types	jetstream.ConsumerConfig.Durable	field	string	jetstream/consumer_config.go:117	planned		present	lib/nats/io/jetstream/api.rb:173	durable_name
jetstream-types	jetstream.ConsumerConfig.FilterSubject	field	string	jetstream/consumer_config.go:163	planned		present	lib/nats/io/jetstream/api.rb:176	filter_subject (also put in CREATE subject)
jetstream-types	jetstream.ConsumerConfig.FilterSubjects	field	[]string	jetstream/consumer_config.go:236	planned		present	lib/nats/io/jetstream/api.rb:191	filter_subjects
jetstream-types	jetstream.ConsumerConfig.FlowControl	field	bool	jetstream/consumer_config.go:270	planned		present	lib/nats/io/jetstream/api.rb:178	flow_control
jetstream-types	jetstream.ConsumerConfig.HeadersOnly	field	bool	jetstream/consumer_config.go:196	planned		present	lib/nats/io/jetstream/api.rb:178	headers_only
jetstream-types	jetstream.ConsumerConfig.IdleHeartbeat	field	time.Duration	jetstream/consumer_config.go:276	planned		partial	lib/nats/io/jetstream/api.rb:178	idle_heartbeat whole Integer seconds only; decoded rounded down
jetstream-types	jetstream.ConsumerConfig.InactiveThreshold	field	time.Duration	jetstream/consumer_config.go:223	planned		partial	lib/nats/io/jetstream/api.rb:184	inactive_threshold whole Integer seconds only; decoded rounded down
jetstream-types	jetstream.ConsumerConfig.MaxAckPending	field	int	jetstream/consumer_config.go:192	planned		present	lib/nats/io/jetstream/api.rb:177	max_ack_pending
jetstream-types	jetstream.ConsumerConfig.MaxDeliver	field	int	jetstream/consumer_config.go:147	planned		present	lib/nats/io/jetstream/api.rb:175	max_deliver
jetstream-types	jetstream.ConsumerConfig.MaxRequestBatch	field	int	jetstream/consumer_config.go:201	planned		present	lib/nats/io/jetstream/api.rb:180	max_batch
jetstream-types	jetstream.ConsumerConfig.MaxRequestExpires	field	time.Duration	jetstream/consumer_config.go:205	planned		present	lib/nats/io/jetstream/api.rb:180	max_expires raw ns Integer (no unit conversion)
jetstream-types	jetstream.ConsumerConfig.MaxRequestMaxBytes	field	int	jetstream/consumer_config.go:210	planned		present	lib/nats/io/jetstream/api.rb:191	max_bytes
jetstream-types	jetstream.ConsumerConfig.MaxWaiting	field	int	jetstream/consumer_config.go:186	planned		present	lib/nats/io/jetstream/api.rb:177	max_waiting
jetstream-types	jetstream.ConsumerConfig.MemoryStorage	field	bool	jetstream/consumer_config.go:231	planned		present	lib/nats/io/jetstream/api.rb:189	mem_storage
jetstream-types	jetstream.ConsumerConfig.Metadata	field	map[string]string	jetstream/consumer_config.go:241	planned		present	lib/nats/io/jetstream/api.rb:191	metadata Hash
jetstream-types	jetstream.ConsumerConfig.Name	field	string	jetstream/consumer_config.go:109	planned		present	lib/nats/io/jetstream/api.rb:173	name (defaults to durable_name on create)
jetstream-types	jetstream.ConsumerConfig.OptStartSeq	field	uint64	jetstream/consumer_config.go:129	planned		present	lib/nats/io/jetstream/api.rb:174	opt_start_seq
jetstream-types	jetstream.ConsumerConfig.OptStartTime	field	*time.Time	jetstream/consumer_config.go:134	planned		partial	lib/nats/io/jetstream/api.rb:174	opt_start_time not converted: a Time is JSON'd via to_s (not RFC3339); must pass RFC3339 String; decoded as String
jetstream-types	jetstream.ConsumerConfig.PauseUntil	field	*time.Time	jetstream/consumer_config.go:244	planned		present	lib/nats/io/jetstream/api.rb:193	pause_until Time or RFC3339 String (converted on send); decoded as String
jetstream-types	jetstream.ConsumerConfig.PinnedTTL	field	time.Duration	jetstream/consumer_config.go:253	planned		partial	lib/nats/io/jetstream/api.rb:193	priority_timeout whole Integer seconds only; decoded rounded down
jetstream-types	jetstream.ConsumerConfig.PriorityGroups	field	[]string	jetstream/consumer_config.go:256	planned		present	lib/nats/io/jetstream/api.rb:193	priority_groups
jetstream-types	jetstream.ConsumerConfig.PriorityPolicy	field	PriorityPolicy	jetstream/consumer_config.go:248	planned		present	lib/nats/io/jetstream/api.rb:193	priority_policy String
jetstream-types	jetstream.ConsumerConfig.RateLimit	field	uint64	jetstream/consumer_config.go:175	planned		present	lib/nats/io/jetstream/api.rb:176	rate_limit_bps
jetstream-types	jetstream.ConsumerConfig.ReplayPolicy	field	ReplayPolicy	jetstream/consumer_config.go:171	planned		present	lib/nats/io/jetstream/api.rb:176	replay_policy String
jetstream-types	jetstream.ConsumerConfig.Replicas	field	int	jetstream/consumer_config.go:227	planned		present	lib/nats/io/jetstream/api.rb:187	num_replicas
jetstream-types	jetstream.ConsumerConfig.SampleFrequency	field	string	jetstream/consumer_config.go:180	planned		present	lib/nats/io/jetstream/api.rb:177	sample_freq
jetstream-types	jetstream.ConsumerInfo	type	struct	jetstream/consumer_config.go:24	planned		present	lib/nats/io/jetstream/api.rb:107	API::ConsumerInfo frozen Struct
jetstream-types	jetstream.ConsumerInfo.AckFloor	field	SequenceInfo	jetstream/consumer_config.go:47	planned		present	lib/nats/io/jetstream/api.rb:107	ack_floor SequenceInfo
jetstream-types	jetstream.ConsumerInfo.Cluster	field	*ClusterInfo	jetstream/consumer_config.go:69	planned		present	lib/nats/io/jetstream/api.rb:107	cluster raw Hash (leader_since String, active ns)
jetstream-types	jetstream.ConsumerInfo.Config	field	ConsumerConfig	jetstream/consumer_config.go:39	planned		present	lib/nats/io/jetstream/api.rb:107	config ConsumerConfig (durations converted to whole seconds)
jetstream-types	jetstream.ConsumerInfo.Created	field	time.Time	jetstream/consumer_config.go:35	planned		present	lib/nats/io/jetstream/api.rb:107	created parsed Time
jetstream-types	jetstream.ConsumerInfo.Delivered	field	SequenceInfo	jetstream/consumer_config.go:43	planned		present	lib/nats/io/jetstream/api.rb:107	delivered SequenceInfo
jetstream-types	jetstream.ConsumerInfo.Name	field	string	jetstream/consumer_config.go:32	planned		present	lib/nats/io/jetstream/api.rb:107	name
jetstream-types	jetstream.ConsumerInfo.NumAckPending	field	int	jetstream/consumer_config.go:51	planned		present	lib/nats/io/jetstream/api.rb:107	num_ack_pending
jetstream-types	jetstream.ConsumerInfo.NumPending	field	uint64	jetstream/consumer_config.go:65	planned		present	lib/nats/io/jetstream/api.rb:107	num_pending
jetstream-types	jetstream.ConsumerInfo.NumRedelivered	field	int	jetstream/consumer_config.go:57	planned		present	lib/nats/io/jetstream/api.rb:107	num_redelivered
jetstream-types	jetstream.ConsumerInfo.NumWaiting	field	int	jetstream/consumer_config.go:61	planned		present	lib/nats/io/jetstream/api.rb:107	num_waiting
jetstream-types	jetstream.ConsumerInfo.PauseRemaining	field	time.Duration	jetstream/consumer_config.go:87	planned		partial	lib/nats/io/jetstream/api.rb:107	pause_remaining whole seconds rounded down (ns/1e9), not a precise duration
jetstream-types	jetstream.ConsumerInfo.Paused	field	bool	jetstream/consumer_config.go:83	planned		present	lib/nats/io/jetstream/api.rb:107	paused
jetstream-types	jetstream.ConsumerInfo.PriorityGroups	field	[]PriorityGroupState	jetstream/consumer_config.go:80	planned		present	lib/nats/io/jetstream/api.rb:107	priority_groups Array<PriorityGroupState>
jetstream-types	jetstream.ConsumerInfo.PushBound	field	bool	jetstream/consumer_config.go:74	planned		present	lib/nats/io/jetstream/api.rb:107	push_bound
jetstream-types	jetstream.ConsumerInfo.Stream	field	string	jetstream/consumer_config.go:27	planned		present	lib/nats/io/jetstream/api.rb:107	stream_name
jetstream-types	jetstream.ConsumerInfo.TimeStamp	field	time.Time	jetstream/consumer_config.go:77	planned		present	lib/nats/io/jetstream/api.rb:107	ts parsed Time
jetstream-types	jetstream.ConsumerInfoLister	type	interface	jetstream/stream.go:293	planned		missing		no consumer listing (CONSUMER.LIST) API
jetstream-types	jetstream.ConsumerManager	type	interface	jetstream/stream.go:69	planned		partial	lib/nats/io/jetstream/manager.rb:124	add/create/update/delete/info/pause/resume/unpin/reset_consumer; no list/names, no Consumer handle, no ordered/push consumer objects
jetstream-types	jetstream.ConsumerNameLister	type	interface	jetstream/stream.go:301	planned		missing		no consumer names (CONSUMER.NAMES) API
jetstream-types	jetstream.ConsumerPauseResponse	type	struct	jetstream/stream.go:219	planned		present	lib/nats/io/jetstream/api.rb:214	API::ConsumerPauseResponse from pause_consumer/resume_consumer
jetstream-types	jetstream.ConsumerPauseResponse.PauseRemaining	field	time.Duration	jetstream/stream.go:225	planned		partial	lib/nats/io/jetstream/api.rb:214	pause_remaining whole seconds rounded down
jetstream-types	jetstream.ConsumerPauseResponse.PauseUntil	field	time.Time	jetstream/stream.go:223	planned		present	lib/nats/io/jetstream/api.rb:214	pause_until parsed Time (nil when zero time)
jetstream-types	jetstream.ConsumerPauseResponse.Paused	field	bool	jetstream/stream.go:221	planned		present	lib/nats/io/jetstream/api.rb:214	paused
jetstream-types	jetstream.ConsumerResetResponse	type	struct	jetstream/stream.go:243	planned		present	lib/nats/io/jetstream/api.rb:235	API::ConsumerResetResponse from reset_consumer
jetstream-types	jetstream.ConsumerResetResponse.ConsumerInfo	field	*ConsumerInfo	jetstream/stream.go:244	planned		present	lib/nats/io/jetstream/api.rb:235	#info ConsumerInfo (composed, not embedded)
jetstream-types	jetstream.ConsumerResetResponse.ResetSeq	field	uint64	jetstream/stream.go:248	planned		present	lib/nats/io/jetstream/api.rb:235	reset_seq
jetstream-types	jetstream.DefaultAPIPrefix	constant	"$JS.API."	jetstream/api.go:39	planned		partial	lib/nats/io/jetstream/js.rb:27	JS::DefaultAPIPrefix "$JS.API" is private (JS private_constant); js.prefix readable
jetstream-types	jetstream.DefaultExpires	constant	30 * time.Second	jetstream/pull.go:192	implemented	JetStream::DEFAULT_EXPIRES	missing		no Consume/Messages; fetch default timeout is 5s, not 30s
jetstream-types	jetstream.DefaultMaxMessages	constant	500	jetstream/pull.go:191	implemented	JetStream::DEFAULT_MAX_MESSAGES	missing		no Consume/Messages batch default
jetstream-types	jetstream.DefaultPersistMode	constant	PersistModeType(iota)	jetstream/stream_config.go:611	planned		present	lib/nats/io/jetstream/api.rb:386	persist_mode "default"/nil; default left unsent (UNSENT_STREAM_DEFAULTS)
jetstream-types	jetstream.DefaultPubRetryAttempts	constant	2	jetstream/publish.go:161	implemented	JetStream::DEFAULT_PUB_RETRY_ATTEMPTS	missing		publish has no retry on no-responders
jetstream-types	jetstream.DefaultPubRetryWait	constant	250 * time.Millisecond	jetstream/publish.go:158	implemented	JetStream::DEFAULT_PUB_RETRY_WAIT	missing		publish has no retry
jetstream-types	jetstream.DeleteMarkersOlderThan	type	time.Duration	jetstream/kv_options.go:83	implemented	JetStream.delete_markers_older_than	missing		KV has no purge_deletes, so no older-than option
jetstream-types	jetstream.DeliverAllPolicy	constant	DeliverPolicy	jetstream/consumer_config.go:411	planned		present	lib/nats/io/jetstream/api.rb:174 deliver_policy	String "all" passed through; no constant
jetstream-types	jetstream.DeliverByStartSequencePolicy	constant	DeliverPolicy	jetstream/consumer_config.go:423	planned		present	lib/nats/io/jetstream/api.rb:174 deliver_policy	String "by_start_sequence" passed through; no constant
jetstream-types	jetstream.DeliverByStartTimePolicy	constant	DeliverPolicy	jetstream/consumer_config.go:427	planned		present	lib/nats/io/jetstream/api.rb:174 deliver_policy	String "by_start_time" passed through; no constant
jetstream-types	jetstream.DeliverLastPerSubjectPolicy	constant	DeliverPolicy	jetstream/consumer_config.go:431	planned		present	lib/nats/io/jetstream/api.rb:174 deliver_policy	String "last_per_subject" passed through; no constant
jetstream-types	jetstream.DeliverLastPolicy	constant	DeliverPolicy	jetstream/consumer_config.go:415	planned		present	lib/nats/io/jetstream/api.rb:174 deliver_policy	String "last" passed through; no constant
jetstream-types	jetstream.DeliverNewPolicy	constant	DeliverPolicy	jetstream/consumer_config.go:419	planned		present	lib/nats/io/jetstream/api.rb:174 deliver_policy	String "new" passed through; no constant
jetstream-types	jetstream.DeliverPolicy	type	int	jetstream/consumer_config.go:337	planned		present	lib/nats/io/jetstream/api.rb:174	deliver_policy String
jetstream-types	jetstream.DesiredClusterInfo	type	struct	jetstream/stream_config.go:327	planned		present	lib/nats/io/jetstream/api.rb:429 cluster[:desired]	raw Hash pass-through in cluster Hash
jetstream-types	jetstream.DesiredClusterInfo.Created	field	time.Time	jetstream/stream_config.go:329	planned		partial	lib/nats/io/jetstream/api.rb:429 cluster[:desired]	[:created] RFC3339 String, not Time
jetstream-types	jetstream.DesiredClusterInfo.Name	field	string	jetstream/stream_config.go:332	planned		present	lib/nats/io/jetstream/api.rb:429 cluster[:desired]	[:name] raw Hash key
jetstream-types	jetstream.DesiredClusterInfo.Origin	field	*DesiredClusterInfoOrigin	jetstream/stream_config.go:342	planned		present	lib/nats/io/jetstream/api.rb:429 cluster[:desired]	[:origin] raw Hash key
jetstream-types	jetstream.DesiredClusterInfo.Replicas	field	[]*DesiredPeerInfo	jetstream/stream_config.go:338	planned		present	lib/nats/io/jetstream/api.rb:429 cluster[:desired]	[:replicas] raw Hash key
jetstream-types	jetstream.DesiredClusterInfo.Status	field	*DesiredClusterInfoStatus	jetstream/stream_config.go:346	planned		present	lib/nats/io/jetstream/api.rb:429 cluster[:desired]	[:status] raw Hash key
jetstream-types	jetstream.DesiredClusterInfoOrigin	type	struct	jetstream/stream_config.go:351	planned		present	lib/nats/io/jetstream/api.rb:429 cluster[:desired]	cluster[:desired][:origin] raw Hash
jetstream-types	jetstream.DesiredClusterInfoOrigin.Placement	field	*Placement	jetstream/stream_config.go:356	planned		present	lib/nats/io/jetstream/api.rb:429 cluster[:desired]	[:origin][:placement] raw Hash key
jetstream-types	jetstream.DesiredClusterInfoOrigin.Replicas	field	int	jetstream/stream_config.go:353	planned		present	lib/nats/io/jetstream/api.rb:429 cluster[:desired]	[:origin][:replicas] raw Hash key
jetstream-types	jetstream.DesiredClusterInfoOrigin.Retention	field	*RetentionPolicy	jetstream/stream_config.go:360	planned		present	lib/nats/io/jetstream/api.rb:429 cluster[:desired]	[:origin][:retention] raw Hash key
jetstream-types	jetstream.DesiredClusterInfoStatus	type	struct	jetstream/stream_config.go:378	planned		present	lib/nats/io/jetstream/api.rb:429 cluster[:desired]	cluster[:desired][:status] raw Hash
jetstream-types	jetstream.DesiredClusterInfoStatus.Description	field	string	jetstream/stream_config.go:382	planned		present	lib/nats/io/jetstream/api.rb:429 cluster[:desired]	[:status][:description] raw Hash key
jetstream-types	jetstream.DesiredClusterInfoStatus.Err	field	string	jetstream/stream_config.go:392	planned		present	lib/nats/io/jetstream/api.rb:429 cluster[:desired]	[:status][:err] raw Hash key
jetstream-types	jetstream.DesiredClusterInfoStatus.Type	field	MigrationStatusType	jetstream/stream_config.go:387	planned		present	lib/nats/io/jetstream/api.rb:429 cluster[:desired]	[:status][:type] raw Hash key
jetstream-types	jetstream.DesiredPeerInfo	type	struct	jetstream/stream_config.go:365	planned		present	lib/nats/io/jetstream/api.rb:429 cluster[:desired]	cluster[:desired][:replicas] raw Hashes
jetstream-types	jetstream.DesiredPeerInfo.Name	field	string	jetstream/stream_config.go:367	planned		present	lib/nats/io/jetstream/api.rb:429 cluster[:desired]	[:name] raw Hash key
jetstream-types	jetstream.DesiredPeerInfo.Offline	field	bool	jetstream/stream_config.go:370	planned		present	lib/nats/io/jetstream/api.rb:429 cluster[:desired]	[:offline] raw Hash key
jetstream-types	jetstream.DesiredPeerInfo.Peer	field	string	jetstream/stream_config.go:373	planned		present	lib/nats/io/jetstream/api.rb:429 cluster[:desired]	[:peer] raw Hash key
jetstream-types	jetstream.DiscardNew	constant	DiscardPolicy	jetstream/stream_config.go:599	planned		present	lib/nats/io/jetstream/api.rb:358 discard	String "new"; no constant
jetstream-types	jetstream.DiscardOld	constant	DiscardPolicy	jetstream/stream_config.go:596	planned		present	lib/nats/io/jetstream/api.rb:358 discard	String "old"; no constant
jetstream-types	jetstream.DiscardPolicy	type	int	jetstream/stream_config.go:532	planned		present	lib/nats/io/jetstream/api.rb:358	discard String
jetstream-types	jetstream.ErrorCode	type	uint16	jetstream/errors.go:42	planned		present	lib/nats/io/jetstream/errors.rb:45	APIError#err_code Integer
jetstream-types	jetstream.ExpectedLastMsgIDHeader	constant	"Nats-Expected-Last-Msg-Id"	jetstream/message.go:206	implemented	JetStream::EXPECTED_LAST_MSG_ID_HEADER	present	lib/nats/io/jetstream/header.rb:41	JetStream::Header::EXPECTED_LAST_MSG_ID
jetstream-types	jetstream.ExpectedLastSeqHeader	constant	"Nats-Expected-Last-Sequence"	jetstream/message.go:184	implemented	JetStream::EXPECTED_LAST_SEQ_HEADER	present	lib/nats/io/jetstream/header.rb:34	JetStream::Header::EXPECTED_LAST_SEQUENCE
jetstream-types	jetstream.ExpectedLastSubjSeqHeader	constant	"Nats-Expected-Last-Subject-Sequence"	jetstream/message.go:192	implemented	JetStream::EXPECTED_LAST_SUBJ_SEQ_HEADER	present	lib/nats/io/jetstream/header.rb:36	JetStream::Header::EXPECTED_LAST_SUBJECT_SEQUENCE
jetstream-types	jetstream.ExpectedLastSubjSeqSubjHeader	constant	"Nats-Expected-Last-Subject-Sequence-Subject"	jetstream/message.go:198	implemented	JetStream::EXPECTED_LAST_SUBJ_SEQ_SUBJ_HEADER	present	lib/nats/io/jetstream/header.rb:39	JetStream::Header::EXPECTED_LAST_SUBJECT_SEQUENCE_SUBJECT
jetstream-types	jetstream.ExpectedStreamHeader	constant	"Nats-Expected-Stream"	jetstream/message.go:176	implemented	JetStream::EXPECTED_STREAM_HEADER	present	lib/nats/io/jetstream/header.rb:32	JetStream::Header::EXPECTED_STREAM
jetstream-types	jetstream.ExternalStream	type	struct	jetstream/stream_config.go:509	planned		present	lib/nats/io/jetstream/api.rb:367 mirror/sources	external: {api:, deliver:} Hash passed through in source Hash
jetstream-types	jetstream.ExternalStream.APIPrefix	field	string	jetstream/stream_config.go:512	planned		present	lib/nats/io/jetstream/api.rb:367	source[:external][:api] Hash key
jetstream-types	jetstream.ExternalStream.DeliverPrefix	field	string	jetstream/stream_config.go:515	planned		present	lib/nats/io/jetstream/api.rb:367	source[:external][:deliver] Hash key
jetstream-types	jetstream.FetchOpt	type	func(*pullRequest) error	jetstream/pull.go:172	planned		partial	lib/nats/io/jetstream/pull_subscription.rb:116 fetch	params Hash: timeout,no_wait,group,min_pending,min_ack_pending,priority; no max_bytes, heartbeat, fetch context
jetstream-types	jetstream.FileStorage	constant	StorageType	jetstream/stream_config.go:728	planned		present	lib/nats/io/jetstream/api.rb:362 storage	String "file"; no constant
jetstream-types	jetstream.GetMsgOpt	type	func(*apiMsgGetRequest) error	jetstream/stream.go:257	planned		present	lib/nats/io/jetstream/manager.rb:300 get_msg	params Hash: seq, subject (last_by_subj), next (next_by_subj), direct
jetstream-types	jetstream.InterestPolicy	constant	RetentionPolicy	jetstream/stream_config.go:586	planned		present	lib/nats/io/jetstream/api.rb:354 retention	String "interest"; no constant
jetstream-types	jetstream.JSErrCodeBadRequest	constant	ErrorCode	jetstream/errors.go:46	planned		partial	lib/nats/io/jetstream/js.rb:88 from_error	Error::BadRequest keyed on HTTP 400, not err_code 10003
jetstream-types	jetstream.JSErrCodeConsumerAlreadyExists	constant	ErrorCode	jetstream/errors.go:66	planned		missing	lib/nats/io/jetstream/errors.rb:44 APIError#err_code	10105 has no class/constant (Error::ConsumerAlreadyExists maps 10148); raw err_code only
jetstream-types	jetstream.JSErrCodeConsumerCreate	constant	ErrorCode	jetstream/errors.go:47	planned		missing	lib/nats/io/jetstream/errors.rb:44 APIError#err_code	no constant/class; raw err_code 10012 on BadRequest
jetstream-types	jetstream.JSErrCodeConsumerDoesNotExist	constant	ErrorCode	jetstream/errors.go:72	planned		present	lib/nats/io/jetstream/js.rb:88 from_error	Error::ConsumerDoesNotExist (10149)
jetstream-types	jetstream.JSErrCodeConsumerEmptyFilter	constant	ErrorCode	jetstream/errors.go:70	planned		missing	lib/nats/io/jetstream/errors.rb:44 APIError#err_code	no constant/class; raw err_code 10139
jetstream-types	jetstream.JSErrCodeConsumerExists	constant	ErrorCode	jetstream/errors.go:71	planned		present	lib/nats/io/jetstream/js.rb:88 from_error	Error::ConsumerAlreadyExists maps 10148
jetstream-types	jetstream.JSErrCodeConsumerInvalidReset	constant	ErrorCode	jetstream/errors.go:83	planned		present	lib/nats/io/jetstream/js.rb:88 from_error	Error::ConsumerInvalidReset (10204)
jetstream-types	jetstream.JSErrCodeConsumerNameExists	constant	ErrorCode	jetstream/errors.go:48	planned		missing	lib/nats/io/jetstream/errors.rb:44 APIError#err_code	no constant/class; raw err_code 10013
jetstream-types	jetstream.JSErrCodeConsumerNotFound	constant	ErrorCode	jetstream/errors.go:49	planned		present	lib/nats/io/jetstream/js.rb:88 from_error	Error::ConsumerNotFound (10014)
jetstream-types	jetstream.JSErrCodeDuplicateFilterSubjects	constant	ErrorCode	jetstream/errors.go:68	planned		missing	lib/nats/io/jetstream/errors.rb:44 APIError#err_code	no constant/class; raw err_code 10136
jetstream-types	jetstream.JSErrCodeJetStreamNotEnabled	constant	ErrorCode	jetstream/errors.go:59	planned		partial	lib/nats/io/jetstream/js.rb:88 from_error	surfaces as generic ServiceUnavailable (503); no constant for 10076
jetstream-types	jetstream.JSErrCodeJetStreamNotEnabledForAccount	constant	ErrorCode	jetstream/errors.go:53	planned		partial	lib/nats/io/jetstream/js.rb:88 from_error	surfaces as generic ServiceUnavailable (503); no constant for 10039
jetstream-types	jetstream.JSErrCodeMaximumConsumersLimit	constant	ErrorCode	jetstream/errors.go:50	planned		missing	lib/nats/io/jetstream/errors.rb:44 APIError#err_code	no constant/class; raw err_code 10026
jetstream-types	jetstream.JSErrCodeMessageNotFound	constant	ErrorCode	jetstream/errors.go:52	planned		partial	lib/nats/io/jetstream/js.rb:88 from_error	generic Error::NotFound (404); no constant/class for 10037
jetstream-types	jetstream.JSErrCodeMessageSchedulesDisabled	constant	ErrorCode	jetstream/errors.go:76	planned		missing	lib/nats/io/jetstream/errors.rb:44 APIError#err_code	no constant/class; raw err_code 10188
jetstream-types	jetstream.JSErrCodeMirrorWithMsgSchedules	constant	ErrorCode	jetstream/errors.go:74	planned		missing	lib/nats/io/jetstream/errors.rb:44 APIError#err_code	no constant/class; raw err_code 10186
jetstream-types	jetstream.JSErrCodeOverlappingFilterSubjects	constant	ErrorCode	jetstream/errors.go:69	planned		missing	lib/nats/io/jetstream/errors.rb:44 APIError#err_code	no constant/class; raw err_code 10138
jetstream-types	jetstream.JSErrCodeSchedulePatternInvalid	constant	ErrorCode	jetstream/errors.go:77	planned		missing	lib/nats/io/jetstream/errors.rb:44 APIError#err_code	no constant/class; raw err_code 10189
jetstream-types	jetstream.JSErrCodeScheduleRollupInvalid	constant	ErrorCode	jetstream/errors.go:80	planned		missing	lib/nats/io/jetstream/errors.rb:44 APIError#err_code	no constant/class; raw err_code 10192
jetstream-types	jetstream.JSErrCodeScheduleSourceInvalid	constant	ErrorCode	jetstream/errors.go:81	planned		missing	lib/nats/io/jetstream/errors.rb:44 APIError#err_code	no constant/class; raw err_code 10203
jetstream-types	jetstream.JSErrCodeScheduleTTLInvalid	constant	ErrorCode	jetstream/errors.go:79	planned		missing	lib/nats/io/jetstream/errors.rb:44 APIError#err_code	no constant/class; raw err_code 10191
jetstream-types	jetstream.JSErrCodeScheduleTargetInvalid	constant	ErrorCode	jetstream/errors.go:78	planned		missing	lib/nats/io/jetstream/errors.rb:44 APIError#err_code	no constant/class; raw err_code 10190
jetstream-types	jetstream.JSErrCodeSourceWithMsgSchedules	constant	ErrorCode	jetstream/errors.go:75	planned		missing	lib/nats/io/jetstream/errors.rb:44 APIError#err_code	no constant/class; raw err_code 10187
jetstream-types	jetstream.JSErrCodeStreamNameInUse	constant	ErrorCode	jetstream/errors.go:55	planned		missing	lib/nats/io/jetstream/errors.rb:44 APIError#err_code	no constant/class; raw err_code 10058
jetstream-types	jetstream.JSErrCodeStreamNotFound	constant	ErrorCode	jetstream/errors.go:56	planned		present	lib/nats/io/jetstream/js.rb:88 from_error	Error::StreamNotFound (10059)
jetstream-types	jetstream.JSErrCodeStreamWrongLastSequence	constant	ErrorCode	jetstream/errors.go:58	planned		missing	lib/nats/io/jetstream/errors.rb:44 APIError#err_code	no constant/class; raw err_code 10071
jetstream-types	jetstream.JSErrCodeStreamWrongLastSequenceConstant	constant	ErrorCode	jetstream/errors.go:64	planned		missing	lib/nats/io/jetstream/errors.rb:44 APIError#err_code	no constant/class; raw err_code 10164
jetstream-types	jetstream.JetStream	type	interface	jetstream/jetstream.go:45	planned		partial	lib/nats/io/jetstream.rb:35 NATS::JetStream	context with publish/subscribe/pull_subscribe/Manager/KV; no async publish, stream/consumer handles, listings, ordered consumer, object store
jetstream-types	jetstream.JetStreamError	type	interface	jetstream/errors.go:24	planned		present	lib/nats/io/jetstream/errors.rb:20	JetStream::Error exception hierarchy; API errors carry code/err_code/description
jetstream-types	jetstream.JetStreamOpt	type	func(*JetStreamOptions) error	jetstream/jetstream.go:356	planned		present	lib/nats/io/jetstream.rb:45	nc.jetstream(params Hash)
jetstream-types	jetstream.JetStreamOptions	type	struct	jetstream/jetstream.go:359	planned		present	lib/nats/io/jetstream.rb:45	params Hash: prefix, domain, timeout
jetstream-types	jetstream.JetStreamOptions.APIPrefix	field	string	jetstream/jetstream.go:361	planned		present	lib/nats/io/jetstream.rb:47	prefix:
jetstream-types	jetstream.JetStreamOptions.ClientTrace	field	*ClientTrace	jetstream/jetstream.go:372	planned		missing		no client trace option
jetstream-types	jetstream.JetStreamOptions.DefaultTimeout	field	time.Duration	jetstream/jetstream.go:369	planned		present	lib/nats/io/jetstream.rb:55	timeout: (default 5s)
jetstream-types	jetstream.JetStreamOptions.Domain	field	string	jetstream/jetstream.go:364	planned		present	lib/nats/io/jetstream.rb:49	domain: -> $JS.<domain>.API
jetstream-types	jetstream.LastSequenceHeader	constant	"Nats-Last-Sequence"	jetstream/message.go:292	planned		present	lib/nats/io/jetstream/header.rb:64	JetStream::Header::LAST_SEQUENCE
jetstream-types	jetstream.LimitsPolicy	constant	RetentionPolicy	jetstream/stream_config.go:582	planned		present	lib/nats/io/jetstream/api.rb:354 retention	String "limits"; no constant
jetstream-types	jetstream.MarkerReasonHeader	constant	"Nats-Marker-Reason"	jetstream/message.go:217	implemented	JetStream::MARKER_REASON_HEADER	present	lib/nats/io/jetstream/header.rb:51	JetStream::Header::MARKER_REASON
jetstream-types	jetstream.MemoryStorage	constant	StorageType	jetstream/stream_config.go:730	planned		present	lib/nats/io/jetstream/api.rb:362 storage	String "memory"; no constant
jetstream-types	jetstream.MessageBatch	type	interface	jetstream/pull.go:159	planned		partial	lib/nats/io/jetstream/pull_subscription.rb:116 fetch	fetch returns Array (or yields); no Messages channel/Error() — errors raised
jetstream-types	jetstream.MessageHandler	type	func(msg Msg)	jetstream/pull.go:74	planned		partial	lib/nats/io/jetstream.rb:160 subscribe(&cb)	blocks for push subscribe and fetch(&block); no pull Consume handler
jetstream-types	jetstream.MessagesContext	type	interface	jetstream/pull.go:35	planned		missing		no pull Messages iterator (Next/Stop/Drain)
jetstream-types	jetstream.MigrationStatusBlocked	constant	MigrationStatusType	jetstream/stream_config.go:572	planned		present	lib/nats/io/jetstream/api.rb:429 cluster[:desired]	raw String in cluster[:desired][:status][:type]; no constant
jetstream-types	jetstream.MigrationStatusCatchup	constant	MigrationStatusType	jetstream/stream_config.go:565	planned		present	lib/nats/io/jetstream/api.rb:429 cluster[:desired]	raw String in cluster[:desired][:status][:type]; no constant
jetstream-types	jetstream.MigrationStatusMembership	constant	MigrationStatusType	jetstream/stream_config.go:558	planned		present	lib/nats/io/jetstream/api.rb:429 cluster[:desired]	raw String in cluster[:desired][:status][:type]; no constant
jetstream-types	jetstream.MigrationStatusQuorum	constant	MigrationStatusType	jetstream/stream_config.go:569	planned		present	lib/nats/io/jetstream/api.rb:429 cluster[:desired]	raw String in cluster[:desired][:status][:type]; no constant
jetstream-types	jetstream.MigrationStatusSnapshot	constant	MigrationStatusType	jetstream/stream_config.go:561	planned		present	lib/nats/io/jetstream/api.rb:429 cluster[:desired]	raw String in cluster[:desired][:status][:type]; no constant
jetstream-types	jetstream.MigrationStatusType	type	string	jetstream/stream_config.go:548	planned		present	lib/nats/io/jetstream/api.rb:429 cluster[:desired]	raw String
jetstream-types	jetstream.MigrationStatusUnavailable	constant	MigrationStatusType	jetstream/stream_config.go:576	planned		present	lib/nats/io/jetstream/api.rb:429 cluster[:desired]	raw String in cluster[:desired][:status][:type]; no constant
jetstream-types	jetstream.Msg	type	interface	jetstream/message.go:35	planned		present	lib/nats/io/jetstream/msg/ack_methods.rb:20	NATS::Msg + AckMethods: ack, ack_sync, nak(delay:), term(reason:), in_progress, metadata
jetstream-types	jetstream.MsgAckHandler	type	func(JetStream, *nats.Msg, *PubAck)	jetstream/publish.go:118	planned		missing		no async publish, so no ack handler
jetstream-types	jetstream.MsgErrHandler	type	func(JetStream, *nats.Msg, error)	jetstream/publish.go:108	planned		missing		no async publish, so no error handler
jetstream-types	jetstream.MsgIDHeader	constant	"Nats-Msg-Id"	jetstream/message.go:169	implemented	JetStream::MSG_ID_HEADER	present	lib/nats/io/jetstream/header.rb:30	JetStream::Header::MSG_ID
jetstream-types	jetstream.MsgRollup	constant	"Nats-Rollup"	jetstream/message.go:214	implemented	JetStream::MSG_ROLLUP	present	lib/nats/io/jetstream/header.rb:44	JetStream::Header::ROLLUP
jetstream-types	jetstream.MsgRollupAll	constant	"all"	jetstream/message.go:303	implemented	JetStream::MSG_ROLLUP_ALL	present	lib/nats/io/jetstream/header.rb:42	value "all" for Header::ROLLUP documented; no constant
jetstream-types	jetstream.MsgRollupSubject	constant	"sub"	jetstream/message.go:299	implemented	JetStream::MSG_ROLLUP_SUBJECT	present	lib/nats/io/jetstream/header.rb:42	value "sub" for Header::ROLLUP documented; no constant
jetstream-types	jetstream.MsgTTLHeader	constant	"Nats-TTL"	jetstream/message.go:210	implemented	JetStream::MSG_TTL_HEADER	present	lib/nats/io/jetstream/header.rb:48	JetStream::Header::MSG_TTL
jetstream-types	jetstream.NextOpt	type	interface	jetstream/pull.go:180	planned		missing		no Messages.Next
jetstream-types	jetstream.NoCompression	constant	StoreCompression	jetstream/stream_config.go:778	planned		present	lib/nats/io/jetstream/api.rb:377 compression	String "none"; no constant
jetstream-types	jetstream.OrderedConsumerConfig	type	struct	jetstream/consumer_config.go:283	planned		missing		no ordered consumer (only internal to KV watch)
jetstream-types	jetstream.OrderedConsumerConfig.DeliverPolicy	field	DeliverPolicy	jetstream/consumer_config.go:291	planned		missing		no ordered consumer
jetstream-types	jetstream.OrderedConsumerConfig.FilterSubjects	field	[]string	jetstream/consumer_config.go:287	planned		missing		no ordered consumer
jetstream-types	jetstream.OrderedConsumerConfig.HeadersOnly	field	bool	jetstream/consumer_config.go:318	planned		missing		no ordered consumer
jetstream-types	jetstream.OrderedConsumerConfig.InactiveThreshold	field	time.Duration	jetstream/consumer_config.go:314	planned		missing		no ordered consumer
jetstream-types	jetstream.OrderedConsumerConfig.MaxResetAttempts	field	int	jetstream/consumer_config.go:322	planned		missing		no ordered consumer
jetstream-types	jetstream.OrderedConsumerConfig.Metadata	field	map[string]string	jetstream/consumer_config.go:327	planned		missing		no ordered consumer
jetstream-types	jetstream.OrderedConsumerConfig.NamePrefix	field	string	jetstream/consumer_config.go:333	planned		missing		no ordered consumer
jetstream-types	jetstream.OrderedConsumerConfig.OptStartSeq	field	uint64	jetstream/consumer_config.go:296	planned		missing		no ordered consumer
jetstream-types	jetstream.OrderedConsumerConfig.OptStartTime	field	*time.Time	jetstream/consumer_config.go:301	planned		missing		no ordered consumer
jetstream-types	jetstream.OrderedConsumerConfig.ReplayPolicy	field	ReplayPolicy	jetstream/consumer_config.go:309	planned		missing		no ordered consumer
jetstream-types	jetstream.PeerInfo	type	struct	jetstream/stream_config.go:397	planned		present	lib/nats/io/jetstream/api.rb:429 cluster[:replicas]	raw Hashes in cluster[:replicas]
jetstream-types	jetstream.PeerInfo.Active	field	time.Duration	jetstream/stream_config.go:409	planned		present	lib/nats/io/jetstream/api.rb:429 cluster[:replicas]	[:active] raw Hash key (ns Integer)
jetstream-types	jetstream.PeerInfo.Current	field	bool	jetstream/stream_config.go:403	planned		present	lib/nats/io/jetstream/api.rb:429 cluster[:replicas]	[:current] raw Hash key
jetstream-types	jetstream.PeerInfo.Lag	field	uint64	jetstream/stream_config.go:413	planned		present	lib/nats/io/jetstream/api.rb:429 cluster[:replicas]	[:lag] raw Hash key
jetstream-types	jetstream.PeerInfo.Name	field	string	jetstream/stream_config.go:399	planned		present	lib/nats/io/jetstream/api.rb:429 cluster[:replicas]	[:name] raw Hash key
jetstream-types	jetstream.PeerInfo.Offline	field	bool	jetstream/stream_config.go:406	planned		present	lib/nats/io/jetstream/api.rb:429 cluster[:replicas]	[:offline] raw Hash key
jetstream-types	jetstream.PeerInfo.Peer	field	string	jetstream/stream_config.go:416	planned		present	lib/nats/io/jetstream/api.rb:429 cluster[:replicas]	[:peer] raw Hash key
jetstream-types	jetstream.PeerInfo.Pending	field	bool	jetstream/stream_config.go:420	planned		present	lib/nats/io/jetstream/api.rb:429 cluster[:replicas]	[:pending] raw Hash key
jetstream-types	jetstream.PersistModeType	type	int	jetstream/stream_config.go:544	planned		present	lib/nats/io/jetstream/api.rb:386	persist_mode String
jetstream-types	jetstream.Placement	type	struct	jetstream/stream_config.go:449	planned		present	lib/nats/io/jetstream/api.rb:366	placement: {cluster:, tags:} Hash passed through
jetstream-types	jetstream.Placement.Cluster	field	string	jetstream/stream_config.go:452	planned		present	lib/nats/io/jetstream/api.rb:366	placement[:cluster]
jetstream-types	jetstream.Placement.Tags	field	[]string	jetstream/stream_config.go:456	planned		present	lib/nats/io/jetstream/api.rb:366	placement[:tags]
jetstream-types	jetstream.PriorityGroupState	type	struct	jetstream/consumer_config.go:90	planned		present	lib/nats/io/jetstream/api.rb:54	API::PriorityGroupState
jetstream-types	jetstream.PriorityGroupState.Group	field	string	jetstream/consumer_config.go:92	planned		present	lib/nats/io/jetstream/api.rb:54	group
jetstream-types	jetstream.PriorityGroupState.PinnedClientID	field	string	jetstream/consumer_config.go:95	planned		present	lib/nats/io/jetstream/api.rb:54	pinned_client_id
jetstream-types	jetstream.PriorityGroupState.PinnedTS	field	time.Time	jetstream/consumer_config.go:98	planned		present	lib/nats/io/jetstream/api.rb:54	pinned_ts parsed Time (nil for zero)
jetstream-types	jetstream.PriorityPolicy	type	int	jetstream/consumer_config.go:356	planned		present	lib/nats/io/jetstream/api.rb:193	priority_policy String
jetstream-types	jetstream.PriorityPolicyNone	constant	PriorityPolicy	jetstream/consumer_config.go:361	planned		present	lib/nats/io/jetstream/api.rb:193 priority_policy	String "none"; no constant
jetstream-types	jetstream.PriorityPolicyOverflow	constant	PriorityPolicy	jetstream/consumer_config.go:370	planned		present	lib/nats/io/jetstream/api.rb:193 priority_policy	String "overflow"; no constant
jetstream-types	jetstream.PriorityPolicyPinned	constant	PriorityPolicy	jetstream/consumer_config.go:365	planned		present	lib/nats/io/jetstream/api.rb:193 priority_policy	String "pinned_client"; no constant
jetstream-types	jetstream.PriorityPolicyPrioritized	constant	PriorityPolicy	jetstream/consumer_config.go:375	planned		present	lib/nats/io/jetstream/api.rb:193 priority_policy	String "prioritized"; no constant
jetstream-types	jetstream.PubAck	type	struct	jetstream/publish.go:138	planned		present	lib/nats/io/jetstream.rb:79	JetStream::PubAck Struct (+batch, count)
jetstream-types	jetstream.PubAck.Domain	field	string	jetstream/publish.go:150	planned		present	lib/nats/io/jetstream.rb:79	domain
jetstream-types	jetstream.PubAck.Duplicate	field	bool	jetstream/publish.go:147	planned		present	lib/nats/io/jetstream.rb:79	duplicate
jetstream-types	jetstream.PubAck.Sequence	field	uint64	jetstream/publish.go:143	planned		present	lib/nats/io/jetstream.rb:79	seq
jetstream-types	jetstream.PubAck.Stream	field	string	jetstream/publish.go:140	planned		present	lib/nats/io/jetstream.rb:79	stream
jetstream-types	jetstream.PubAck.Value	field	string	jetstream/publish.go:152	planned		present	lib/nats/io/jetstream.rb:79	val
jetstream-types	jetstream.PubAckFuture	type	interface	jetstream/publish.go:75	planned		missing		no async publish
jetstream-types	jetstream.PublishOpt	type	func(*pubOpts) error	jetstream/publish.go:45	planned		partial	lib/nats/io/jetstream.rb:120 publish	kwargs: header, stream, ttl, schedule, timeout; no msg_id/expected_last_* options (set headers), no retry
jetstream-types	jetstream.Publisher	type	interface	jetstream/jetstream.go:70	planned		partial	lib/nats/io/jetstream.rb:120 publish	sync publish only; no publish_msg variant, PublishAsync, pending/complete, cleanup
jetstream-types	jetstream.PullConsumeOpt	type	interface	jetstream/pull.go:77	planned		missing		no Consume
jetstream-types	jetstream.PullExpiry	type	time.Duration	jetstream/jetstream_options.go:226	implemented	JetStream.pull_expiry	missing		no Consume/Messages; fetch timeout drives expires
jetstream-types	jetstream.PullHeartbeat	type	time.Duration	jetstream/jetstream_options.go:406	implemented	JetStream.pull_heartbeat	missing		no pull heartbeat option (fetch or consume)
jetstream-types	jetstream.PullMaxBytes	type	int	jetstream/jetstream_options.go:259	implemented	JetStream.pull_max_bytes	missing		no max_bytes pull option
jetstream-types	jetstream.PullMaxMessages	type	int	jetstream/jetstream_options.go:143	implemented	JetStream.pull_max_messages	missing		no Consume/Messages; fetch(batch) only
jetstream-types	jetstream.PullMessagesOpt	type	interface	jetstream/pull.go:82	planned		missing		no Messages
jetstream-types	jetstream.PullMinAckPending	type	int	jetstream/jetstream_options.go:343	implemented	JetStream.pull_min_ack_pending	partial	lib/nats/io/jetstream/pull_subscription.rb:116 fetch	fetch min_ack_pending: only; no Consume/Messages
jetstream-types	jetstream.PullMinPending	type	int	jetstream/jetstream_options.go:318	implemented	JetStream.pull_min_pending	partial	lib/nats/io/jetstream/pull_subscription.rb:116 fetch	fetch min_pending: only; no Consume/Messages
jetstream-types	jetstream.PullPrioritized	type	uint8	jetstream/jetstream_options.go:370	implemented	JetStream.pull_prioritized	partial	lib/nats/io/jetstream/pull_subscription.rb:116 fetch	fetch priority: only; no Consume/Messages
jetstream-types	jetstream.PullPriorityGroup	type	string	jetstream/jetstream_options.go:386	implemented	JetStream.pull_priority_group	partial	lib/nats/io/jetstream/pull_subscription.rb:116 fetch	fetch group: only; no Consume/Messages
jetstream-types	jetstream.PullThresholdBytes	type	int	jetstream/jetstream_options.go:299	implemented	JetStream.pull_threshold_bytes	missing		no Consume refill thresholds
jetstream-types	jetstream.PullThresholdMessages	type	int	jetstream/jetstream_options.go:282	implemented	JetStream.pull_threshold_messages	missing		no Consume refill thresholds
jetstream-types	jetstream.PushConsumeOpt	type	interface	jetstream/push.go:42	planned		missing		no push Consume options
jetstream-types	jetstream.PushConsumer	type	interface	jetstream/consumer.go:165	planned		partial	lib/nats/io/jetstream.rb:160 subscribe	legacy push subscribe (PushSubscription#consumer_info); no PushConsumer handle/Consume/CachedInfo
jetstream-types	jetstream.RawStreamMsg	type	struct	jetstream/stream.go:162	planned		present	lib/nats/io/jetstream/api.rb:492	API::RawStreamMsg from get_msg/get_last_msg
jetstream-types	jetstream.RawStreamMsg.Data	field	[]byte	jetstream/stream.go:166	planned		present	lib/nats/io/jetstream/api.rb:492	data (base64-decoded)
jetstream-types	jetstream.RawStreamMsg.Header	field	nats.Header	jetstream/stream.go:165	planned		partial	lib/nats/io/jetstream/api.rb:492	headers Hash; STREAM.MSG.GET path splits lines naively, repeated keys collapse to last
jetstream-types	jetstream.RawStreamMsg.Sequence	field	uint64	jetstream/stream.go:164	planned		partial	lib/nats/io/jetstream/api.rb:492	seq Integer for MSG.GET, but String from Nats-Sequence header for direct get
jetstream-types	jetstream.RawStreamMsg.Subject	field	string	jetstream/stream.go:163	planned		present	lib/nats/io/jetstream/api.rb:492	subject
jetstream-types	jetstream.RawStreamMsg.Time	field	time.Time	jetstream/stream.go:167	planned		missing	lib/nats/io/jetstream/api.rb:492	server 'time' key silently dropped by Struct filter; no time member
jetstream-types	jetstream.RePublish	type	struct	jetstream/stream_config.go:436	planned		present	lib/nats/io/jetstream/api.rb:373	republish: {src:, dest:, headers_only:} Hash passed through
jetstream-types	jetstream.RePublish.Destination	field	string	jetstream/stream_config.go:441	planned		present	lib/nats/io/jetstream/api.rb:373	republish[:dest]
jetstream-types	jetstream.RePublish.HeadersOnly	field	bool	jetstream/stream_config.go:445	planned		present	lib/nats/io/jetstream/api.rb:373	republish[:headers_only]
jetstream-types	jetstream.RePublish.Source	field	string	jetstream/stream_config.go:438	planned		present	lib/nats/io/jetstream/api.rb:373	republish[:src]
jetstream-types	jetstream.ReplayInstantPolicy	constant	ReplayPolicy	jetstream/consumer_config.go:556	planned		present	lib/nats/io/jetstream/api.rb:176 replay_policy	String "instant"; no constant
jetstream-types	jetstream.ReplayOriginalPolicy	constant	ReplayPolicy	jetstream/consumer_config.go:560	planned		present	lib/nats/io/jetstream/api.rb:176 replay_policy	String "original"; no constant
jetstream-types	jetstream.ReplayPolicy	type	int	jetstream/consumer_config.go:345	planned		present	lib/nats/io/jetstream/api.rb:176	replay_policy String
jetstream-types	jetstream.RetentionPolicy	type	int	jetstream/stream_config.go:535	planned		present	lib/nats/io/jetstream/api.rb:354	retention String
jetstream-types	jetstream.S2Compression	constant	StoreCompression	jetstream/stream_config.go:781	planned		present	lib/nats/io/jetstream/api.rb:377 compression	String "s2"; no constant
jetstream-types	jetstream.ScheduleDaily	constant	"@daily"	jetstream/jetstream_options.go:727	implemented	JetStream::SCHEDULE_DAILY	present	lib/nats/io/jetstream.rb:120 publish(schedule: {cron:})	String "@daily" as schedule cron: (documented); no constant
jetstream-types	jetstream.ScheduleHeader	constant	"Nats-Schedule"	jetstream/message.go:227	implemented	JetStream::SCHEDULE_HEADER	present	lib/nats/io/jetstream/header.rb:83	JetStream::Header::SCHEDULE
jetstream-types	jetstream.ScheduleHourly	constant	"@hourly"	jetstream/jetstream_options.go:728	implemented	JetStream::SCHEDULE_HOURLY	present	lib/nats/io/jetstream.rb:120 publish(schedule: {cron:})	String "@hourly" as schedule cron: (documented); no constant
jetstream-types	jetstream.ScheduleMonthly	constant	"@monthly"	jetstream/jetstream_options.go:725	implemented	JetStream::SCHEDULE_MONTHLY	present	lib/nats/io/jetstream.rb:120 publish(schedule: {cron:})	String "@monthly" as schedule cron: (documented); no constant
jetstream-types	jetstream.ScheduleNextHeader	constant	"Nats-Schedule-Next"	jetstream/message.go:287	implemented	JetStream::SCHEDULE_NEXT_HEADER	present	lib/nats/io/jetstream/header.rb:104	JetStream::Header::SCHEDULE_NEXT
jetstream-types	jetstream.ScheduleRollupHeader	constant	"Nats-Schedule-Rollup"	jetstream/message.go:262	implemented	JetStream::SCHEDULE_ROLLUP_HEADER	present	lib/nats/io/jetstream/header.rb:96	JetStream::Header::SCHEDULE_ROLLUP
jetstream-types	jetstream.ScheduleSourceHeader	constant	"Nats-Schedule-Source"	jetstream/message.go:240	implemented	JetStream::SCHEDULE_SOURCE_HEADER	present	lib/nats/io/jetstream/header.rb:88	JetStream::Header::SCHEDULE_SOURCE
jetstream-types	jetstream.ScheduleTTLHeader	constant	"Nats-Schedule-TTL"	jetstream/message.go:249	implemented	JetStream::SCHEDULE_TTL_HEADER	present	lib/nats/io/jetstream/header.rb:90	JetStream::Header::SCHEDULE_TTL
jetstream-types	jetstream.ScheduleTargetHeader	constant	"Nats-Schedule-Target"	jetstream/message.go:233	implemented	JetStream::SCHEDULE_TARGET_HEADER	present	lib/nats/io/jetstream/header.rb:85	JetStream::Header::SCHEDULE_TARGET
jetstream-types	jetstream.ScheduleTimeZoneHeader	constant	"Nats-Schedule-Time-Zone"	jetstream/message.go:256	implemented	JetStream::SCHEDULE_TIME_ZONE_HEADER	present	lib/nats/io/jetstream/header.rb:93	JetStream::Header::SCHEDULE_TIME_ZONE
jetstream-types	jetstream.ScheduleWeekly	constant	"@weekly"	jetstream/jetstream_options.go:726	implemented	JetStream::SCHEDULE_WEEKLY	present	lib/nats/io/jetstream.rb:120 publish(schedule: {cron:})	String "@weekly" as schedule cron: (documented); no constant
jetstream-types	jetstream.ScheduleYearly	constant	"@yearly"	jetstream/jetstream_options.go:724	implemented	JetStream::SCHEDULE_YEARLY	present	lib/nats/io/jetstream.rb:120 publish(schedule: {cron:})	String "@yearly" as schedule cron: (documented); no constant
jetstream-types	jetstream.SchedulerHeader	constant	"Nats-Scheduler"	jetstream/message.go:283	implemented	JetStream::SCHEDULER_HEADER	present	lib/nats/io/jetstream/header.rb:100	JetStream::Header::SCHEDULER
jetstream-types	jetstream.SequenceHeader	constant	"Nats-Sequence"	jetstream/message.go:273	planned		present	lib/nats/io/jetstream/header.rb:59	JetStream::Header::SEQUENCE
jetstream-types	jetstream.SequenceInfo	type	struct	jetstream/consumer_config.go:349	planned		present	lib/nats/io/jetstream/api.rb:33	API::SequenceInfo
jetstream-types	jetstream.SequenceInfo.Consumer	field	uint64	jetstream/consumer_config.go:350	planned		present	lib/nats/io/jetstream/api.rb:33	consumer_seq
jetstream-types	jetstream.SequenceInfo.Last	field	*time.Time	jetstream/consumer_config.go:352	planned		partial	lib/nats/io/jetstream/api.rb:33	last_active kept as String, not parsed to Time
jetstream-types	jetstream.SequenceInfo.Stream	field	uint64	jetstream/consumer_config.go:351	planned		present	lib/nats/io/jetstream/api.rb:33	stream_seq
jetstream-types	jetstream.SequencePair	type	struct	jetstream/message.go:118	planned		present	lib/nats/io/jetstream/msg/ack.rb:60	msg.metadata.sequence Struct(stream, consumer); constant itself private
jetstream-types	jetstream.SequencePair.Consumer	field	uint64	jetstream/message.go:122	planned		present	lib/nats/io/jetstream/msg/ack.rb:60	sequence.consumer
jetstream-types	jetstream.SequencePair.Stream	field	uint64	jetstream/message.go:125	planned		present	lib/nats/io/jetstream/msg/ack.rb:60	sequence.stream
jetstream-types	jetstream.StopAfter	type	int	jetstream/jetstream_options.go:431	implemented	JetStream.stop_after	missing		no Consume/Messages
jetstream-types	jetstream.StorageType	type	int	jetstream/stream_config.go:538	planned		present	lib/nats/io/jetstream/api.rb:362	storage String
jetstream-types	jetstream.StoreCompression	type	uint8	jetstream/stream_config.go:541	planned		present	lib/nats/io/jetstream/api.rb:377	compression String
jetstream-types	jetstream.Stream	type	interface	jetstream/stream.go:32	planned		partial	lib/nats/io/jetstream/manager.rb:73	no Stream handle object; per-name manager calls (stream_info, get_msg, get_last_msg, consumer ops); no purge, delete_msg, cached info
jetstream-types	jetstream.StreamConfig	type	struct	jetstream/stream_config.go:58	planned		present	lib/nats/io/jetstream/api.rb:350	API::StreamConfig Struct; unknown keys silently dropped; 2.11+ defaults not sent
jetstream-types	jetstream.StreamConfig.AllowAtomicPublish	field	bool	jetstream/stream_config.go:209	planned		present	lib/nats/io/jetstream/api.rb:384	allow_atomic
jetstream-types	jetstream.StreamConfig.AllowBatchPublish	field	bool	jetstream/stream_config.go:219	planned		present	lib/nats/io/jetstream/api.rb:387	allow_batched
jetstream-types	jetstream.StreamConfig.AllowDirect	field	bool	jetstream/stream_config.go:178	planned		present	lib/nats/io/jetstream/api.rb:374	allow_direct
jetstream-types	jetstream.StreamConfig.AllowMsgCounter	field	bool	jetstream/stream_config.go:206	planned		present	lib/nats/io/jetstream/api.rb:383	allow_msg_counter
jetstream-types	jetstream.StreamConfig.AllowMsgSchedules	field	bool	jetstream/stream_config.go:212	planned		present	lib/nats/io/jetstream/api.rb:385	allow_msg_schedules
jetstream-types	jetstream.StreamConfig.AllowMsgTTL	field	bool	jetstream/stream_config.go:199	planned		present	lib/nats/io/jetstream/api.rb:381	allow_msg_ttl
jetstream-types	jetstream.StreamConfig.AllowRollup	field	bool	jetstream/stream_config.go:158	planned		present	lib/nats/io/jetstream/api.rb:372	allow_rollup_hdrs
jetstream-types	jetstream.StreamConfig.Compression	field	StoreCompression	jetstream/stream_config.go:162	planned		present	lib/nats/io/jetstream/api.rb:377	compression String
jetstream-types	jetstream.StreamConfig.ConsumerLimits	field	StreamConsumerLimits	jetstream/stream_config.go:186	planned		present	lib/nats/io/jetstream/api.rb:380	consumer_limits Hash {inactive_threshold: ns, max_ack_pending:}
jetstream-types	jetstream.StreamConfig.DenyDelete	field	bool	jetstream/stream_config.go:149	planned		present	lib/nats/io/jetstream/api.rb:370	deny_delete
jetstream-types	jetstream.StreamConfig.DenyPurge	field	bool	jetstream/stream_config.go:153	planned		present	lib/nats/io/jetstream/api.rb:371	deny_purge
jetstream-types	jetstream.StreamConfig.Description	field	string	jetstream/stream_config.go:67	planned		present	lib/nats/io/jetstream/api.rb:352	description
jetstream-types	jetstream.StreamConfig.Discard	field	DiscardPolicy	jetstream/stream_config.go:94	planned		present	lib/nats/io/jetstream/api.rb:358	discard String
jetstream-types	jetstream.StreamConfig.DiscardNewPerSubject	field	bool	jetstream/stream_config.go:99	planned		present	lib/nats/io/jetstream/api.rb:388	discard_new_per_subject
jetstream-types	jetstream.StreamConfig.Duplicates	field	time.Duration	jetstream/stream_config.go:130	planned		present	lib/nats/io/jetstream/api.rb:365	duplicate_window (ns Integer)
jetstream-types	jetstream.StreamConfig.FirstSeq	field	uint64	jetstream/stream_config.go:166	planned		present	lib/nats/io/jetstream/api.rb:378	first_seq
jetstream-types	jetstream.StreamConfig.MaxAge	field	time.Duration	jetstream/stream_config.go:102	planned		present	lib/nats/io/jetstream/api.rb:359	max_age (ns Integer)
jetstream-types	jetstream.StreamConfig.MaxBytes	field	int64	jetstream/stream_config.go:90	planned		present	lib/nats/io/jetstream/api.rb:357	max_bytes
jetstream-types	jetstream.StreamConfig.MaxConsumers	field	int	jetstream/stream_config.go:80	planned		present	lib/nats/io/jetstream/api.rb:355	max_consumers
jetstream-types	jetstream.StreamConfig.MaxMsgSize	field	int32	jetstream/stream_config.go:109	planned		present	lib/nats/io/jetstream/api.rb:361	max_msg_size
jetstream-types	jetstream.StreamConfig.MaxMsgs	field	int64	jetstream/stream_config.go:85	planned		present	lib/nats/io/jetstream/api.rb:356	max_msgs
jetstream-types	jetstream.StreamConfig.MaxMsgsPerSubject	field	int64	jetstream/stream_config.go:106	planned		present	lib/nats/io/jetstream/api.rb:360	max_msgs_per_subject
jetstream-types	jetstream.StreamConfig.Metadata	field	map[string]string	jetstream/stream_config.go:191	planned		present	lib/nats/io/jetstream/api.rb:376	metadata Hash
jetstream-types	jetstream.StreamConfig.Mirror	field	*StreamSource	jetstream/stream_config.go:137	planned		present	lib/nats/io/jetstream/api.rb:367	mirror Hash (StreamSource keys)
jetstream-types	jetstream.StreamConfig.MirrorDirect	field	bool	jetstream/stream_config.go:182	planned		present	lib/nats/io/jetstream/api.rb:375	mirror_direct
jetstream-types	jetstream.StreamConfig.Name	field	string	jetstream/stream_config.go:64	planned		present	lib/nats/io/jetstream/api.rb:351	name (required, validated)
jetstream-types	jetstream.StreamConfig.NoAck	field	bool	jetstream/stream_config.go:126	planned		present	lib/nats/io/jetstream/api.rb:364	no_ack
jetstream-types	jetstream.StreamConfig.PersistMode	field	PersistModeType	jetstream/stream_config.go:215	planned		present	lib/nats/io/jetstream/api.rb:386	persist_mode String
jetstream-types	jetstream.StreamConfig.Placement	field	*Placement	jetstream/stream_config.go:134	planned		present	lib/nats/io/jetstream/api.rb:366	placement Hash
jetstream-types	jetstream.StreamConfig.RePublish	field	*RePublish	jetstream/stream_config.go:174	planned		present	lib/nats/io/jetstream/api.rb:373	republish Hash
jetstream-types	jetstream.StreamConfig.Replicas	field	int	jetstream/stream_config.go:117	planned		present	lib/nats/io/jetstream/api.rb:363	num_replicas
jetstream-types	jetstream.StreamConfig.Retention	field	RetentionPolicy	jetstream/stream_config.go:76	planned		present	lib/nats/io/jetstream/api.rb:354	retention String
jetstream-types	jetstream.StreamConfig.Sealed	field	bool	jetstream/stream_config.go:145	planned		present	lib/nats/io/jetstream/api.rb:369	sealed
jetstream-types	jetstream.StreamConfig.Sources	field	[]*StreamSource	jetstream/stream_config.go:140	planned		present	lib/nats/io/jetstream/api.rb:368	sources Array<Hash>
jetstream-types	jetstream.StreamConfig.Storage	field	StorageType	jetstream/stream_config.go:113	planned		present	lib/nats/io/jetstream/api.rb:362	storage String
jetstream-types	jetstream.StreamConfig.SubjectDeleteMarkerTTL	field	time.Duration	jetstream/stream_config.go:203	planned		present	lib/nats/io/jetstream/api.rb:382	subject_delete_marker_ttl (ns Integer)
jetstream-types	jetstream.StreamConfig.SubjectTransform	field	*SubjectTransformConfig	jetstream/stream_config.go:170	planned		present	lib/nats/io/jetstream/api.rb:379	subject_transform Hash {src:, dest:}
jetstream-types	jetstream.StreamConfig.Subjects	field	[]string	jetstream/stream_config.go:72	planned		present	lib/nats/io/jetstream/api.rb:353	subjects
jetstream-types	jetstream.StreamConfig.Template	field	string	jetstream/stream_config.go:195	planned		missing	lib/nats/io/jetstream/api.rb:350	template_owner not a member; silently dropped on send and decode (deprecated upstream)
jetstream-types	jetstream.StreamConsumerLimits	type	struct	jetstream/stream_config.go:520	planned		present	lib/nats/io/jetstream/api.rb:380	consumer_limits Hash passed through
jetstream-types	jetstream.StreamConsumerLimits.InactiveThreshold	field	time.Duration	jetstream/stream_config.go:523	planned		present	lib/nats/io/jetstream/api.rb:380	consumer_limits[:inactive_threshold] ns
jetstream-types	jetstream.StreamConsumerLimits.MaxAckPending	field	int	jetstream/stream_config.go:527	planned		present	lib/nats/io/jetstream/api.rb:380	consumer_limits[:max_ack_pending]
jetstream-types	jetstream.StreamConsumerManager	type	interface	jetstream/jetstream.go:174	planned		partial	lib/nats/io/jetstream/manager.rb:124	consumer ops take stream name on Manager; no list/names/ordered/push handles
jetstream-types	jetstream.StreamConsumerSource	type	struct	jetstream/stream_config.go:499	planned		present	lib/nats/io/jetstream/api.rb:368	source[:consumer] Hash passed through (raw)
jetstream-types	jetstream.StreamConsumerSource.DeliverSubject	field	string	jetstream/stream_config.go:504	planned		present	lib/nats/io/jetstream/api.rb:368	source[:consumer][:deliver_subject]
jetstream-types	jetstream.StreamConsumerSource.Name	field	string	jetstream/stream_config.go:501	planned		present	lib/nats/io/jetstream/api.rb:368	source[:consumer][:name]
jetstream-types	jetstream.StreamHeader	constant	"Nats-Stream"	jetstream/message.go:270	planned		present	lib/nats/io/jetstream/header.rb:55	JetStream::Header::STREAM
jetstream-types	jetstream.StreamInfo	type	struct	jetstream/stream_config.go:26	planned		present	lib/nats/io/jetstream/api.rb:429	API::StreamInfo frozen Struct from stream_info
jetstream-types	jetstream.StreamInfo.Cluster	field	*ClusterInfo	jetstream/stream_config.go:41	planned		present	lib/nats/io/jetstream/api.rb:429	cluster raw Hash
jetstream-types	jetstream.StreamInfo.Config	field	StreamConfig	jetstream/stream_config.go:29	planned		present	lib/nats/io/jetstream/api.rb:429	config StreamConfig
jetstream-types	jetstream.StreamInfo.Created	field	time.Time	jetstream/stream_config.go:32	planned		present	lib/nats/io/jetstream/api.rb:429	created parsed Time
jetstream-types	jetstream.StreamInfo.Mirror	field	*StreamSourceInfo	jetstream/stream_config.go:47	planned		present	lib/nats/io/jetstream/api.rb:429	mirror raw Hash (StreamSourceInfo keys)
jetstream-types	jetstream.StreamInfo.Sources	field	[]*StreamSourceInfo	jetstream/stream_config.go:51	planned		present	lib/nats/io/jetstream/api.rb:429	sources Array of raw Hashes
jetstream-types	jetstream.StreamInfo.State	field	StreamState	jetstream/stream_config.go:37	planned		present	lib/nats/io/jetstream/api.rb:429	state StreamState
jetstream-types	jetstream.StreamInfo.TimeStamp	field	time.Time	jetstream/stream_config.go:54	planned		present	lib/nats/io/jetstream/api.rb:429	ts parsed Time
jetstream-types	jetstream.StreamInfoLister	type	interface	jetstream/jetstream.go:411	planned		missing		no stream listing (STREAM.LIST)
jetstream-types	jetstream.StreamInfoOpt	type	func(*streamInfoRequest) error	jetstream/stream.go:177	planned		missing	lib/nats/io/jetstream/manager.rb:73 stream_info	stream_info sends empty request: no deleted_details / subjects_filter options
jetstream-types	jetstream.StreamListOpt	type	func(*streamsRequest) error	jetstream/jetstream.go:254	planned		missing		no stream list, so no subject filter option
jetstream-types	jetstream.StreamManager	type	interface	jetstream/jetstream.go:131	planned		partial	lib/nats/io/jetstream/manager.rb:53	add/update/delete/stream_info, find_stream_name_by_subject; no list/names, Stream handle, create-or-update, purge
jetstream-types	jetstream.StreamNameLister	type	interface	jetstream/jetstream.go:419	planned		missing		no stream names listing (find_stream_name_by_subject returns first only)
jetstream-types	jetstream.StreamPurgeRequest	type	struct	jetstream/stream.go:195	planned		missing		no purge_stream API
jetstream-types	jetstream.StreamPurgeRequest.Keep	field	uint64	jetstream/stream.go:201	planned		missing		no purge_stream API
jetstream-types	jetstream.StreamPurgeRequest.Sequence	field	uint64	jetstream/stream.go:197	planned		missing		no purge_stream API
jetstream-types	jetstream.StreamPurgeRequest.Subject	field	string	jetstream/stream.go:199	planned		missing		no purge_stream API
jetstream-types	jetstream.StreamSource	type	struct	jetstream/stream_config.go:460	planned		present	lib/nats/io/jetstream/api.rb:368	source Hash passed through (raw keys)
jetstream-types	jetstream.StreamSource.Consumer	field	*StreamConsumerSource	jetstream/stream_config.go:488	planned		present	lib/nats/io/jetstream/api.rb:368	[:consumer] Hash
jetstream-types	jetstream.StreamSource.Domain	field	string	jetstream/stream_config.go:493	planned		partial	lib/nats/io/jetstream/api.rb:368	no domain helper; must set external: {api: "$JS.<d>.API"} by hand
jetstream-types	jetstream.StreamSource.External	field	*ExternalStream	jetstream/stream_config.go:483	planned		present	lib/nats/io/jetstream/api.rb:368	[:external] Hash
jetstream-types	jetstream.StreamSource.FilterSubject	field	string	jetstream/stream_config.go:472	planned		present	lib/nats/io/jetstream/api.rb:368	[:filter_subject]
jetstream-types	jetstream.StreamSource.Name	field	string	jetstream/stream_config.go:462	planned		present	lib/nats/io/jetstream/api.rb:368	[:name]
jetstream-types	jetstream.StreamSource.OptStartSeq	field	uint64	jetstream/stream_config.go:465	planned		present	lib/nats/io/jetstream/api.rb:368	[:opt_start_seq]
jetstream-types	jetstream.StreamSource.OptStartTime	field	*time.Time	jetstream/stream_config.go:468	planned		partial	lib/nats/io/jetstream/api.rb:368	[:opt_start_time] must be RFC3339 String; Time not converted
jetstream-types	jetstream.StreamSource.SubjectTransforms	field	[]SubjectTransformConfig	jetstream/stream_config.go:479	planned		present	lib/nats/io/jetstream/api.rb:368	[:subject_transforms] Array of {src:, dest:}
jetstream-types	jetstream.StreamSourceInfo	type	struct	jetstream/stream_config.go:224	planned		present	lib/nats/io/jetstream/api.rb:429 mirror/sources	raw Hash
jetstream-types	jetstream.StreamSourceInfo.Active	field	time.Duration	jetstream/stream_config.go:239	planned		present	lib/nats/io/jetstream/api.rb:429 mirror/sources	[:active] raw Hash key (ns Integer)
jetstream-types	jetstream.StreamSourceInfo.FilterSubject	field	string	jetstream/stream_config.go:242	planned		present	lib/nats/io/jetstream/api.rb:429 mirror/sources	[:filter_subject] raw Hash key
jetstream-types	jetstream.StreamSourceInfo.Lag	field	uint64	jetstream/stream_config.go:231	planned		present	lib/nats/io/jetstream/api.rb:429 mirror/sources	[:lag] raw Hash key
jetstream-types	jetstream.StreamSourceInfo.Name	field	string	jetstream/stream_config.go:226	planned		present	lib/nats/io/jetstream/api.rb:429 mirror/sources	[:name] raw Hash key
jetstream-types	jetstream.StreamSourceInfo.Seq	field	uint64	jetstream/stream_config.go:235	planned		present	lib/nats/io/jetstream/api.rb:429 mirror/sources	[:seq] raw Hash key
jetstream-types	jetstream.StreamSourceInfo.SubjectTransforms	field	[]SubjectTransformConfig	jetstream/stream_config.go:246	planned		present	lib/nats/io/jetstream/api.rb:429 mirror/sources	[:subject_transforms] raw Hash key
jetstream-types	jetstream.StreamState	type	struct	jetstream/stream_config.go:250	planned		partial	lib/nats/io/jetstream/api.rb:458	API::StreamState lacks deleted/num_deleted/num_subjects/subjects (silently dropped); times are Strings
jetstream-types	jetstream.StreamState.Bytes	field	uint64	jetstream/stream_config.go:255	planned		present	lib/nats/io/jetstream/api.rb:458	bytes
jetstream-types	jetstream.StreamState.Consumers	field	int	jetstream/stream_config.go:270	planned		present	lib/nats/io/jetstream/api.rb:458	consumer_count
jetstream-types	jetstream.StreamState.Deleted	field	[]uint64	jetstream/stream_config.go:275	planned		missing	lib/nats/io/jetstream/api.rb:458	not a member (dropped); stream_info cannot request deleted_details
jetstream-types	jetstream.StreamState.FirstSeq	field	uint64	jetstream/stream_config.go:258	planned		present	lib/nats/io/jetstream/api.rb:458	first_seq
jetstream-types	jetstream.StreamState.FirstTime	field	time.Time	jetstream/stream_config.go:261	planned		partial	lib/nats/io/jetstream/api.rb:458	first_ts kept as String, not Time
jetstream-types	jetstream.StreamState.LastSeq	field	uint64	jetstream/stream_config.go:264	planned		present	lib/nats/io/jetstream/api.rb:458	last_seq
jetstream-types	jetstream.StreamState.LastTime	field	time.Time	jetstream/stream_config.go:267	planned		partial	lib/nats/io/jetstream/api.rb:458	last_ts kept as String, not Time
jetstream-types	jetstream.StreamState.Msgs	field	uint64	jetstream/stream_config.go:252	planned		present	lib/nats/io/jetstream/api.rb:458	messages
jetstream-types	jetstream.StreamState.NumDeleted	field	int	jetstream/stream_config.go:281	planned		missing	lib/nats/io/jetstream/api.rb:458	num_deleted not a member; silently dropped
jetstream-types	jetstream.StreamState.NumSubjects	field	uint64	jetstream/stream_config.go:285	planned		missing	lib/nats/io/jetstream/api.rb:458	num_subjects not a member; silently dropped
jetstream-types	jetstream.StreamState.Subjects	field	map[string]uint64	jetstream/stream_config.go:290	planned		missing	lib/nats/io/jetstream/api.rb:458	not a member; no subjects_filter request
jetstream-types	jetstream.SubjectHeader	constant	"Nats-Subject"	jetstream/message.go:279	planned		present	lib/nats/io/jetstream/header.rb:57	JetStream::Header::SUBJECT
jetstream-types	jetstream.SubjectTransformConfig	type	struct	jetstream/stream_config.go:425	planned		present	lib/nats/io/jetstream/api.rb:379	{src:, dest:} Hash (subject_transform / subject_transforms)
jetstream-types	jetstream.SubjectTransformConfig.Destination	field	string	jetstream/stream_config.go:430	planned		present	lib/nats/io/jetstream/api.rb:379	[:dest]
jetstream-types	jetstream.SubjectTransformConfig.Source	field	string	jetstream/stream_config.go:427	planned		present	lib/nats/io/jetstream/api.rb:379	[:src]
jetstream-types	jetstream.Tier	type	struct	jetstream/jetstream.go:273	planned		present	lib/nats/io/jetstream/manager.rb:336 account_info	raw Hash (top-level or info[:tiers][name])
jetstream-types	jetstream.Tier.Consumers	field	int	jetstream/jetstream.go:293	planned		present	lib/nats/io/jetstream/manager.rb:336 account_info	[:consumers] raw Hash key
jetstream-types	jetstream.Tier.Limits	field	AccountLimits	jetstream/jetstream.go:296	planned		present	lib/nats/io/jetstream/manager.rb:336 account_info	[:limits] raw Hash key
jetstream-types	jetstream.Tier.Memory	field	uint64	jetstream/jetstream.go:275	planned		present	lib/nats/io/jetstream/manager.rb:336 account_info	[:memory] raw Hash key
jetstream-types	jetstream.Tier.ReservedMemory	field	uint64	jetstream/jetstream.go:282	planned		present	lib/nats/io/jetstream/manager.rb:336 account_info	[:reserved_memory] raw Hash key
jetstream-types	jetstream.Tier.ReservedStore	field	uint64	jetstream/jetstream.go:286	planned		present	lib/nats/io/jetstream/manager.rb:336 account_info	[:reserved_storage] raw Hash key
jetstream-types	jetstream.Tier.Store	field	uint64	jetstream/jetstream.go:278	planned		present	lib/nats/io/jetstream/manager.rb:336 account_info	[:storage] raw Hash key
jetstream-types	jetstream.Tier.Streams	field	int	jetstream/jetstream.go:289	planned		present	lib/nats/io/jetstream/manager.rb:336 account_info	[:streams] raw Hash key
jetstream-types	jetstream.TimeStampHeaer	constant	"Nats-Time-Stamp"	jetstream/message.go:276	planned		present	lib/nats/io/jetstream/header.rb:61	JetStream::Header::TIME_STAMP
jetstream-types	jetstream.WorkQueuePolicy	constant	RetentionPolicy	jetstream/stream_config.go:590	planned		present	lib/nats/io/jetstream/api.rb:354 retention	String "workqueue"; no constant
kv-objectstore	jetstream.AllKeys	constant	">"	jetstream/kv.go:495	implemented	JetStream::ALL_KEYS	partial	lib/nats/io/kv.rb:213 watchall	">" literal used by watchall/watch([]); no public ALL_KEYS constant
kv-objectstore	jetstream.DecodeObjectDigest	function	func(data string) ([]byte, error)	jetstream/object.go:823	implemented	JetStream.decode_object_digest	missing	-	nats-pure.rb has no Object Store (no $O./OBJ_ code anywhere in repo)
kv-objectstore	jetstream.ErrBadBucket	error	&jsError{message: "bucket not valid key-value store"}	jetstream/errors.go:424	implemented	BadBucket	present	lib/nats/io/kv/errors.rb:50 BadBucketError	raised by key_value when max_msgs_per_subject < 1
kv-objectstore	jetstream.ErrBadObjectMeta	error	&jsError{message: "object-store meta information invalid"}	jetstream/errors.go:455	implemented	BadObjectMeta	missing	-	nats-pure.rb has no Object Store (no $O./OBJ_ code anywhere in repo)
kv-objectstore	jetstream.ErrBucketExists	error	&jsError{message: "bucket name already in use"}	jetstream/errors.go:416	implemented	BucketExists	missing	-	create_key_value just calls add_stream; a conflicting bucket surfaces as JetStream APIError 10058, no bucket-exists error
kv-objectstore	jetstream.ErrBucketMalformed	error	&jsError{message: "bucket malformed"}	jetstream/errors.go:504	implemented	BucketMalformed	missing	-	no malformed-bucket check/error
kv-objectstore	jetstream.ErrBucketNotFound	error	&jsError{message: "bucket not found"}	jetstream/errors.go:420	implemented	BucketNotFound	present	lib/nats/io/kv/errors.rb:47 BucketNotFoundError	raised by key_value; delete_key_value raises JetStream NotFound instead
kv-objectstore	jetstream.ErrBucketRequired	error	&jsError{message: "bucket required"}	jetstream/errors.go:501	implemented	BucketRequired	missing	-	no empty-bucket-name validation
kv-objectstore	jetstream.ErrCantGetBucket	error	&jsError{message: "invalid Get, object is a link to a bucket"}	jetstream/errors.go:498	implemented	CantGetBucket	missing	-	nats-pure.rb has no Object Store (no $O./OBJ_ code anywhere in repo)
kv-objectstore	jetstream.ErrInvalidBucketName	error	&jsError{message: "invalid bucket name"}	jetstream/errors.go:408	implemented	InvalidBucketName	missing	lib/nats/io/kv.rb:33 VALID_BUCKET_RE	VALID_BUCKET_RE defined but never used; no bucket-name validation/error
kv-objectstore	jetstream.ErrInvalidKey	error	&jsError{message: "invalid key"}	jetstream/errors.go:412	implemented	InvalidKey	partial	lib/nats/io/kv/errors.rb:77 InvalidKeyError	only raised when opt-in validate_keys is set; Go always validates keys
kv-objectstore	jetstream.ErrKeyDeleted	error	&jsError{message: "key was deleted"}	jetstream/errors.go:432	implemented	KeyDeleted	present	lib/nats/io/kv/errors.rb:40 KeyDeletedError	subclass of KeyNotFoundError; get maps it to KeyNotFoundError like Go
kv-objectstore	jetstream.ErrKeyExists	error	&jsError{apiErr: &APIError{ErrorCode: JSErrCodeStreamWrongLastSequence, Code: 400}, message: "key exists"}	jetstream/errors.go:393	implemented	KeyExists	partial	lib/nats/io/kv.rb:119 create	create on existing key raises KeyWrongLastSequenceError, no distinct KeyExists error
kv-objectstore	jetstream.ErrKeyNotFound	error	&jsError{message: "key not found"}	jetstream/errors.go:428	implemented	KeyNotFound	present	lib/nats/io/kv/errors.rb:24 KeyNotFoundError	
kv-objectstore	jetstream.ErrKeyRevisionMismatch	error	&jsError{message: "key revision mismatch"}	jetstream/errors.go:400	implemented	KeyRevisionMismatch	present	lib/nats/io/kv/errors.rb:53 KeyWrongLastSequenceError	raised by update on err_code 10071 (wrong last sequence)
kv-objectstore	jetstream.ErrKeyValueConfigRequired	error	&jsError{message: "config required"}	jetstream/errors.go:404	implemented	KeyValueConfigRequired	missing	-	create_key_value(nil) fails with a Ruby error, no config-required error
kv-objectstore	jetstream.ErrLinkNotAllowed	error	&jsError{message: "link cannot be set when putting the object in bucket"}	jetstream/errors.go:483	implemented	LinkNotAllowed	missing	-	nats-pure.rb has no Object Store (no $O./OBJ_ code anywhere in repo)
kv-objectstore	jetstream.ErrNoKeysFound	error	&jsError{message: "no keys found"}	jetstream/errors.go:439	implemented	NoKeysFound	present	lib/nats/io/kv/errors.rb:64 NoKeysFoundError	raised lazily by keys/history enumerators
kv-objectstore	jetstream.ErrNoLinkToDeleted	error	&jsError{message: "not allowed to link to a deleted object"}	jetstream/errors.go:490	implemented	NoLinkToDeleted	missing	-	nats-pure.rb has no Object Store (no $O./OBJ_ code anywhere in repo)
kv-objectstore	jetstream.ErrNoLinkToLink	error	&jsError{message: "not allowed to link to another link"}	jetstream/errors.go:494	implemented	NoLinkToLink	missing	-	nats-pure.rb has no Object Store (no $O./OBJ_ code anywhere in repo)
kv-objectstore	jetstream.ErrNoObjectsFound	error	&jsError{message: "no objects found"}	jetstream/errors.go:472	implemented	NoObjectsFound	missing	-	nats-pure.rb has no Object Store (no $O./OBJ_ code anywhere in repo)
kv-objectstore	jetstream.ErrObjectAlreadyExists	error	&jsError{message: "an object already exists with that name"}	jetstream/errors.go:476	implemented	ObjectAlreadyExists	missing	-	nats-pure.rb has no Object Store (no $O./OBJ_ code anywhere in repo)
kv-objectstore	jetstream.ErrObjectConfigRequired	error	&jsError{message: "object-store config required"}	jetstream/errors.go:451	implemented	ObjectConfigRequired	missing	-	nats-pure.rb has no Object Store (no $O./OBJ_ code anywhere in repo)
kv-objectstore	jetstream.ErrObjectNotFound	error	&jsError{message: "object not found"}	jetstream/errors.go:458	implemented	ObjectNotFound	missing	-	nats-pure.rb has no Object Store (no $O./OBJ_ code anywhere in repo)
kv-objectstore	jetstream.ErrObjectRequired	error	&jsError{message: "object required"}	jetstream/errors.go:486	implemented	ObjectRequired	missing	-	nats-pure.rb has no Object Store (no $O./OBJ_ code anywhere in repo)
kv-objectstore	jetstream.ErrUpdateMetaDeleted	error	&jsError{message: "cannot update meta for a deleted object"}	jetstream/errors.go:508	implemented	UpdateMetaDeleted	missing	-	nats-pure.rb has no Object Store (no $O./OBJ_ code anywhere in repo)
kv-objectstore	jetstream.GetObjectDigestValue	function	func(data hash.Hash) string	jetstream/object.go:817	implemented	JetStream.get_object_digest_value	missing	-	nats-pure.rb has no Object Store (no $O./OBJ_ code anywhere in repo)
kv-objectstore	jetstream.GetObjectInfoOpt	type	func(opts *getObjectInfoOpts) error	jetstream/object.go:439	planned		n/a	-	Go functional-option type; Ruby uses params hashes; NQ Ruby does not expose it
kv-objectstore	jetstream.GetObjectInfoShowDeleted	constructor	func() GetObjectInfoOpt	jetstream/object_options.go:27	implemented	JetStream.get_object_info_show_deleted	missing	-	nats-pure.rb has no Object Store (no $O./OBJ_ code anywhere in repo)
kv-objectstore	jetstream.GetObjectOpt	type	func(opts *getObjectOpts) error	jetstream/object.go:436	planned		n/a	-	Go functional-option type; Ruby uses params hashes; NQ Ruby does not expose it
kv-objectstore	jetstream.GetObjectShowDeleted	constructor	func() GetObjectOpt	jetstream/object_options.go:18	implemented	JetStream.get_object_show_deleted	missing	-	nats-pure.rb has no Object Store (no $O./OBJ_ code anywhere in repo)
kv-objectstore	jetstream.IgnoreDeletes	constructor	func() WatchOpt	jetstream/kv_options.go:52	implemented	JetStream.ignore_deletes	present	lib/nats/io/kv.rb:265 watch(ignore_deletes:)	params[:ignore_deletes]
kv-objectstore	jetstream.KVCreateOpt	type	interface	jetstream/kv.go:418	planned		n/a	-	Go functional-option type; Ruby uses params hashes; NQ Ruby does not expose it
kv-objectstore	jetstream.KVDeleteOpt	type	interface	jetstream/kv.go:402	planned		n/a	-	Go functional-option type; Ruby uses params hashes; NQ Ruby does not expose it
kv-objectstore	jetstream.KVPurgeOpt	type	interface	jetstream/kv.go:427	planned		n/a	-	Go functional-option type; Ruby uses params hashes; NQ Ruby does not expose it
kv-objectstore	jetstream.KeyLister	type	interface	jetstream/kv.go:285	planned		partial	lib/nats/io/kv.rb:218 keys	keys returns a lazy Enumerator, not a lister object; raises NoKeysFoundError when empty
kv-objectstore	jetstream.KeyLister.Keys	method	func() <-chan string	jetstream/kv.go:286	implemented	KeyLister#keys	present	lib/nats/io/kv.rb:218 keys	Enumerator yields keys as they arrive
kv-objectstore	jetstream.KeyLister.Stop	method	func() error	jetstream/kv.go:287	implemented	KeyLister#stop	partial	lib/nats/io/kv.rb:231	watcher stopped only when enumerator runs to the end; no way to stop early (breaking leaks the watcher)
kv-objectstore	jetstream.KeyTTL	constructor	func(ttl time.Duration) KVCreateOpt	jetstream/kv_options.go:126	implemented	JetStream.key_ttl	missing	-	KV create has no per-key TTL; JetStream#publish has ttl: but KeyValue does not use it; no LimitMarkerTTL config
kv-objectstore	jetstream.KeyValue	type	interface	jetstream/kv.go:92	planned		present	lib/nats/io/kv.rb:23 NATS::KeyValue	
kv-objectstore	jetstream.KeyValue.Bucket	method	func() string	jetstream/kv.go:198	implemented	KeyValue#bucket	missing	-	bucket name kept in @name with no reader
kv-objectstore	jetstream.KeyValue.Create	method	func(ctx context.Context, key string, value []byte, opts ...KVCreateOpt) (uint64, error)	jetstream/kv.go:123	implemented	KeyValue#create	partial	lib/nats/io/kv.rb:119 create	no per-key TTL option; existing key raises KeyWrongLastSequenceError not KeyExists
kv-objectstore	jetstream.KeyValue.Delete	method	func(ctx context.Context, key string, opts ...KVDeleteOpt) error	jetstream/kv.go:139	implemented	KeyValue#delete	present	lib/nats/io/kv.rb:173 delete	last: param = LastRevision
kv-objectstore	jetstream.KeyValue.Get	method	func(ctx context.Context, key string) (KeyValueEntry, error)	jetstream/kv.go:95	implemented	KeyValue#get	partial	lib/nats/io/kv.rb:60 get	Entry lacks created and operation (get_msg drops message time); delta nil
kv-objectstore	jetstream.KeyValue.GetRevision	method	func(ctx context.Context, key string, revision uint64) (KeyValueEntry, error)	jetstream/kv.go:100	implemented	KeyValue#get_revision	present	lib/nats/io/kv.rb:60 get(key, revision:)	
kv-objectstore	jetstream.KeyValue.History	method	func(ctx context.Context, key string, opts ...WatchOpt) ([]KeyValueEntry, error)	jetstream/kv.go:195	implemented	KeyValue#history	present	lib/nats/io/kv.rb:237 history	returns Enumerator of entries
kv-objectstore	jetstream.KeyValue.Keys	method	func(ctx context.Context, opts ...WatchOpt) ([]string, error)	jetstream/kv.go:180	implemented	KeyValue#keys	present	lib/nats/io/kv.rb:218 keys	returns Enumerator rather than array
kv-objectstore	jetstream.KeyValue.ListKeys	method	func(ctx context.Context, opts ...WatchOpt) (KeyLister, error)	jetstream/kv.go:186	implemented	KeyValue#list_keys	partial	lib/nats/io/kv.rb:218 keys	keys Enumerator is lazy but raises NoKeysFoundError on empty bucket; no lister/stop
kv-objectstore	jetstream.KeyValue.ListKeysFiltered	method	func(ctx context.Context, filters ...string) (KeyLister, error)	jetstream/kv.go:191	implemented	KeyValue#list_keys_filtered	partial	lib/nats/io/kv.rb:265 watch(Array)	keys ignores filters despite its doc; workaround watch([filters], meta_only:true, ignore_deletes:true)
kv-objectstore	jetstream.KeyValue.Purge	method	func(ctx context.Context, key string, opts ...KVDeleteOpt) error	jetstream/kv.go:149	implemented	KeyValue#purge	partial	lib/nats/io/kv.rb:188 purge	no LastRevision/PurgeTTL options; returns PubAck not revision
kv-objectstore	jetstream.KeyValue.PurgeDeletes	method	func(ctx context.Context, opts ...KVPurgeOpt) error	jetstream/kv.go:206	implemented	KeyValue#purge_deletes	missing	-	no purge_deletes (and no stream purge API to build it)
kv-objectstore	jetstream.KeyValue.Put	method	func(ctx context.Context, key string, value []byte) (uint64, error)	jetstream/kv.go:108	implemented	KeyValue#put	present	lib/nats/io/kv.rb:111 put	
kv-objectstore	jetstream.KeyValue.PutString	method	func(ctx context.Context, key string, value string) (uint64, error)	jetstream/kv.go:116	implemented	KeyValue#put_string	present	lib/nats/io/kv.rb:111 put	Ruby strings are byte strings; put covers it
kv-objectstore	jetstream.KeyValue.Status	method	func(ctx context.Context) (KeyValueStatus, error)	jetstream/kv.go:209	implemented	KeyValue#status	present	lib/nats/io/kv.rb:198 status	returns KeyValue::BucketStatus
kv-objectstore	jetstream.KeyValue.Update	method	func(ctx context.Context, key string, value []byte, revision uint64) (uint64, error)	jetstream/kv.go:129	implemented	KeyValue#update	present	lib/nats/io/kv.rb:152 update(key, value, last:)	
kv-objectstore	jetstream.KeyValue.Watch	method	func(ctx context.Context, keys string, opts ...WatchOpt) (KeyWatcher, error)	jetstream/kv.go:167	implemented	KeyValue#watch	present	lib/nats/io/kv.rb:265 watch	supports include_history/ignore_deletes/meta_only; no resume_from_revision/updates_only
kv-objectstore	jetstream.KeyValue.WatchAll	method	func(ctx context.Context, opts ...WatchOpt) (KeyWatcher, error)	jetstream/kv.go:171	implemented	KeyValue#watch_all	present	lib/nats/io/kv.rb:212 watchall	
kv-objectstore	jetstream.KeyValue.WatchFiltered	method	func(ctx context.Context, keys []string, opts ...WatchOpt) (KeyWatcher, error)	jetstream/kv.go:175	implemented	KeyValue#watch_filtered	present	lib/nats/io/kv.rb:265 watch(Array)	keys Array -> filter_subjects (nats-server 2.10+)
kv-objectstore	jetstream.KeyValueBucketStatus	type	struct	jetstream/kv.go:811	planned		present	lib/nats/io/kv/bucket_status.rb:19 KeyValue::BucketStatus	
kv-objectstore	jetstream.KeyValueBucketStatus.BackingStore	method	func() string	jetstream/kv.go:829	implemented	KeyValueBucketStatus#backing_store	missing	-	no backing_store accessor
kv-objectstore	jetstream.KeyValueBucketStatus.Bucket	method	func() string	jetstream/kv.go:817	implemented	KeyValueBucketStatus#bucket	present	lib/nats/io/kv/bucket_status.rb:20 bucket	
kv-objectstore	jetstream.KeyValueBucketStatus.Bytes	method	func() uint64	jetstream/kv.go:835	implemented	KeyValueBucketStatus#bytes	partial	lib/nats/io/kv/bucket_status.rb:20 stream_info	no bytes accessor; only stream_info.state.bytes
kv-objectstore	jetstream.KeyValueBucketStatus.Config	method	func() KeyValueConfig	jetstream/kv.go:847	implemented	KeyValueBucketStatus#config	partial	lib/nats/io/kv/bucket_status.rb:20 stream_info	no KeyValueConfig reconstruction; only raw StreamConfig via stream_info.config
kv-objectstore	jetstream.KeyValueBucketStatus.History	method	func() int64	jetstream/kv.go:823	implemented	KeyValueBucketStatus#history	present	lib/nats/io/kv/bucket_status.rb:31 history	
kv-objectstore	jetstream.KeyValueBucketStatus.IsCompressed	method	func() bool	jetstream/kv.go:838	implemented	KeyValueBucketStatus#compressed?	present	lib/nats/io/kv/bucket_status.rb:40 compressed?	
kv-objectstore	jetstream.KeyValueBucketStatus.LimitMarkerTTL	method	func() time.Duration	jetstream/kv.go:842	implemented	KeyValueBucketStatus#limit_marker_ttl	partial	lib/nats/io/kv/bucket_status.rb:20 stream_info	no accessor; readable as stream_info.config.subject_delete_marker_ttl only
kv-objectstore	jetstream.KeyValueBucketStatus.Metadata	method	func() map[string]string	jetstream/kv.go:868	implemented	KeyValueBucketStatus#metadata	present	lib/nats/io/kv/bucket_status.rb:47 metadata	
kv-objectstore	jetstream.KeyValueBucketStatus.StreamInfo	method	func() *StreamInfo	jetstream/kv.go:832	implemented	KeyValueBucketStatus#stream_info	present	lib/nats/io/kv/bucket_status.rb:20 stream_info	
kv-objectstore	jetstream.KeyValueBucketStatus.TTL	method	func() time.Duration	jetstream/kv.go:826	implemented	KeyValueBucketStatus#ttl	present	lib/nats/io/kv/bucket_status.rb:35 ttl	seconds (Integer)
kv-objectstore	jetstream.KeyValueBucketStatus.Values	method	func() uint64	jetstream/kv.go:820	implemented	KeyValueBucketStatus#values	present	lib/nats/io/kv/bucket_status.rb:27 values	
kv-objectstore	jetstream.KeyValueConfig	type	struct	jetstream/kv.go:213	planned		present	lib/nats/io/kv/api.rb:20 KeyValue::API::KeyValueConfig	Struct; also accepts Hash/String
kv-objectstore	jetstream.KeyValueConfig.Bucket	field	string	jetstream/kv.go:217	planned		present	lib/nats/io/kv/api.rb:20 :bucket	
kv-objectstore	jetstream.KeyValueConfig.Compression	field	bool	jetstream/kv.go:267	planned		present	lib/nats/io/kv/api.rb:20 :compression	boolean -> s2
kv-objectstore	jetstream.KeyValueConfig.Description	field	string	jetstream/kv.go:220	planned		present	lib/nats/io/kv/api.rb:20 :description	
kv-objectstore	jetstream.KeyValueConfig.History	field	uint8	jetstream/kv.go:228	planned		present	lib/nats/io/kv/api.rb:20 :history	max 64 enforced
kv-objectstore	jetstream.KeyValueConfig.LimitMarkerTTL	field	time.Duration	jetstream/kv.go:273	planned		missing	-	no field; subject_delete_marker_ttl not settable via create_key_value
kv-objectstore	jetstream.KeyValueConfig.MaxBytes	field	int64	jetstream/kv.go:235	planned		present	lib/nats/io/kv/api.rb:20 :max_bytes	
kv-objectstore	jetstream.KeyValueConfig.MaxValueSize	field	int32	jetstream/kv.go:224	planned		present	lib/nats/io/kv/api.rb:20 :max_value_size	-> max_msg_size
kv-objectstore	jetstream.KeyValueConfig.Metadata	field	map[string]string	jetstream/kv.go:277	planned		present	lib/nats/io/kv/api.rb:20 :metadata	
kv-objectstore	jetstream.KeyValueConfig.Mirror	field	*StreamSource	jetstream/kv.go:255	planned		missing	-	no mirror field; create_key_value builds subjects-only stream
kv-objectstore	jetstream.KeyValueConfig.Placement	field	*Placement	jetstream/kv.go:247	planned		partial	lib/nats/io/kv/api.rb:20 :placement	Struct member exists but create_key_value never passes it to StreamConfig (silently dropped)
kv-objectstore	jetstream.KeyValueConfig.RePublish	field	*RePublish	jetstream/kv.go:251	planned		present	lib/nats/io/kv/api.rb:20 :republish	republish member, passed through
kv-objectstore	jetstream.KeyValueConfig.Replicas	field	int	jetstream/kv.go:243	planned		present	lib/nats/io/kv/api.rb:20 :replicas	
kv-objectstore	jetstream.KeyValueConfig.Sources	field	[]*StreamSource	jetstream/kv.go:263	planned		missing	-	no sources field
kv-objectstore	jetstream.KeyValueConfig.Storage	field	StorageType	jetstream/kv.go:239	planned		present	lib/nats/io/kv/api.rb:20 :storage	passed through as string
kv-objectstore	jetstream.KeyValueConfig.TTL	field	time.Duration	jetstream/kv.go:231	planned		present	lib/nats/io/kv/api.rb:20 :ttl	seconds
kv-objectstore	jetstream.KeyValueDelete	constant	KeyValueOp	jetstream/kv.go:465	implemented	JetStream::KEY_VALUE_DELETE	present	lib/nats/io/kv.rb:27 KV_DEL	"DEL" string used as Entry#operation
kv-objectstore	jetstream.KeyValueEntry	type	interface	jetstream/kv.go:357	planned		present	lib/nats/io/kv.rb:203 KeyValue::Entry	Struct
kv-objectstore	jetstream.KeyValueEntry.Bucket	method	func() string	jetstream/kv.go:359	implemented	KeyValueEntry#bucket	present	lib/nats/io/kv.rb:203 :bucket	
kv-objectstore	jetstream.KeyValueEntry.Created	method	func() time.Time	jetstream/kv.go:371	implemented	KeyValueEntry#created	partial	lib/nats/io/kv.rb:203 :created	set only on watch/history entries; nil from get
kv-objectstore	jetstream.KeyValueEntry.Delta	method	func() uint64	jetstream/kv.go:375	implemented	KeyValueEntry#delta	present	lib/nats/io/kv.rb:203 :delta	nil from get (Go 0)
kv-objectstore	jetstream.KeyValueEntry.Key	method	func() string	jetstream/kv.go:362	implemented	KeyValueEntry#key	present	lib/nats/io/kv.rb:203 :key	
kv-objectstore	jetstream.KeyValueEntry.Operation	method	func() KeyValueOp	jetstream/kv.go:379	implemented	KeyValueEntry#operation	partial	lib/nats/io/kv.rb:203 :operation	raw header string DEL/PURGE, nil for put; never set by get
kv-objectstore	jetstream.KeyValueEntry.Revision	method	func() uint64	jetstream/kv.go:368	implemented	KeyValueEntry#revision	present	lib/nats/io/kv.rb:203 :revision	
kv-objectstore	jetstream.KeyValueEntry.Value	method	func() []byte	jetstream/kv.go:365	implemented	KeyValueEntry#value	present	lib/nats/io/kv.rb:203 :value	
kv-objectstore	jetstream.KeyValueLister	type	interface	jetstream/kv.go:295	planned		missing	-	no listing of KV buckets/statuses
kv-objectstore	jetstream.KeyValueLister.Error	method	func() error	jetstream/kv.go:297	implemented	KeyValueLister#error	missing	-	no listing of KV buckets/statuses
kv-objectstore	jetstream.KeyValueLister.Status	method	func() <-chan KeyValueStatus	jetstream/kv.go:296	implemented	KeyValueLister#status	missing	-	no listing of KV buckets/statuses
kv-objectstore	jetstream.KeyValueManager	type	interface	jetstream/kv.go:35	planned		present	lib/nats/io/kv/manager.rb:19 KeyValue::Manager	mixed into JetStream
kv-objectstore	jetstream.KeyValueManager.CreateKeyValue	method	func(ctx context.Context, cfg KeyValueConfig) (KeyValue, error)	jetstream/kv.go:47	implemented	Context#create_key_value	present	lib/nats/io/kv/manager.rb:41 create_key_value	
kv-objectstore	jetstream.KeyValueManager.CreateOrUpdateKeyValue	method	func(ctx context.Context, cfg KeyValueConfig) (KeyValue, error)	jetstream/kv.go:59	implemented	Context#create_or_update_key_value	missing	-	
kv-objectstore	jetstream.KeyValueManager.DeleteKeyValue	method	func(ctx context.Context, bucket string) error	jetstream/kv.go:65	implemented	Context#delete_key_value	present	lib/nats/io/kv/manager.rb:99 delete_key_value	missing bucket raises JetStream NotFound, not BucketNotFoundError
kv-objectstore	jetstream.KeyValueManager.KeyValue	method	func(ctx context.Context, bucket string) (KeyValue, error)	jetstream/kv.go:40	implemented	Context#key_value	present	lib/nats/io/kv/manager.rb:20 key_value	
kv-objectstore	jetstream.KeyValueManager.KeyValueStoreNames	method	func(ctx context.Context) KeyValueNamesLister	jetstream/kv.go:72	implemented	Context#key_value_store_names	missing	-	
kv-objectstore	jetstream.KeyValueManager.KeyValueStores	method	func(ctx context.Context) KeyValueLister	jetstream/kv.go:79	implemented	Context#key_value_stores	missing	-	
kv-objectstore	jetstream.KeyValueManager.UpdateKeyValue	method	func(ctx context.Context, cfg KeyValueConfig) (KeyValue, error)	jetstream/kv.go:54	implemented	Context#update_key_value	missing	-	only raw update_stream on KV_<bucket>
kv-objectstore	jetstream.KeyValueMaxHistory	constant	64	jetstream/kv.go:494	implemented	JetStream::KEY_VALUE_MAX_HISTORY	partial	lib/nats/io/kv/manager.rb:58	limit 64 enforced (KeyHistoryTooLargeError) but no public constant
kv-objectstore	jetstream.KeyValueNamesLister	type	interface	jetstream/kv.go:305	planned		missing	-	no listing of KV bucket names
kv-objectstore	jetstream.KeyValueNamesLister.Error	method	func() error	jetstream/kv.go:307	implemented	KeyValueNamesLister#error	missing	-	no listing of KV bucket names
kv-objectstore	jetstream.KeyValueNamesLister.Name	method	func() <-chan string	jetstream/kv.go:306	implemented	KeyValueNamesLister#name	missing	-	no listing of KV bucket names
kv-objectstore	jetstream.KeyValueOp	type	uint8	jetstream/kv.go:455	implemented	KeyValueOp	partial	lib/nats/io/kv.rb:26 KV_OP/KV_DEL/KV_PURGE	operation is a raw header string (nil for put), not an enum type
kv-objectstore	jetstream.KeyValueOp.String	method	func() string	jetstream/kv.go:472	implemented	KeyValueOp#to_s	partial	lib/nats/io/kv.rb:27	ops are already strings "DEL"/"PURGE"; Go names (KeyValuePutOp...) absent; put is nil
kv-objectstore	jetstream.KeyValuePurge	constant	KeyValueOp	jetstream/kv.go:469	implemented	JetStream::KEY_VALUE_PURGE	present	lib/nats/io/kv.rb:28 KV_PURGE	"PURGE" string used as Entry#operation
kv-objectstore	jetstream.KeyValuePut	constant	KeyValueOp	jetstream/kv.go:461	implemented	JetStream::KEY_VALUE_PUT	missing	-	puts have operation nil; no put-op constant
kv-objectstore	jetstream.KeyValueStatus	type	interface	jetstream/kv.go:311	planned		present	lib/nats/io/kv/bucket_status.rb:19 KeyValue::BucketStatus	
kv-objectstore	jetstream.KeyValueStatus.BackingStore	method	func() string	jetstream/kv.go:326	implemented	KeyValueBucketStatus#backing_store	missing	-	no backing_store accessor
kv-objectstore	jetstream.KeyValueStatus.Bucket	method	func() string	jetstream/kv.go:313	implemented	KeyValueBucketStatus#bucket	present	lib/nats/io/kv/bucket_status.rb:20 bucket	
kv-objectstore	jetstream.KeyValueStatus.Bytes	method	func() uint64	jetstream/kv.go:329	implemented	KeyValueBucketStatus#bytes	partial	lib/nats/io/kv/bucket_status.rb:20 stream_info	no bytes accessor; only stream_info.state.bytes
kv-objectstore	jetstream.KeyValueStatus.Config	method	func() KeyValueConfig	jetstream/kv.go:342	implemented	KeyValueBucketStatus#config	partial	lib/nats/io/kv/bucket_status.rb:20 stream_info	no KeyValueConfig reconstruction; only raw StreamConfig via stream_info.config
kv-objectstore	jetstream.KeyValueStatus.History	method	func() int64	jetstream/kv.go:319	implemented	KeyValueBucketStatus#history	present	lib/nats/io/kv/bucket_status.rb:31 history	
kv-objectstore	jetstream.KeyValueStatus.IsCompressed	method	func() bool	jetstream/kv.go:332	implemented	KeyValueBucketStatus#compressed?	present	lib/nats/io/kv/bucket_status.rb:40 compressed?	
kv-objectstore	jetstream.KeyValueStatus.LimitMarkerTTL	method	func() time.Duration	jetstream/kv.go:336	implemented	KeyValueBucketStatus#limit_marker_ttl	partial	lib/nats/io/kv/bucket_status.rb:20 stream_info	no accessor; readable as stream_info.config.subject_delete_marker_ttl only
kv-objectstore	jetstream.KeyValueStatus.Metadata	method	func() map[string]string	jetstream/kv.go:339	implemented	KeyValueBucketStatus#metadata	present	lib/nats/io/kv/bucket_status.rb:47 metadata	
kv-objectstore	jetstream.KeyValueStatus.TTL	method	func() time.Duration	jetstream/kv.go:322	implemented	KeyValueBucketStatus#ttl	present	lib/nats/io/kv/bucket_status.rb:35 ttl	seconds (Integer)
kv-objectstore	jetstream.KeyValueStatus.Values	method	func() uint64	jetstream/kv.go:316	implemented	KeyValueBucketStatus#values	present	lib/nats/io/kv/bucket_status.rb:27 values	
kv-objectstore	jetstream.KeyWatcher	type	interface	jetstream/kv.go:351	planned		present	lib/nats/io/kv.rb:470 KeyWatcher	Enumerable
kv-objectstore	jetstream.KeyWatcher.Stop	method	func() error	jetstream/kv.go:353	implemented	KeyWatcher#stop	present	lib/nats/io/kv.rb:494 stop	
kv-objectstore	jetstream.KeyWatcher.Updates	method	func() <-chan KeyValueEntry	jetstream/kv.go:352	implemented	KeyWatcher#updates	present	lib/nats/io/kv.rb:499 updates(timeout:)	also each/take
kv-objectstore	jetstream.ListObjectsOpt	type	func(opts *listObjectOpts) error	jetstream/object.go:442	planned		n/a	-	Go functional-option type; Ruby uses params hashes; NQ Ruby does not expose it
kv-objectstore	jetstream.ListObjectsShowDeleted	constructor	func() ListObjectsOpt	jetstream/object_options.go:36	implemented	JetStream.list_objects_show_deleted	missing	-	nats-pure.rb has no Object Store (no $O./OBJ_ code anywhere in repo)
kv-objectstore	jetstream.MetaOnly	constructor	func() WatchOpt	jetstream/kv_options.go:61	implemented	JetStream.meta_only	present	lib/nats/io/kv.rb:265 watch(meta_only:)	KV meta_only; no Object Store variant
kv-objectstore	jetstream.MigrationStatusMeta	constant	MigrationStatusType	jetstream/stream_config.go:554	planned		missing	-	no migration status constants; StreamInfo#cluster is a raw Hash
kv-objectstore	jetstream.MsgMetadata	type	struct	jetstream/message.go:91	planned		present	lib/nats/io/jetstream/msg/metadata.rb:22 JetStream::Msg::Metadata	msg.metadata
kv-objectstore	jetstream.MsgMetadata.Consumer	field	string	jetstream/message.go:110	planned		present	lib/nats/io/jetstream/msg/metadata.rb:23 consumer	
kv-objectstore	jetstream.MsgMetadata.Domain	field	string	jetstream/message.go:113	planned		present	lib/nats/io/jetstream/msg/metadata.rb:23 domain	
kv-objectstore	jetstream.MsgMetadata.NumDelivered	field	uint64	jetstream/message.go:97	planned		present	lib/nats/io/jetstream/msg/metadata.rb:23 num_delivered	
kv-objectstore	jetstream.MsgMetadata.NumPending	field	uint64	jetstream/message.go:101	planned		present	lib/nats/io/jetstream/msg/metadata.rb:23 num_pending	
kv-objectstore	jetstream.MsgMetadata.Sequence	field	SequencePair	jetstream/message.go:93	planned		present	lib/nats/io/jetstream/msg/metadata.rb:23 sequence	
kv-objectstore	jetstream.MsgMetadata.Stream	field	string	jetstream/message.go:107	planned		present	lib/nats/io/jetstream/msg/metadata.rb:23 stream	
kv-objectstore	jetstream.MsgMetadata.Timestamp	field	time.Time	jetstream/message.go:104	planned		present	lib/nats/io/jetstream/msg/metadata.rb:23 timestamp	
kv-objectstore	jetstream.ObjectBucketStatus	type	struct	jetstream/object.go:1392	planned		missing	-	nats-pure.rb has no Object Store (no $O./OBJ_ code anywhere in repo)
kv-objectstore	jetstream.ObjectBucketStatus.BackingStore	method	func() string	jetstream/object.go:1419	implemented	ObjectBucketStatus#backing_store	missing	-	nats-pure.rb has no Object Store (no $O./OBJ_ code anywhere in repo)
kv-objectstore	jetstream.ObjectBucketStatus.Bucket	method	func() string	jetstream/object.go:1398	implemented	ObjectBucketStatus#bucket	missing	-	nats-pure.rb has no Object Store (no $O./OBJ_ code anywhere in repo)
kv-objectstore	jetstream.ObjectBucketStatus.Description	method	func() string	jetstream/object.go:1401	implemented	ObjectBucketStatus#description	missing	-	nats-pure.rb has no Object Store (no $O./OBJ_ code anywhere in repo)
kv-objectstore	jetstream.ObjectBucketStatus.IsCompressed	method	func() bool	jetstream/object.go:1428	implemented	ObjectBucketStatus#compressed?	missing	-	nats-pure.rb has no Object Store (no $O./OBJ_ code anywhere in repo)
kv-objectstore	jetstream.ObjectBucketStatus.Metadata	method	func() map[string]string	jetstream/object.go:1422	implemented	ObjectBucketStatus#metadata	missing	-	nats-pure.rb has no Object Store (no $O./OBJ_ code anywhere in repo)
kv-objectstore	jetstream.ObjectBucketStatus.Replicas	method	func() int	jetstream/object.go:1410	implemented	ObjectBucketStatus#replicas	missing	-	nats-pure.rb has no Object Store (no $O./OBJ_ code anywhere in repo)
kv-objectstore	jetstream.ObjectBucketStatus.Sealed	method	func() bool	jetstream/object.go:1413	implemented	ObjectBucketStatus#sealed?	missing	-	nats-pure.rb has no Object Store (no $O./OBJ_ code anywhere in repo)
kv-objectstore	jetstream.ObjectBucketStatus.Size	method	func() uint64	jetstream/object.go:1416	implemented	ObjectBucketStatus#size	missing	-	nats-pure.rb has no Object Store (no $O./OBJ_ code anywhere in repo)
kv-objectstore	jetstream.ObjectBucketStatus.Storage	method	func() StorageType	jetstream/object.go:1407	implemented	ObjectBucketStatus#storage	missing	-	nats-pure.rb has no Object Store (no $O./OBJ_ code anywhere in repo)
kv-objectstore	jetstream.ObjectBucketStatus.StreamInfo	method	func() *StreamInfo	jetstream/object.go:1425	implemented	ObjectBucketStatus#stream_info	missing	-	nats-pure.rb has no Object Store (no $O./OBJ_ code anywhere in repo)
kv-objectstore	jetstream.ObjectBucketStatus.TTL	method	func() time.Duration	jetstream/object.go:1404	implemented	ObjectBucketStatus#ttl	missing	-	nats-pure.rb has no Object Store (no $O./OBJ_ code anywhere in repo)
kv-objectstore	jetstream.ObjectInfo	type	struct	jetstream/object.go:386	planned		missing	-	nats-pure.rb has no Object Store (no $O./OBJ_ code anywhere in repo)
kv-objectstore	jetstream.ObjectInfo.Bucket	field	string	jetstream/object.go:391	planned		missing	-	nats-pure.rb has no Object Store (no $O./OBJ_ code anywhere in repo)
kv-objectstore	jetstream.ObjectInfo.Chunks	field	uint32	jetstream/object.go:406	planned		missing	-	nats-pure.rb has no Object Store (no $O./OBJ_ code anywhere in repo)
kv-objectstore	jetstream.ObjectInfo.Deleted	field	bool	jetstream/object.go:413	planned		missing	-	nats-pure.rb has no Object Store (no $O./OBJ_ code anywhere in repo)
kv-objectstore	jetstream.ObjectInfo.Digest	field	string	jetstream/object.go:410	planned		missing	-	nats-pure.rb has no Object Store (no $O./OBJ_ code anywhere in repo)
kv-objectstore	jetstream.ObjectInfo.ModTime	field	time.Time	jetstream/object.go:402	planned		missing	-	nats-pure.rb has no Object Store (no $O./OBJ_ code anywhere in repo)
kv-objectstore	jetstream.ObjectInfo.NUID	field	string	jetstream/object.go:395	planned		missing	-	nats-pure.rb has no Object Store (no $O./OBJ_ code anywhere in repo)
kv-objectstore	jetstream.ObjectInfo.ObjectMeta	field	ObjectMeta	jetstream/object.go:388	planned		missing	-	nats-pure.rb has no Object Store (no $O./OBJ_ code anywhere in repo)
kv-objectstore	jetstream.ObjectInfo.Size	field	uint64	jetstream/object.go:399	planned		missing	-	nats-pure.rb has no Object Store (no $O./OBJ_ code anywhere in repo)
kv-objectstore	jetstream.ObjectLink	type	struct	jetstream/object.go:417	planned		missing	-	nats-pure.rb has no Object Store (no $O./OBJ_ code anywhere in repo)
kv-objectstore	jetstream.ObjectLink.Bucket	field	string	jetstream/object.go:419	planned		missing	-	nats-pure.rb has no Object Store (no $O./OBJ_ code anywhere in repo)
kv-objectstore	jetstream.ObjectLink.Name	field	string	jetstream/object.go:423	planned		missing	-	nats-pure.rb has no Object Store (no $O./OBJ_ code anywhere in repo)
kv-objectstore	jetstream.ObjectMeta	type	struct	jetstream/object.go:366	planned		missing	-	nats-pure.rb has no Object Store (no $O./OBJ_ code anywhere in repo)
kv-objectstore	jetstream.ObjectMeta.Description	field	string	jetstream/object.go:372	planned		missing	-	nats-pure.rb has no Object Store (no $O./OBJ_ code anywhere in repo)
kv-objectstore	jetstream.ObjectMeta.Headers	field	nats.Header	jetstream/object.go:375	planned		missing	-	nats-pure.rb has no Object Store (no $O./OBJ_ code anywhere in repo)
kv-objectstore	jetstream.ObjectMeta.Metadata	field	map[string]string	jetstream/object.go:378	planned		missing	-	nats-pure.rb has no Object Store (no $O./OBJ_ code anywhere in repo)
kv-objectstore	jetstream.ObjectMeta.Name	field	string	jetstream/object.go:369	planned		missing	-	nats-pure.rb has no Object Store (no $O./OBJ_ code anywhere in repo)
kv-objectstore	jetstream.ObjectMeta.Opts	field	*ObjectMetaOptions	jetstream/object.go:381	planned		missing	-	nats-pure.rb has no Object Store (no $O./OBJ_ code anywhere in repo)
kv-objectstore	jetstream.ObjectMetaOptions	type	struct	jetstream/object.go:354	planned		missing	-	nats-pure.rb has no Object Store (no $O./OBJ_ code anywhere in repo)
kv-objectstore	jetstream.ObjectMetaOptions.ChunkSize	field	uint32	jetstream/object.go:362	planned		missing	-	nats-pure.rb has no Object Store (no $O./OBJ_ code anywhere in repo)
kv-objectstore	jetstream.ObjectMetaOptions.Link	field	*ObjectLink	jetstream/object.go:358	planned		missing	-	nats-pure.rb has no Object Store (no $O./OBJ_ code anywhere in repo)
kv-objectstore	jetstream.ObjectResult	type	interface	jetstream/object.go:429	planned		missing	-	nats-pure.rb has no Object Store (no $O./OBJ_ code anywhere in repo)
kv-objectstore	jetstream.ObjectResult.Error	method	func() error	jetstream/object.go:432	implemented	ObjectResult#error	missing	-	nats-pure.rb has no Object Store (no $O./OBJ_ code anywhere in repo)
kv-objectstore	jetstream.ObjectResult.Info	method	func() (*ObjectInfo, error)	jetstream/object.go:431	implemented	ObjectResult#info	missing	-	nats-pure.rb has no Object Store (no $O./OBJ_ code anywhere in repo)
kv-objectstore	jetstream.ObjectStore	type	interface	jetstream/object.go:104	planned		missing	-	nats-pure.rb has no Object Store (no $O./OBJ_ code anywhere in repo)
kv-objectstore	jetstream.ObjectStore.AddBucketLink	method	func(ctx context.Context, name string, bucket ObjectStore) (*ObjectInfo, error)	jetstream/object.go:217	implemented	ObjectStore#add_bucket_link	missing	-	nats-pure.rb has no Object Store (no $O./OBJ_ code anywhere in repo)
kv-objectstore	jetstream.ObjectStore.AddLink	method	func(ctx context.Context, name string, obj *ObjectInfo) (*ObjectInfo, error)	jetstream/object.go:207	implemented	ObjectStore#add_link	missing	-	nats-pure.rb has no Object Store (no $O./OBJ_ code anywhere in repo)
kv-objectstore	jetstream.ObjectStore.Delete	method	func(ctx context.Context, name string) error	jetstream/object.go:194	implemented	ObjectStore#delete	missing	-	nats-pure.rb has no Object Store (no $O./OBJ_ code anywhere in repo)
kv-objectstore	jetstream.ObjectStore.Get	method	func(ctx context.Context, name string, opts ...GetObjectOpt) (ObjectResult, error)	jetstream/object.go:143	implemented	ObjectStore#get	missing	-	nats-pure.rb has no Object Store (no $O./OBJ_ code anywhere in repo)
kv-objectstore	jetstream.ObjectStore.GetBytes	method	func(ctx context.Context, name string, opts ...GetObjectOpt) ([]byte, error)	jetstream/object.go:152	implemented	ObjectStore#get_bytes	missing	-	nats-pure.rb has no Object Store (no $O./OBJ_ code anywhere in repo)
kv-objectstore	jetstream.ObjectStore.GetFile	method	func(ctx context.Context, name, file string, opts ...GetObjectOpt) error	jetstream/object.go:170	implemented	ObjectStore#get_file	missing	-	nats-pure.rb has no Object Store (no $O./OBJ_ code anywhere in repo)
kv-objectstore	jetstream.ObjectStore.GetInfo	method	func(ctx context.Context, name string, opts ...GetObjectInfoOpt) (*ObjectInfo, error)	jetstream/object.go:179	implemented	ObjectStore#get_info	missing	-	nats-pure.rb has no Object Store (no $O./OBJ_ code anywhere in repo)
kv-objectstore	jetstream.ObjectStore.GetString	method	func(ctx context.Context, name string, opts ...GetObjectOpt) (string, error)	jetstream/object.go:161	implemented	ObjectStore#get_string	missing	-	nats-pure.rb has no Object Store (no $O./OBJ_ code anywhere in repo)
kv-objectstore	jetstream.ObjectStore.List	method	func(ctx context.Context, opts ...ListObjectsOpt) ([]*ObjectInfo, error)	jetstream/object.go:238	implemented	ObjectStore#list	missing	-	nats-pure.rb has no Object Store (no $O./OBJ_ code anywhere in repo)
kv-objectstore	jetstream.ObjectStore.Put	method	func(ctx context.Context, obj ObjectMeta, reader io.Reader) (*ObjectInfo, error)	jetstream/object.go:111	implemented	ObjectStore#put	missing	-	nats-pure.rb has no Object Store (no $O./OBJ_ code anywhere in repo)
kv-objectstore	jetstream.ObjectStore.PutBytes	method	func(ctx context.Context, name string, data []byte) (*ObjectInfo, error)	jetstream/object.go:118	implemented	ObjectStore#put_bytes	missing	-	nats-pure.rb has no Object Store (no $O./OBJ_ code anywhere in repo)
kv-objectstore	jetstream.ObjectStore.PutFile	method	func(ctx context.Context, file string) (*ObjectInfo, error)	jetstream/object.go:132	implemented	ObjectStore#put_file	missing	-	nats-pure.rb has no Object Store (no $O./OBJ_ code anywhere in repo)
kv-objectstore	jetstream.ObjectStore.PutString	method	func(ctx context.Context, name string, data string) (*ObjectInfo, error)	jetstream/object.go:125	implemented	ObjectStore#put_string	missing	-	nats-pure.rb has no Object Store (no $O./OBJ_ code anywhere in repo)
kv-objectstore	jetstream.ObjectStore.Seal	method	func(ctx context.Context) error	jetstream/object.go:220	implemented	ObjectStore#seal	missing	-	nats-pure.rb has no Object Store (no $O./OBJ_ code anywhere in repo)
kv-objectstore	jetstream.ObjectStore.Status	method	func(ctx context.Context) (ObjectStoreStatus, error)	jetstream/object.go:241	implemented	ObjectStore#status	missing	-	nats-pure.rb has no Object Store (no $O./OBJ_ code anywhere in repo)
kv-objectstore	jetstream.ObjectStore.UpdateMeta	method	func(ctx context.Context, name string, meta ObjectMeta) error	jetstream/object.go:186	implemented	ObjectStore#update_meta	missing	-	nats-pure.rb has no Object Store (no $O./OBJ_ code anywhere in repo)
kv-objectstore	jetstream.ObjectStore.Watch	method	func(ctx context.Context, opts ...WatchOpt) (ObjectWatcher, error)	jetstream/object.go:233	implemented	ObjectStore#watch	missing	-	nats-pure.rb has no Object Store (no $O./OBJ_ code anywhere in repo)
kv-objectstore	jetstream.ObjectStoreConfig	type	struct	jetstream/object.go:256	planned		missing	-	nats-pure.rb has no Object Store (no $O./OBJ_ code anywhere in repo)
kv-objectstore	jetstream.ObjectStoreConfig.Bucket	field	string	jetstream/object.go:260	planned		missing	-	nats-pure.rb has no Object Store (no $O./OBJ_ code anywhere in repo)
kv-objectstore	jetstream.ObjectStoreConfig.Compression	field	bool	jetstream/object.go:288	planned		missing	-	nats-pure.rb has no Object Store (no $O./OBJ_ code anywhere in repo)
kv-objectstore	jetstream.ObjectStoreConfig.Description	field	string	jetstream/object.go:263	planned		missing	-	nats-pure.rb has no Object Store (no $O./OBJ_ code anywhere in repo)
kv-objectstore	jetstream.ObjectStoreConfig.MaxBytes	field	int64	jetstream/object.go:272	planned		missing	-	nats-pure.rb has no Object Store (no $O./OBJ_ code anywhere in repo)
kv-objectstore	jetstream.ObjectStoreConfig.Metadata	field	map[string]string	jetstream/object.go:292	planned		missing	-	nats-pure.rb has no Object Store (no $O./OBJ_ code anywhere in repo)
kv-objectstore	jetstream.ObjectStoreConfig.Placement	field	*Placement	jetstream/object.go:284	planned		missing	-	nats-pure.rb has no Object Store (no $O./OBJ_ code anywhere in repo)
kv-objectstore	jetstream.ObjectStoreConfig.Replicas	field	int	jetstream/object.go:280	planned		missing	-	nats-pure.rb has no Object Store (no $O./OBJ_ code anywhere in repo)
kv-objectstore	jetstream.ObjectStoreConfig.Storage	field	StorageType	jetstream/object.go:276	planned		missing	-	nats-pure.rb has no Object Store (no $O./OBJ_ code anywhere in repo)
kv-objectstore	jetstream.ObjectStoreConfig.TTL	field	time.Duration	jetstream/object.go:268	planned		missing	-	nats-pure.rb has no Object Store (no $O./OBJ_ code anywhere in repo)
kv-objectstore	jetstream.ObjectStoreManager	type	interface	jetstream/object.go:40	planned		missing	-	nats-pure.rb has no Object Store (no $O./OBJ_ code anywhere in repo)
kv-objectstore	jetstream.ObjectStoreManager.CreateObjectStore	method	func(ctx context.Context, cfg ObjectStoreConfig) (ObjectStore, error)	jetstream/object.go:53	implemented	Context#create_object_store	missing	-	nats-pure.rb has no Object Store (no $O./OBJ_ code anywhere in repo)
kv-objectstore	jetstream.ObjectStoreManager.CreateOrUpdateObjectStore	method	func(ctx context.Context, cfg ObjectStoreConfig) (ObjectStore, error)	jetstream/object.go:65	implemented	Context#create_or_update_object_store	missing	-	nats-pure.rb has no Object Store (no $O./OBJ_ code anywhere in repo)
kv-objectstore	jetstream.ObjectStoreManager.DeleteObjectStore	method	func(ctx context.Context, bucket string) error	jetstream/object.go:71	implemented	Context#delete_object_store	missing	-	nats-pure.rb has no Object Store (no $O./OBJ_ code anywhere in repo)
kv-objectstore	jetstream.ObjectStoreManager.ObjectStore	method	func(ctx context.Context, bucket string) (ObjectStore, error)	jetstream/object.go:46	implemented	Context#object_store	missing	-	nats-pure.rb has no Object Store (no $O./OBJ_ code anywhere in repo)
kv-objectstore	jetstream.ObjectStoreManager.ObjectStoreNames	method	func(ctx context.Context) ObjectStoreNamesLister	jetstream/object.go:80	implemented	Context#object_store_names	missing	-	nats-pure.rb has no Object Store (no $O./OBJ_ code anywhere in repo)
kv-objectstore	jetstream.ObjectStoreManager.ObjectStores	method	func(ctx context.Context) ObjectStoresLister	jetstream/object.go:89	implemented	Context#object_stores	missing	-	nats-pure.rb has no Object Store (no $O./OBJ_ code anywhere in repo)
kv-objectstore	jetstream.ObjectStoreManager.UpdateObjectStore	method	func(ctx context.Context, cfg ObjectStoreConfig) (ObjectStore, error)	jetstream/object.go:60	implemented	Context#update_object_store	missing	-	nats-pure.rb has no Object Store (no $O./OBJ_ code anywhere in repo)
kv-objectstore	jetstream.ObjectStoreNamesLister	type	interface	jetstream/object.go:310	planned		missing	-	nats-pure.rb has no Object Store (no $O./OBJ_ code anywhere in repo)
kv-objectstore	jetstream.ObjectStoreNamesLister.Error	method	func() error	jetstream/object.go:312	implemented	ObjectStoreNamesLister#error	missing	-	nats-pure.rb has no Object Store (no $O./OBJ_ code anywhere in repo)
kv-objectstore	jetstream.ObjectStoreNamesLister.Name	method	func() <-chan string	jetstream/object.go:311	implemented	ObjectStoreNamesLister#name	missing	-	nats-pure.rb has no Object Store (no $O./OBJ_ code anywhere in repo)
kv-objectstore	jetstream.ObjectStoreStatus	type	interface	jetstream/object.go:316	planned		missing	-	nats-pure.rb has no Object Store (no $O./OBJ_ code anywhere in repo)
kv-objectstore	jetstream.ObjectStoreStatus.BackingStore	method	func() string	jetstream/object.go:344	implemented	ObjectBucketStatus#backing_store	missing	-	nats-pure.rb has no Object Store (no $O./OBJ_ code anywhere in repo)
kv-objectstore	jetstream.ObjectStoreStatus.Bucket	method	func() string	jetstream/object.go:318	implemented	ObjectBucketStatus#bucket	missing	-	nats-pure.rb has no Object Store (no $O./OBJ_ code anywhere in repo)
kv-objectstore	jetstream.ObjectStoreStatus.Description	method	func() string	jetstream/object.go:321	implemented	ObjectBucketStatus#description	missing	-	nats-pure.rb has no Object Store (no $O./OBJ_ code anywhere in repo)
kv-objectstore	jetstream.ObjectStoreStatus.IsCompressed	method	func() bool	jetstream/object.go:350	implemented	ObjectBucketStatus#compressed?	missing	-	nats-pure.rb has no Object Store (no $O./OBJ_ code anywhere in repo)
kv-objectstore	jetstream.ObjectStoreStatus.Metadata	method	func() map[string]string	jetstream/object.go:347	implemented	ObjectBucketStatus#metadata	missing	-	nats-pure.rb has no Object Store (no $O./OBJ_ code anywhere in repo)
kv-objectstore	jetstream.ObjectStoreStatus.Replicas	method	func() int	jetstream/object.go:332	implemented	ObjectBucketStatus#replicas	missing	-	nats-pure.rb has no Object Store (no $O./OBJ_ code anywhere in repo)
kv-objectstore	jetstream.ObjectStoreStatus.Sealed	method	func() bool	jetstream/object.go:336	implemented	ObjectBucketStatus#sealed?	missing	-	nats-pure.rb has no Object Store (no $O./OBJ_ code anywhere in repo)
kv-objectstore	jetstream.ObjectStoreStatus.Size	method	func() uint64	jetstream/object.go:340	implemented	ObjectBucketStatus#size	missing	-	nats-pure.rb has no Object Store (no $O./OBJ_ code anywhere in repo)
kv-objectstore	jetstream.ObjectStoreStatus.Storage	method	func() StorageType	jetstream/object.go:328	implemented	ObjectBucketStatus#storage	missing	-	nats-pure.rb has no Object Store (no $O./OBJ_ code anywhere in repo)
kv-objectstore	jetstream.ObjectStoreStatus.TTL	method	func() time.Duration	jetstream/object.go:324	implemented	ObjectBucketStatus#ttl	missing	-	nats-pure.rb has no Object Store (no $O./OBJ_ code anywhere in repo)
kv-objectstore	jetstream.ObjectStoresLister	type	interface	jetstream/object.go:300	planned		missing	-	nats-pure.rb has no Object Store (no $O./OBJ_ code anywhere in repo)
kv-objectstore	jetstream.ObjectStoresLister.Error	method	func() error	jetstream/object.go:302	implemented	ObjectStoresLister#error	missing	-	nats-pure.rb has no Object Store (no $O./OBJ_ code anywhere in repo)
kv-objectstore	jetstream.ObjectStoresLister.Status	method	func() <-chan ObjectStoreStatus	jetstream/object.go:301	implemented	ObjectStoresLister#status	missing	-	nats-pure.rb has no Object Store (no $O./OBJ_ code anywhere in repo)
kv-objectstore	jetstream.ObjectWatcher	type	interface	jetstream/object.go:250	planned		missing	-	nats-pure.rb has no Object Store (no $O./OBJ_ code anywhere in repo)
kv-objectstore	jetstream.ObjectWatcher.Stop	method	func() error	jetstream/object.go:252	implemented	ObjectWatcher#stop	missing	-	nats-pure.rb has no Object Store (no $O./OBJ_ code anywhere in repo)
kv-objectstore	jetstream.ObjectWatcher.Updates	method	func() <-chan *ObjectInfo	jetstream/object.go:251	implemented	ObjectWatcher#updates	missing	-	nats-pure.rb has no Object Store (no $O./OBJ_ code anywhere in repo)
kv-objectstore	jetstream.PurgeTTL	constructor	func(ttl time.Duration) KVDeleteOpt	jetstream/kv_options.go:110	implemented	JetStream.purge_ttl	missing	-	purge has no TTL option
kv-objectstore	jetstream.StreamPurgeOpt	type	func(*StreamPurgeRequest) error	jetstream/stream.go:191	planned		n/a	-	Go functional-option type; Ruby uses params hashes; NQ Ruby does not expose it
kv-objectstore	jetstream.WatchOpt	type	interface	jetstream/kv.go:384	planned		n/a	-	Go functional-option type; Ruby uses params hashes; NQ Ruby does not expose it
kv-objectstore	jetstream.WithDeletedDetails	constructor	func(deletedDetails bool) StreamInfoOpt	jetstream/jetstream_options.go:583	planned		missing	-	stream_info takes no deleted_details; StreamState drops deleted fields
kv-objectstore	jetstream.WithPurgeKeep	constructor	func(keep uint64) StreamPurgeOpt	jetstream/jetstream_options.go:117	planned		missing	-	nats-pure.rb has no purge_stream at all
kv-objectstore	jetstream.WithPurgeSequence	constructor	func(sequence uint64) StreamPurgeOpt	jetstream/jetstream_options.go:104	planned		missing	-	nats-pure.rb has no purge_stream at all
kv-objectstore	jetstream.WithPurgeSubject	constructor	func(subject string) StreamPurgeOpt	jetstream/jetstream_options.go:94	planned		missing	-	nats-pure.rb has no purge_stream at all
services	micro.APIPrefix	constant	"$SRV"	micro/service.go:265	implemented	Micro::API_PREFIX	present	lib/nats/service/monitoring.rb:8	Service::Monitoring::DEFAULT_PREFIX = "$SRV"
services	micro.AddService	function	func(nc *nats.Conn, config Config) (Service, error)	micro/service.go:325	implemented	Micro.add_service	present	lib/nats/io/client.rb:866 / lib/nats/service.rb:112	client.services.add(opts); validation looser than Go (name regex unanchored at start, missing name/version not rejected)
services	micro.Config	type	struct	micro/service.go:169	implemented	Config	present	lib/nats/service.rb:83	options Hash to services.add (:name,:version,:description,:metadata,:queue)
services	micro.Config.Description	field	string	micro/service.go:182	implemented	Config#description	present	lib/nats/service.rb:86	:description
services	micro.Config.DoneHandler	field	DoneHandler	micro/service.go:198	implemented	Config#done_handler	present	lib/nats/service.rb:36	service.on_stop { |error| } runs on stop; not triggered by connection close (Go stops service on close)
services	micro.Config.Endpoint	field	*EndpointConfig	micro/service.go:176	implemented	Config#endpoint	missing		no default-endpoint option at creation; must call service.endpoints.add
services	micro.Config.ErrorHandler	field	ErrHandler	micro/service.go:201	implemented	Config#error_handler	partial	lib/nats/service.rb:36	no error handler: async errors are not hooked; exceptions from subscribe/NATS::Error in handler stop service and pass raw error to on_stop
services	micro.Config.Metadata	field	map[string]string	micro/service.go:185	implemented	Config#metadata	present	lib/nats/service.rb:87	:metadata (frozen Hash)
services	micro.Config.Name	field	string	micro/service.go:171	implemented	Config#name	present	lib/nats/service.rb:84	:name; Validator regex /[A-Za-z0-9\-_]+$/ lacks ^ anchor so invalid names like 'a.b c' can pass
services	micro.Config.QueueGroup	field	string	micro/service.go:188	implemented	Config#queue_group	present	lib/nats/service.rb:88	:queue (default "q")
services	micro.Config.QueueGroupDisabled	field	bool	micro/service.go:191	implemented	Config#queue_group_disabled	partial	lib/nats/service.rb:88	no flag; queue: "" happens to yield a plain SUB (undocumented)
services	micro.Config.StatsHandler	field	StatsHandler	micro/service.go:195	implemented	Config#stats_handler	present	lib/nats/service.rb:32	service.on_stats { |endpoint| data }
services	micro.Config.Version	field	string	micro/service.go:179	implemented	Config#version	present	lib/nats/service.rb:85	:version (SemVer validated)
services	micro.ContextHandler	function	func(ctx context.Context, handler func(context.Context, Request)) Handler	micro/request.go:96	unsupported		n/a		Go context idiom; NQ unsupported
services	micro.ControlSubject	function	func(verb Verb, name, id string) (string, error)	micro/service.go:940	implemented	Micro.control_subject	missing	lib/nats/service/monitoring.rb:99	subjects are built by private Monitoring#subjects; no public helper
services	micro.DefaultQueueGroup	constant	"q"	micro/service.go:262	implemented	Micro::DEFAULT_QUEUE_GROUP	present	lib/nats/service.rb:19	NATS::Service::DEFAULT_QUEUE = "q"
services	micro.DoneHandler	type	func(Service)	micro/service.go:90	unsupported		n/a		Go func type; NQ unsupported (on_stop block covers it)
services	micro.Endpoint	type	struct	micro/service.go:148	implemented	Endpoint	present	lib/nats/service/endpoint.rb:64	NATS::Service::Endpoint (name, subject, queue, metadata, stats)
services	micro.Endpoint.EndpointConfig	field	EndpointConfig	micro/service.go:149	implemented	Endpoint#EndpointConfig	present	lib/nats/service/endpoint.rb:65	subject/queue/metadata readers on Endpoint; no handler reader, no queue-disabled flag
services	micro.Endpoint.Name	field	string	micro/service.go:150	implemented	Endpoint#name	present	lib/nats/service/endpoint.rb:65	Endpoint#name
services	micro.EndpointConfig	type	struct	micro/service.go:204	implemented	EndpointConfig	present	lib/nats/service/endpoint.rb:140	options Hash to endpoints.add(name, opts, &block)
services	micro.EndpointConfig.Handler	field	Handler	micro/service.go:209	implemented	EndpointConfig#handler	present	lib/nats/service/endpoint.rb:140	block passed to endpoints.add
services	micro.EndpointConfig.Metadata	field	map[string]string	micro/service.go:212	implemented	EndpointConfig#metadata	present	lib/nats/service/endpoint.rb:75	:metadata
services	micro.EndpointConfig.QueueGroup	field	string	micro/service.go:215	implemented	EndpointConfig#queue_group	present	lib/nats/service/endpoint.rb:74	:queue
services	micro.EndpointConfig.QueueGroupDisabled	field	bool	micro/service.go:218	implemented	EndpointConfig#queue_group_disabled	partial	lib/nats/service/endpoint.rb:74	no flag; queue: "" happens to yield a plain SUB (undocumented)
services	micro.EndpointConfig.Subject	field	string	micro/service.go:206	implemented	EndpointConfig#subject	present	lib/nats/service/endpoint.rb:109	:subject (defaults to name; prefixed by group)
services	micro.EndpointInfo	type	struct	micro/service.go:140	implemented	EndpointInfo	present	lib/nats/service/status.rb:22	Hash entries in service.info[:endpoints]
services	micro.EndpointInfo.Metadata	field	map[string]string	micro/service.go:144	implemented	EndpointInfo#metadata	present	lib/nats/service/status.rb:30	:metadata
services	micro.EndpointInfo.Name	field	string	micro/service.go:141	implemented	EndpointInfo#name	present	lib/nats/service/status.rb:27	:name
services	micro.EndpointInfo.QueueGroup	field	string	micro/service.go:143	implemented	EndpointInfo#queue_group	present	lib/nats/service/status.rb:29	:queue_group
services	micro.EndpointInfo.Subject	field	string	micro/service.go:142	implemented	EndpointInfo#subject	present	lib/nats/service/status.rb:28	:subject
services	micro.EndpointOpt	type	func(*endpointOpts) error	micro/service.go:69	unsupported		n/a		Go functional-option type; NQ unsupported
services	micro.EndpointStats	type	struct	micro/service.go:114	implemented	EndpointStats	present	lib/nats/service/status.rb:49	Hash entries in service.stats[:endpoints]
services	micro.EndpointStats.AverageProcessingTime	field	time.Duration	micro/service.go:122	implemented	EndpointStats#average_processing_time	present	lib/nats/service/status.rb:56	:average_processing_time (ns)
services	micro.EndpointStats.Data	field	json.RawMessage	micro/service.go:123	implemented	EndpointStats#data	present	lib/nats/service/status.rb:59	:data from on_stats callback
services	micro.EndpointStats.LastError	field	string	micro/service.go:120	implemented	EndpointStats#last_error	present	lib/nats/service/status.rb:58	:last_error ("code:message")
services	micro.EndpointStats.Name	field	string	micro/service.go:115	implemented	EndpointStats#name	present	lib/nats/service/status.rb:52	:name
services	micro.EndpointStats.NumErrors	field	int	micro/service.go:119	implemented	EndpointStats#num_errors	present	lib/nats/service/status.rb:57	:num_errors
services	micro.EndpointStats.NumRequests	field	int	micro/service.go:118	implemented	EndpointStats#num_requests	present	lib/nats/service/status.rb:55	:num_requests
services	micro.EndpointStats.ProcessingTime	field	time.Duration	micro/service.go:121	implemented	EndpointStats#processing_time	present	lib/nats/service/status.rb:56	:processing_time (ns)
services	micro.EndpointStats.QueueGroup	field	string	micro/service.go:117	implemented	EndpointStats#queue_group	present	lib/nats/service/status.rb:54	:queue_group
services	micro.EndpointStats.Subject	field	string	micro/service.go:116	implemented	EndpointStats#subject	present	lib/nats/service/status.rb:53	:subject
services	micro.ErrArgRequired	error	errors.New("argument required")	micro/request.go:87	implemented	ArgRequired	missing	lib/nats/service/endpoint.rb:27	respond_with_error does not require code/description; no ArgRequired error
services	micro.ErrConfigValidation	error	errors.New("validation")	micro/service.go:297	implemented	ConfigValidation	present	lib/nats/service/errors.rb:5	NATS::Service::Error base of InvalidName/Version/Queue/SubjectError (no message text)
services	micro.ErrHandler	type	func(Service, *NATSError)	micro/service.go:87	unsupported		n/a		Go func type; NQ unsupported
services	micro.ErrMarshalResponse	error	errors.New("marshaling response")	micro/request.go:86	implemented	MarshalResponse	missing		no respond_json, so no marshal error
services	micro.ErrRespond	error	errors.New("NATS error when sending response")	micro/request.go:85	implemented	Respond	missing		respond raises the raw client error; no wrapping error class
services	micro.ErrServiceNameRequired	error	errors.New("service name is required to generate ID control subject")	micro/service.go:303	implemented	ServiceNameRequired	missing		no ControlSubject helper
services	micro.ErrVerbNotSupported	error	errors.New("unsupported verb")	micro/service.go:300	implemented	VerbNotSupported	missing		no ControlSubject helper
services	micro.ErrorCodeHeader	constant	"Nats-Service-Error-Code"	micro/service.go:271	implemented	Micro::ERROR_CODE_HEADER	partial	lib/nats/service/endpoint.rb:37	header name used as string literal; no public constant
services	micro.ErrorHeader	constant	"Nats-Service-Error"	micro/service.go:270	implemented	Micro::ERROR_HEADER	partial	lib/nats/service/endpoint.rb:36	header name used as string literal; no public constant
services	micro.Group	type	interface	micro/service.go:60	implemented	Group	present	lib/nats/service/group.rb:5	NATS::Service::Group
services	micro.Group.AddEndpoint	method	func(string, Handler, ...EndpointOpt) error	micro/service.go:66	implemented	Group#add_endpoint	present	lib/nats/service/endpoint.rb:140	group.endpoints.add(name, opts, &block)
services	micro.Group.AddGroup	method	func(string, ...GroupOpt) Group	micro/service.go:62	implemented	Group#add_group	present	lib/nats/service/group.rb:23	group.groups.add(name, queue:)
services	micro.GroupOpt	type	func(*groupOpts)	micro/service.go:70	unsupported		n/a		Go functional-option type; NQ unsupported
services	micro.Handler	type	interface	micro/request.go:27	implemented	Handler	present	lib/nats/service/endpoint.rb:115	any block/proc taking the request
services	micro.Handler.Handle	method	func(Request)	micro/request.go:28	implemented	Handler#handle	present	lib/nats/service/endpoint.rb:120	block.call(request); no Handler class with #handle
services	micro.HandlerFunc	type	func(Request)	micro/request.go:34	implemented	HandlerFunc	present	lib/nats/service/endpoint.rb:115	block/proc
services	micro.HandlerFunc.Handle	method	func(req Request)	micro/request.go:90	implemented	HandlerFunc#handle	present	lib/nats/service/endpoint.rb:120	block.call(request)
services	micro.Headers	type	nats.Header	micro/request.go:67	unsupported		n/a	lib/nats/io/msg.rb	Go nats.Header alias; NQ unsupported; request.header Hash covers it
services	micro.Headers.Get	method	func(key string) string	micro/request.go:199	unsupported		n/a		Go alias method; request.header[key] Hash lookup
services	micro.Headers.Values	method	func(key string) []string	micro/request.go:205	unsupported		n/a		Go alias method; NQ unsupported
services	micro.Info	type	struct	micro/service.go:133	implemented	Info	present	lib/nats/service.rb:61	service.info Hash
services	micro.Info.Description	field	string	micro/service.go:136	implemented	Info#description	present	lib/nats/service/status.rb:25	:description
services	micro.Info.Endpoints	field	[]EndpointInfo	micro/service.go:137	implemented	Info#endpoints	present	lib/nats/service/status.rb:26	:endpoints
services	micro.Info.ServiceIdentity	field	ServiceIdentity	micro/service.go:134	implemented	Info#ServiceIdentity	present	lib/nats/service/status.rb:13	name/id/version/metadata keys via Status#basic
services	micro.Info.Type	field	string	micro/service.go:135	implemented	Info#type	partial	lib/nats/service/monitoring.rb:69	type only added to $SRV.INFO wire response; service.info Hash lacks :type
services	micro.InfoResponseType	constant	"io.nats.micro.v1.info_response"	micro/service.go:282	implemented	Micro::INFO_RESPONSE_TYPE	present	lib/nats/service/monitoring.rb:16	Monitoring::TYPES[:info]
services	micro.InfoVerb	constant	Verb	micro/service.go:278	implemented	Micro::INFO_VERB	present	lib/nats/service/monitoring.rb:10	Monitoring::VERBS[:info] = "INFO"
services	micro.NATSError	type	struct	micro/service.go:224	implemented	NATSError	missing		no NATSError(subject, description); raw exceptions passed to on_stop
services	micro.NATSError.Description	field	string	micro/service.go:226	implemented	NATSError#description	missing		no NATSError
services	micro.NATSError.Error	method	func() string	micro/service.go:828	implemented	NATSError#to_s	missing		no NATSError
services	micro.NATSError.Is	method	func(target error) bool	micro/service.go:838	implemented	NATSError#eql?	missing		no NATSError
services	micro.NATSError.Subject	field	string	micro/service.go:225	implemented	NATSError#subject	missing		no NATSError
services	micro.NATSError.Unwrap	method	func() error	micro/service.go:833	implemented	NATSError#cause	missing		no NATSError
services	micro.Ping	type	struct	micro/service.go:127	implemented	Ping	partial	lib/nats/service/monitoring.rb:57	PING response produced on the wire only; no public Ping object/method
services	micro.Ping.ServiceIdentity	field	ServiceIdentity	micro/service.go:128	implemented	Ping#ServiceIdentity	present	lib/nats/service/status.rb:13	service.status.basic
services	micro.Ping.Type	field	string	micro/service.go:129	implemented	Ping#type	partial	lib/nats/service/monitoring.rb:60	type only in $SRV.PING wire response
services	micro.PingResponseType	constant	"io.nats.micro.v1.ping_response"	micro/service.go:283	implemented	Micro::PING_RESPONSE_TYPE	present	lib/nats/service/monitoring.rb:16	Monitoring::TYPES[:ping]
services	micro.PingVerb	constant	Verb	micro/service.go:276	implemented	Micro::PING_VERB	present	lib/nats/service/monitoring.rb:10	Monitoring::VERBS[:ping] = "PING"
services	micro.Request	type	interface	micro/request.go:39	implemented	Request	present	lib/nats/service/endpoint.rb:18	NATS::Service::Request < NATS::Msg
services	micro.Request.Data	method	func() []byte	micro/request.go:54	implemented	Request#data	present	lib/nats/service/endpoint.rb:54	Msg#data
services	micro.Request.Error	method	func(code, description string, data []byte, opts ...RespondOpt) error	micro/request.go:51	implemented	Request#error	present	lib/nats/service/endpoint.rb:27	respond_with_error(Hash{code,description,data} | Exception | String); no extra-headers option
services	micro.Request.Headers	method	func() Headers	micro/request.go:57	implemented	Request#headers	present	lib/nats/service/endpoint.rb:55	Msg#header Hash
services	micro.Request.Reply	method	func() string	micro/request.go:63	implemented	Request#reply	present	lib/nats/service/endpoint.rb:53	Msg#reply
services	micro.Request.Respond	method	func([]byte, ...RespondOpt) error	micro/request.go:42	implemented	Request#respond	partial	lib/nats/io/msg.rb:34	Msg#respond; when request had headers it echoes them and the requester's reply-to; no headers option
services	micro.Request.RespondJSON	method	func(any, ...RespondOpt) error	micro/request.go:46	implemented	Request#respond_json	missing		no respond_json; caller must respond(obj.to_json)
services	micro.Request.Subject	method	func() string	micro/request.go:60	implemented	Request#subject	present	lib/nats/service/endpoint.rb:52	Msg#subject
services	micro.RespondOpt	type	func(*nats.Msg)	micro/request.go:70	unsupported		n/a		Go functional-option type; NQ unsupported
services	micro.Service	type	interface	micro/service.go:32	implemented	Service	present	lib/nats/service.rb:16	NATS::Service
services	micro.Service.AddEndpoint	method	func(string, Handler, ...EndpointOpt) error	micro/service.go:34	implemented	Service#add_endpoint	present	lib/nats/service/endpoint.rb:140	service.endpoints.add(name, opts, &block)
services	micro.Service.AddGroup	method	func(string, ...GroupOpt) Group	micro/service.go:38	implemented	Service#add_group	present	lib/nats/service/group.rb:23	service.groups.add(name, queue:)
services	micro.Service.Info	method	func() Info	micro/service.go:41	implemented	Service#info	present	lib/nats/service.rb:61	service.info Hash (no :type key)
services	micro.Service.Reset	method	func()	micro/service.go:47	implemented	Service#reset	partial	lib/nats/service.rb:57	resets endpoint stats only; Go also resets the started time
services	micro.Service.Stats	method	func() Stats	micro/service.go:44	implemented	Service#stats	present	lib/nats/service.rb:65	service.stats Hash (no :type key)
services	micro.Service.Stop	method	func() error	micro/service.go:50	implemented	Service#stop	present	lib/nats/service.rb:44	service.stop(error = nil) drains subs, calls on_stop
services	micro.Service.Stopped	method	func() bool	micro/service.go:53	implemented	Service#stopped?	present	lib/nats/service.rb:40	stopped?
services	micro.ServiceIdentity	type	struct	micro/service.go:97	implemented	ServiceIdentity	present	lib/nats/service/status.rb:13	Status#basic Hash (name,id,version,metadata); id via service.id
services	micro.ServiceIdentity.ID	field	string	micro/service.go:99	implemented	ServiceIdentity#id	present	lib/nats/service.rb:21	service.id (NUID)
services	micro.ServiceIdentity.Metadata	field	map[string]string	micro/service.go:101	implemented	ServiceIdentity#metadata	present	lib/nats/service.rb:21	service.metadata
services	micro.ServiceIdentity.Name	field	string	micro/service.go:98	implemented	ServiceIdentity#name	present	lib/nats/service.rb:21	service.name
services	micro.ServiceIdentity.Version	field	string	micro/service.go:100	implemented	ServiceIdentity#version	present	lib/nats/service.rb:21	service.version
services	micro.Stats	type	struct	micro/service.go:106	implemented	Stats	present	lib/nats/service.rb:65	service.stats Hash
services	micro.Stats.Endpoints	field	[]*EndpointStats	micro/service.go:110	implemented	Stats#endpoints	present	lib/nats/service/status.rb:40	:endpoints
services	micro.Stats.ServiceIdentity	field	ServiceIdentity	micro/service.go:107	implemented	Stats#ServiceIdentity	present	lib/nats/service/status.rb:38	identity keys via Status#basic
services	micro.Stats.Started	field	time.Time	micro/service.go:109	implemented	Stats#started	present	lib/nats/service/status.rb:39	:started ISO8601 string (second precision, not Time)
services	micro.Stats.Type	field	string	micro/service.go:108	implemented	Stats#type	partial	lib/nats/service/monitoring.rb:78	type only in $SRV.STATS wire response; service.stats Hash lacks :type
services	micro.StatsHandler	type	func(*Endpoint) any	micro/service.go:94	unsupported		n/a		Go func type; NQ unsupported (on_stats covers it)
services	micro.StatsResponseType	constant	"io.nats.micro.v1.stats_response"	micro/service.go:284	implemented	Micro::STATS_RESPONSE_TYPE	present	lib/nats/service/monitoring.rb:16	Monitoring::TYPES[:stats]
services	micro.StatsVerb	constant	Verb	micro/service.go:277	implemented	Micro::STATS_VERB	present	lib/nats/service/monitoring.rb:10	Monitoring::VERBS[:stats] = "STATS"
services	micro.Verb	type	int64	micro/service.go:166	implemented	Verb	present	lib/nats/service/monitoring.rb:10	symbols :ping/:info/:stats keyed in Monitoring::VERBS (no Verb type)
services	micro.Verb.String	method	func() string	micro/service.go:306	implemented	Verb#to_s	present	lib/nats/service/monitoring.rb:10	Monitoring::VERBS[verb]
services	micro.WithEndpointMetadata	constructor	func(metadata map[string]string) EndpointOpt	micro/service.go:964	implemented	Micro.with_endpoint_metadata	present	lib/nats/service/endpoint.rb:75	endpoints.add(name, metadata: {...})
services	micro.WithEndpointMetadataKey	constructor	func(key, value string) EndpointOpt	micro/service.go:974	implemented	Micro.with_endpoint_metadata_key	present	lib/nats/service/endpoint.rb:75	covered by building the :metadata Hash
services	micro.WithEndpointPendingLimits	constructor	func(msgLimit, bytesLimit int) EndpointOpt	micro/service.go:1002	implemented	Micro.with_endpoint_pending_limits	missing	lib/nats/service/endpoint.rb:116	endpoint subscribes with client defaults; no pending-limit option
services	micro.WithEndpointQueueGroup	constructor	func(queueGroup string) EndpointOpt	micro/service.go:984	implemented	Micro.with_endpoint_queue_group	present	lib/nats/service/endpoint.rb:74	endpoints.add(name, queue: "...")
services	micro.WithEndpointQueueGroupDisabled	constructor	func() EndpointOpt	micro/service.go:991	implemented	Micro.with_endpoint_queue_group_disabled	partial	lib/nats/service/endpoint.rb:74	no option; queue: "" happens to yield a plain SUB (undocumented)
services	micro.WithEndpointSubject	constructor	func(subject string) EndpointOpt	micro/service.go:957	implemented	Micro.with_endpoint_subject	present	lib/nats/service/endpoint.rb:109	endpoints.add(name, subject: "...")
services	micro.WithGroupQueueGroup	constructor	func(queueGroup string) GroupOpt	micro/service.go:1013	implemented	Micro.with_group_queue_group	present	lib/nats/service/group.rb:23	groups.add(name, queue: "...")
services	micro.WithGroupQueueGroupDisabled	constructor	func() GroupOpt	micro/service.go:1019	implemented	Micro.with_group_queue_group_disabled	partial	lib/nats/service/group.rb:23	no option; queue: "" happens to yield a plain SUB (undocumented)
services	micro.WithHeaders	constructor	func(headers Headers) RespondOpt	micro/request.go:164	implemented	Micro.with_headers	partial	lib/nats/io/msg.rb:46	no headers option on respond; build NATS::Msg(subject: req.reply, header:) and respond_msg
orbit-batch	jetstreamext.BatchAck	type	struct	jetstreamext/publishbatch.go:106	planned		partial	lib/nats/io/jetstream.rb:79	no BatchAck type; PubAck from js.publish of a manual commit carries batch/count
orbit-batch	jetstreamext.BatchAck.BatchID	field	string	jetstreamext/publishbatch.go:121	planned		present	lib/nats/io/jetstream.rb:79	PubAck#batch
orbit-batch	jetstreamext.BatchAck.BatchSize	field	uint64	jetstreamext/publishbatch.go:124	planned		present	lib/nats/io/jetstream.rb:79	PubAck#count
orbit-batch	jetstreamext.BatchAck.Domain	field	string	jetstreamext/publishbatch.go:114	planned		present	lib/nats/io/jetstream.rb:79	PubAck#domain
orbit-batch	jetstreamext.BatchAck.Sequence	field	uint64	jetstreamext/publishbatch.go:111	planned		present	lib/nats/io/jetstream.rb:79	PubAck#seq
orbit-batch	jetstreamext.BatchAck.Stream	field	string	jetstreamext/publishbatch.go:108	planned		present	lib/nats/io/jetstream.rb:79	PubAck#stream
orbit-batch	jetstreamext.BatchAck.Value	field	string	jetstreamext/publishbatch.go:118	planned		present	lib/nats/io/jetstream.rb:79	PubAck#val
orbit-batch	jetstreamext.BatchCommitEOB	constant	"eob"	jetstreamext/publishbatch.go:174	implemented	JetStreamExt::BATCH_COMMIT_EOB	partial	lib/nats/io/jetstream/header.rb:74	"eob" documented on Header::BATCH_COMMIT; no constant
orbit-batch	jetstreamext.BatchCommitHeader	constant	"Nats-Batch-Commit"	jetstreamext/publishbatch.go:169	implemented	JetStreamExt::BATCH_COMMIT_HEADER	present	lib/nats/io/jetstream/header.rb:76	JetStream::Header::BATCH_COMMIT
orbit-batch	jetstreamext.BatchFlowControl	type	struct	jetstreamext/publishbatch.go:77	planned		missing		no batch publisher, so no flow control (ack_first/ack_every/ack_timeout)
orbit-batch	jetstreamext.BatchFlowControl.AckEvery	field	int	jetstreamext/publishbatch.go:84	planned		missing		no batch flow control
orbit-batch	jetstreamext.BatchFlowControl.AckFirst	field	bool	jetstreamext/publishbatch.go:80	planned		missing		no batch flow control
orbit-batch	jetstreamext.BatchFlowControl.AckTimeout	field	time.Duration	jetstreamext/publishbatch.go:88	planned		missing		no batch flow control
orbit-batch	jetstreamext.BatchIDHeader	constant	"Nats-Batch-Id"	jetstreamext/publishbatch.go:163	implemented	JetStreamExt::BATCH_ID_HEADER	present	lib/nats/io/jetstream/header.rb:71	JetStream::Header::BATCH_ID
orbit-batch	jetstreamext.BatchMsgOpt	type	func(*batchMsgOpts) error	jetstreamext/publishbatch.go:150	planned		n/a		Go functional-option type; NQ planned
orbit-batch	jetstreamext.BatchPublisher	type	interface	jetstreamext/publishbatch.go:34	planned		missing		no batch publisher object; atomic batches only by hand-set Header::BATCH_* headers
orbit-batch	jetstreamext.BatchPublisher.Add	method	func(subject string, data []byte, opts ...BatchMsgOpt) error	jetstreamext/publishbatch.go:38	implemented	BatchPublisher#add	missing		manual: nc.publish with BATCH_ID/BATCH_SEQUENCE headers; no id/seq tracking
orbit-batch	jetstreamext.BatchPublisher.AddMsg	method	func(msg *nats.Msg, opts ...BatchMsgOpt) error	jetstreamext/publishbatch.go:41	implemented	BatchPublisher#add_msg	missing		manual: nc.publish_msg with BATCH_* headers
orbit-batch	jetstreamext.BatchPublisher.Close	method	func(ctx context.Context) (*BatchAck, error)	jetstreamext/publishbatch.go:63	implemented	BatchPublisher#close	partial	lib/nats/io/jetstream.rb:120	manual: js.publish(subj, "", header: BATCH_COMMIT=>"eob") commits (tested); no helper
orbit-batch	jetstreamext.BatchPublisher.Commit	method	func(ctx context.Context, subject string, data []byte, opts ...BatchMsgOpt) (*BatchAck, error)	jetstreamext/publishbatch.go:46	implemented	BatchPublisher#commit	partial	lib/nats/io/jetstream.rb:120	manual: js.publish with BATCH_ID/SEQUENCE/COMMIT=>"1" returns PubAck(batch,count); no helper
orbit-batch	jetstreamext.BatchPublisher.CommitMsg	method	func(ctx context.Context, msg *nats.Msg, opts ...BatchMsgOpt) (*BatchAck, error)	jetstreamext/publishbatch.go:50	implemented	BatchPublisher#commit_msg	partial	lib/nats/io/jetstream.rb:120	manual commit via js.publish header:; no Msg-taking variant
orbit-batch	jetstreamext.BatchPublisher.Discard	method	func() error	jetstreamext/publishbatch.go:67	implemented	BatchPublisher#discard	missing		no batch publisher
orbit-batch	jetstreamext.BatchPublisher.IsClosed	method	func() bool	jetstreamext/publishbatch.go:73	implemented	BatchPublisher#closed?	missing		no batch publisher
orbit-batch	jetstreamext.BatchPublisher.Size	method	func() int	jetstreamext/publishbatch.go:70	implemented	BatchPublisher#size	missing		no batch publisher
orbit-batch	jetstreamext.BatchPublisherOpt	type	interface	jetstreamext/publishbatch.go:92	planned		n/a		Go option interface; NQ planned
orbit-batch	jetstreamext.BatchSeqHeader	constant	"Nats-Batch-Sequence"	jetstreamext/publishbatch.go:166	implemented	JetStreamExt::BATCH_SEQ_HEADER	present	lib/nats/io/jetstream/header.rb:73	JetStream::Header::BATCH_SEQUENCE
orbit-batch	jetstreamext.ErrAtomicPublishTooManyInflight	error	&jsError{apiErr: &jetstream.APIError{ErrorCode: JSErrCodeAtomicPublishTooManyInflight, Description: "atomic publish too 	jetstreamext/errors.go:77	implemented	AtomicPublishTooManyInflight	partial	lib/nats/io/jetstream/js.rb:88	raised as generic JetStream::Error::BadRequest/APIError with err_code 10210; no named class
orbit-batch	jetstreamext.ErrBatchClosed	error	&jsError{message: "batch publisher closed"}	jetstreamext/errors.go:86	implemented	BatchClosed	missing		client-side error of batch publisher; none
orbit-batch	jetstreamext.ErrBatchPublishDuplicateMsgID	error	&jsError{apiErr: &jetstream.APIError{ErrorCode: JSErrCodeBatchPublishDuplicateMsgID, Description: "batch publish contain	jetstreamext/errors.go:67	implemented	BatchPublishDuplicateMsgID	partial	lib/nats/io/jetstream/js.rb:88	raised as generic JetStream::Error::BadRequest/APIError with err_code 10201; no named class
orbit-batch	jetstreamext.ErrBatchPublishExceedsLimit	error	&jsError{apiErr: &jetstream.APIError{ErrorCode: JSErrCodeBatchPublishExceedsLimit, Description: "batch publish sequence 	jetstreamext/errors.go:58	implemented	BatchPublishExceedsLimit	partial	lib/nats/io/jetstream/js.rb:88	raised as generic JetStream::Error::BadRequest/APIError with err_code 10199; no named class
orbit-batch	jetstreamext.ErrBatchPublishIncomplete	error	&jsError{apiErr: &jetstream.APIError{ErrorCode: JSErrCodeBatchPublishIncomplete, Description: "batch publish is incomple	jetstreamext/errors.go:52	implemented	BatchPublishIncomplete	partial	lib/nats/io/jetstream/js.rb:88	raised as generic JetStream::Error::BadRequest/APIError with err_code 10176; no named class
orbit-batch	jetstreamext.ErrBatchPublishInvalidCommit	error	&jsError{apiErr: &jetstream.APIError{ErrorCode: JSErrCodeBatchPublishInvalidCommit, Description: "atomic publish batch c	jetstreamext/errors.go:71	implemented	BatchPublishInvalidCommit	partial	lib/nats/io/jetstream/js.rb:88	raised as generic JetStream::Error::BadRequest/APIError with err_code 10200; no named class
orbit-batch	jetstreamext.ErrBatchPublishInvalidGapMode	error	&jsError{apiErr: &jetstream.APIError{ErrorCode: JSErrCodeBatchPublishInvalidGapMode, Description: "invalid batch gap mod	jetstreamext/errors.go:74	implemented	BatchPublishInvalidGapMode	partial	lib/nats/io/jetstream/js.rb:88	raised as generic JetStream::Error::BadRequest/APIError with err_code 10202; no named class
orbit-batch	jetstreamext.ErrBatchPublishInvalidID	error	&jsError{apiErr: &jetstream.APIError{ErrorCode: JSErrCodeBatchPublishInvalidID, Description: "batch publish ID is invali	jetstreamext/errors.go:64	implemented	BatchPublishInvalidID	partial	lib/nats/io/jetstream/js.rb:88	raised as generic JetStream::Error::BadRequest/APIError with err_code 10179; no named class
orbit-batch	jetstreamext.ErrBatchPublishMissingSeq	error	&jsError{apiErr: &jetstream.APIError{ErrorCode: JSErrCodeBatchPublishMissingSeq, Description: "batch publish sequence is	jetstreamext/errors.go:55	implemented	BatchPublishMissingSeq	partial	lib/nats/io/jetstream/js.rb:88	raised as generic JetStream::Error::BadRequest/APIError with err_code 10175; no named class
orbit-batch	jetstreamext.ErrBatchPublishNotEnabled	error	&jsError{apiErr: &jetstream.APIError{ErrorCode: JSErrCodeBatchPublishNotEnabled, Description: "batch publish not enabled	jetstreamext/errors.go:49	implemented	BatchPublishNotEnabled	partial	lib/nats/io/jetstream/js.rb:88	raised as generic JetStream::Error::BadRequest/APIError with err_code 10174; no named class
orbit-batch	jetstreamext.ErrBatchPublishTooManyInflight	error	&jsError{apiErr: &jetstream.APIError{ErrorCode: JSErrCodeBatchPublishTooManyInflight, Description: "batch publish too ma	jetstreamext/errors.go:80	implemented	BatchPublishTooManyInflight	partial	lib/nats/io/jetstream/js.rb:88	raised as generic JetStream::Error::BadRequest/APIError with err_code 10211; no named class
orbit-batch	jetstreamext.ErrBatchPublishUnsupportedHeader	error	&jsError{apiErr: &jetstream.APIError{ErrorCode: JSErrCodeBatchPublishUnsupportedHeader, Description: "batch publish unsu	jetstreamext/errors.go:61	implemented	BatchPublishUnsupportedHeader	partial	lib/nats/io/jetstream/js.rb:88	raised as generic JetStream::Error::BadRequest/APIError with err_code 10177; no named class
orbit-batch	jetstreamext.ErrBatchUnsupported	error	errors.New("batch get not supported by server")	jetstreamext/getbatch.go:59	planned		missing		no batch direct get
orbit-batch	jetstreamext.ErrEmptyBatch	error	&jsError{message: "no messages in batch"}	jetstreamext/errors.go:83	implemented	EmptyBatch	missing		no publish_msg_batch
orbit-batch	jetstreamext.ErrFastBatchGapDetected	error	&jsError{message: "fast batch gap detected"}	jetstreamext/errors.go:91	implemented	FastBatchGapDetected	missing		no fast publisher
orbit-batch	jetstreamext.ErrFastBatchInvalidID	error	&jsError{apiErr: &jetstream.APIError{ErrorCode: JSErrCodeFastBatchInvalidID, Description: "fast batch publish ID is inva	jetstreamext/errors.go:106	implemented	FastBatchInvalidID	partial	lib/nats/io/jetstream/js.rb:88	raised as generic JetStream::Error::BadRequest/APIError with err_code 10205; no named class
orbit-batch	jetstreamext.ErrFastBatchInvalidPattern	error	&jsError{apiErr: &jetstream.APIError{ErrorCode: JSErrCodeFastBatchInvalidPattern, Description: "fast batch publish inval	jetstreamext/errors.go:103	implemented	FastBatchInvalidPattern	partial	lib/nats/io/jetstream/js.rb:88	generic APIError with err_code 10204, but JS.from_error maps a 400 with 10204 to ConsumerInvalidReset; no fast-batch class
orbit-batch	jetstreamext.ErrFastBatchNotEnabled	error	&jsError{apiErr: &jetstream.APIError{ErrorCode: JSErrCodeFastBatchNotEnabled, Description: "fast batch publish not enabl	jetstreamext/errors.go:100	implemented	FastBatchNotEnabled	partial	lib/nats/io/jetstream/js.rb:88	raised as generic JetStream::Error::BadRequest/APIError with err_code 10203; no named class
orbit-batch	jetstreamext.ErrFastBatchUnknownID	error	&jsError{apiErr: &jetstream.APIError{ErrorCode: JSErrCodeFastBatchUnknownID, Description: "fast batch publish ID is unkn	jetstreamext/errors.go:109	implemented	FastBatchUnknownID	partial	lib/nats/io/jetstream/js.rb:88	raised as generic JetStream::Error::BadRequest/APIError with err_code 10206; no named class
orbit-batch	jetstreamext.ErrInvalidBatchAck	error	&jsError{message: "invalid jetstream batch publish response"}	jetstreamext/errors.go:95	implemented	InvalidBatchAck	missing		no batch-ack validation
orbit-batch	jetstreamext.ErrInvalidOption	error	errors.New("invalid option")	jetstreamext/getbatch.go:70	implemented	InvalidOption	missing		no batch/fast publisher options
orbit-batch	jetstreamext.ErrInvalidResponse	error	errors.New("invalid stream response")	jetstreamext/getbatch.go:63	planned		missing		no batch direct get
orbit-batch	jetstreamext.ErrNoMessages	error	errors.New("no messages")	jetstreamext/getbatch.go:67	planned		missing		no batch direct get
orbit-batch	jetstreamext.ErrSubjectRequired	error	errors.New("at least one subject is required")	jetstreamext/getbatch.go:73	planned		missing		no get_last_msgs_for
orbit-batch	jetstreamext.FastPubAck	type	struct	jetstreamext/fastpublish.go:268	planned		missing		no fast-ingest publisher
orbit-batch	jetstreamext.FastPubAck.AckSequence	field	uint64	jetstreamext/fastpublish.go:275	planned		missing		no fast-ingest publisher
orbit-batch	jetstreamext.FastPubAck.BatchSequence	field	uint64	jetstreamext/fastpublish.go:270	planned		missing		no fast-ingest publisher
orbit-batch	jetstreamext.FastPublishErrHandler	type	func(error)	jetstreamext/fastpublish.go:145	planned		n/a		Go func type; NQ planned
orbit-batch	jetstreamext.FastPublishFlowControl	type	struct	jetstreamext/fastpublish.go:67	planned		missing		no fast-ingest publisher
orbit-batch	jetstreamext.FastPublishFlowControl.AckTimeout	field	time.Duration	jetstreamext/fastpublish.go:80	planned		missing		no fast-ingest publisher
orbit-batch	jetstreamext.FastPublishFlowControl.Flow	field	uint16	jetstreamext/fastpublish.go:71	planned		missing		no fast-ingest publisher
orbit-batch	jetstreamext.FastPublishFlowControl.MaxOutstandingAcks	field	uint16	jetstreamext/fastpublish.go:76	planned		missing		no fast-ingest publisher
orbit-batch	jetstreamext.FastPublisher	type	interface	jetstreamext/fastpublish.go:35	planned		missing		no fast-ingest publisher (stream allow_batched config only)
orbit-batch	jetstreamext.FastPublisher.Add	method	func(subject string, data []byte, opts ...BatchMsgOpt) (*FastPubAck, error)	jetstreamext/fastpublish.go:45	implemented	FastPublisher#add	missing		no fast-ingest publisher
orbit-batch	jetstreamext.FastPublisher.AddMsg	method	func(msg *nats.Msg, opts ...BatchMsgOpt) (*FastPubAck, error)	jetstreamext/fastpublish.go:48	implemented	FastPublisher#add_msg	missing		no fast-ingest publisher
orbit-batch	jetstreamext.FastPublisher.Close	method	func(ctx context.Context) (*BatchAck, error)	jetstreamext/fastpublish.go:61	implemented	FastPublisher#close	missing		no fast-ingest publisher
orbit-batch	jetstreamext.FastPublisher.Commit	method	func(ctx context.Context, subject string, data []byte, opts ...BatchMsgOpt) (*BatchAck, error)	jetstreamext/fastpublish.go:53	implemented	FastPublisher#commit	missing		no fast-ingest publisher
orbit-batch	jetstreamext.FastPublisher.CommitMsg	method	func(ctx context.Context, msg *nats.Msg, opts ...BatchMsgOpt) (*BatchAck, error)	jetstreamext/fastpublish.go:57	implemented	FastPublisher#commit_msg	missing		no fast-ingest publisher
orbit-batch	jetstreamext.FastPublisher.IsClosed	method	func() bool	jetstreamext/fastpublish.go:64	implemented	FastPublisher#closed?	missing		no fast-ingest publisher
orbit-batch	jetstreamext.FastPublisherOpt	type	interface	jetstreamext/fastpublish.go:120	planned		n/a		Go option interface; NQ planned
orbit-batch	jetstreamext.GetBatch	function	func(ctx context.Context, js jetstream.JetStream, stream string, batch int, opts ...GetBatchOpt) (iter.Seq2[*jetstream.R	jetstreamext/getbatch.go:128	planned		missing	lib/nats/io/jetstream/manager.rb:300	get_msg direct gets one message; no batch direct get
orbit-batch	jetstreamext.GetBatchMaxBytes	constructor	func(maxBytes int) GetBatchOpt	jetstreamext/getbatch.go:102	planned		missing		no batch direct get
orbit-batch	jetstreamext.GetBatchOpt	type	func(*getBatchOpts) error	jetstreamext/getbatch.go:34	planned		n/a		Go functional-option type; NQ planned
orbit-batch	jetstreamext.GetBatchSeq	constructor	func(seq uint64) GetBatchOpt	jetstreamext/getbatch.go:77	planned		missing		no batch direct get
orbit-batch	jetstreamext.GetBatchStartTime	constructor	func(startTime time.Time) GetBatchOpt	jetstreamext/getbatch.go:113	planned		missing		no batch direct get
orbit-batch	jetstreamext.GetBatchSubject	constructor	func(subj string) GetBatchOpt	jetstreamext/getbatch.go:92	planned		missing		no batch direct get
orbit-batch	jetstreamext.GetLastForOpt	type	func(*getLastBatchOpts) error	jetstreamext/getbatch.go:38	planned		n/a		Go functional-option type; NQ planned
orbit-batch	jetstreamext.GetLastMsgsBatchSize	constructor	func(batch int) GetLastForOpt	jetstreamext/getbatch.go:175	planned		missing		no multi_last direct get
orbit-batch	jetstreamext.GetLastMsgsFor	function	func(ctx context.Context, js jetstream.JetStream, stream string, subjects []string, opts ...GetLastForOpt) (iter.Seq2[*j	jetstreamext/getbatch.go:191	planned		missing	lib/nats/io/jetstream/manager.rb:331	get_last_msg is single-subject; no multi_last batch get
orbit-batch	jetstreamext.GetLastMsgsUpToSeq	constructor	func(seq uint64) GetLastForOpt	jetstreamext/getbatch.go:152	planned		missing		no multi_last direct get
orbit-batch	jetstreamext.GetLastMsgsUpToTime	constructor	func(tm time.Time) GetLastForOpt	jetstreamext/getbatch.go:163	planned		missing		no multi_last direct get
orbit-batch	jetstreamext.JSErrCodeAtomicPublishTooManyInflight	constant	jetstream.ErrorCode	jetstreamext/errors.go:41	implemented	JetStreamExt::JS_ERR_CODE_ATOMIC_PUBLISH_TOO_MANY_INFLIGHT	missing	lib/nats/io/jetstream/errors.rb:45	no named constant; compare APIError#err_code to 10210
orbit-batch	jetstreamext.JSErrCodeBatchPublishDuplicateMsgID	constant	jetstream.ErrorCode	jetstreamext/errors.go:31	implemented	JetStreamExt::JS_ERR_CODE_BATCH_PUBLISH_DUPLICATE_MSG_ID	missing	lib/nats/io/jetstream/errors.rb:45	no named constant; compare APIError#err_code to 10201
orbit-batch	jetstreamext.JSErrCodeBatchPublishExceedsLimit	constant	jetstream.ErrorCode	jetstreamext/errors.go:29	implemented	JetStreamExt::JS_ERR_CODE_BATCH_PUBLISH_EXCEEDS_LIMIT	missing	lib/nats/io/jetstream/errors.rb:45	no named constant; compare APIError#err_code to 10199
orbit-batch	jetstreamext.JSErrCodeBatchPublishIncomplete	constant	jetstream.ErrorCode	jetstreamext/errors.go:26	implemented	JetStreamExt::JS_ERR_CODE_BATCH_PUBLISH_INCOMPLETE	missing	lib/nats/io/jetstream/errors.rb:45	no named constant; compare APIError#err_code to 10176
orbit-batch	jetstreamext.JSErrCodeBatchPublishInvalidCommit	constant	jetstream.ErrorCode	jetstreamext/errors.go:30	implemented	JetStreamExt::JS_ERR_CODE_BATCH_PUBLISH_INVALID_COMMIT	missing	lib/nats/io/jetstream/errors.rb:45	no named constant; compare APIError#err_code to 10200
orbit-batch	jetstreamext.JSErrCodeBatchPublishInvalidGapMode	constant	jetstream.ErrorCode	jetstreamext/errors.go:32	implemented	JetStreamExt::JS_ERR_CODE_BATCH_PUBLISH_INVALID_GAP_MODE	missing	lib/nats/io/jetstream/errors.rb:45	no named constant; compare APIError#err_code to 10202
orbit-batch	jetstreamext.JSErrCodeBatchPublishInvalidID	constant	jetstream.ErrorCode	jetstreamext/errors.go:28	implemented	JetStreamExt::JS_ERR_CODE_BATCH_PUBLISH_INVALID_ID	missing	lib/nats/io/jetstream/errors.rb:45	no named constant; compare APIError#err_code to 10179
orbit-batch	jetstreamext.JSErrCodeBatchPublishMissingSeq	constant	jetstream.ErrorCode	jetstreamext/errors.go:25	implemented	JetStreamExt::JS_ERR_CODE_BATCH_PUBLISH_MISSING_SEQ	missing	lib/nats/io/jetstream/errors.rb:45	no named constant; compare APIError#err_code to 10175
orbit-batch	jetstreamext.JSErrCodeBatchPublishNotEnabled	constant	jetstream.ErrorCode	jetstreamext/errors.go:24	implemented	JetStreamExt::JS_ERR_CODE_BATCH_PUBLISH_NOT_ENABLED	missing	lib/nats/io/jetstream/errors.rb:45	no named constant; compare APIError#err_code to 10174
orbit-batch	jetstreamext.JSErrCodeBatchPublishTooManyInflight	constant	jetstream.ErrorCode	jetstreamext/errors.go:42	implemented	JetStreamExt::JS_ERR_CODE_BATCH_PUBLISH_TOO_MANY_INFLIGHT	missing	lib/nats/io/jetstream/errors.rb:45	no named constant; compare APIError#err_code to 10211
orbit-batch	jetstreamext.JSErrCodeBatchPublishUnsupportedHeader	constant	jetstream.ErrorCode	jetstreamext/errors.go:27	implemented	JetStreamExt::JS_ERR_CODE_BATCH_PUBLISH_UNSUPPORTED_HEADER	missing	lib/nats/io/jetstream/errors.rb:45	no named constant; compare APIError#err_code to 10177
orbit-batch	jetstreamext.JSErrCodeFastBatchInvalidID	constant	jetstream.ErrorCode	jetstreamext/errors.go:37	implemented	JetStreamExt::JS_ERR_CODE_FAST_BATCH_INVALID_ID	missing	lib/nats/io/jetstream/errors.rb:45	no named constant; compare APIError#err_code to 10205
orbit-batch	jetstreamext.JSErrCodeFastBatchInvalidPattern	constant	jetstream.ErrorCode	jetstreamext/errors.go:36	implemented	JetStreamExt::JS_ERR_CODE_FAST_BATCH_INVALID_PATTERN	missing	lib/nats/io/jetstream/errors.rb:45	no named constant; compare APIError#err_code to 10204
orbit-batch	jetstreamext.JSErrCodeFastBatchNotEnabled	constant	jetstream.ErrorCode	jetstreamext/errors.go:35	implemented	JetStreamExt::JS_ERR_CODE_FAST_BATCH_NOT_ENABLED	missing	lib/nats/io/jetstream/errors.rb:45	no named constant; compare APIError#err_code to 10203
orbit-batch	jetstreamext.JSErrCodeFastBatchUnknownID	constant	jetstream.ErrorCode	jetstreamext/errors.go:38	implemented	JetStreamExt::JS_ERR_CODE_FAST_BATCH_UNKNOWN_ID	missing	lib/nats/io/jetstream/errors.rb:45	no named constant; compare APIError#err_code to 10206
orbit-batch	jetstreamext.NewBatchPublisher	function	func(js jetstream.JetStream, opts ...BatchPublisherOpt) (BatchPublisher, error)	jetstreamext/publishbatch.go:178	implemented	JetStreamExt.new_batch_publisher	missing		no batch publisher constructor
orbit-batch	jetstreamext.NewFastPublisher	function	func(js jetstream.JetStream, opts ...FastPublisherOpt) (FastPublisher, error)	jetstreamext/fastpublish.go:169	implemented	JetStreamExt.new_fast_publisher	missing		no fast publisher constructor
orbit-batch	jetstreamext.PublishMsgBatch	function	func(ctx context.Context, js jetstream.JetStream, messages []*nats.Msg, opts ...PublishMsgBatchOpt) (*BatchAck, error)	jetstreamext/publishbatch.go:422	implemented	JetStreamExt.publish_msg_batch	missing		no one-shot atomic batch helper; caller hand-sets headers
orbit-batch	jetstreamext.PublishMsgBatchOpt	type	interface	jetstreamext/publishbatch.go:97	planned		n/a		Go option interface; NQ planned
orbit-batch	jetstreamext.WithBatchExpectLastSequence	constructor	func(seq uint64) BatchMsgOpt	jetstreamext/publishbatch_options.go:43	implemented	JetStreamExt.with_batch_expect_last_sequence	partial	lib/nats/io/jetstream/header.rb:34	Header::EXPECTED_LAST_SEQUENCE set by hand on batch msg; no batch option
orbit-batch	jetstreamext.WithBatchExpectLastSequenceForSubject	constructor	func(seq uint64, subject string) BatchMsgOpt	jetstreamext/publishbatch_options.go:65	implemented	JetStreamExt.with_batch_expect_last_sequence_for_subject	partial	lib/nats/io/jetstream/header.rb:39	Header::EXPECTED_LAST_SUBJECT_SEQUENCE(_SUBJECT) by hand; no batch option
orbit-batch	jetstreamext.WithBatchExpectLastSequencePerSubject	constructor	func(seq uint64) BatchMsgOpt	jetstreamext/publishbatch_options.go:54	implemented	JetStreamExt.with_batch_expect_last_sequence_per_subject	partial	lib/nats/io/jetstream/header.rb:36	Header::EXPECTED_LAST_SUBJECT_SEQUENCE by hand; no batch option
orbit-batch	jetstreamext.WithBatchExpectStream	constructor	func(stream string) BatchMsgOpt	jetstreamext/publishbatch_options.go:33	implemented	JetStreamExt.with_batch_expect_stream	partial	lib/nats/io/jetstream/header.rb:32	Header::EXPECTED_STREAM by hand (js.publish stream: on commit); no batch option
orbit-batch	jetstreamext.WithBatchMsgTTL	constructor	func(dur time.Duration) BatchMsgOpt	jetstreamext/publishbatch_options.go:23	implemented	JetStreamExt.with_batch_msg_ttl	partial	lib/nats/io/jetstream/header.rb:48	Header::MSG_TTL by hand (js.publish ttl: on commit); no batch option
orbit-batch	jetstreamext.WithFastPublisherContinueOnGap	constructor	func(continueOnGap bool) FastPublisherOpt	jetstreamext/fastpublish_options.go:46	implemented	JetStreamExt.with_fast_publisher_continue_on_gap	missing		no fast publisher
orbit-batch	jetstreamext.WithFastPublisherErrorHandler	constructor	func(handler FastPublishErrHandler) FastPublisherOpt	jetstreamext/fastpublish_options.go:57	implemented	JetStreamExt.with_fast_publisher_error_handler	missing		no fast publisher
