area	oracle_symbol	kind	nq_ruby_status	audited_status	current_status	location	note	commit
core	ClientCert	constructor	implemented	partial	present	lib/nats/io/client.rb:1695 tls: {cert_file:, key_file:}	cert/key file paths, no SSLContext needed; spec/client_tls_options_spec.rb	3f89135
core	ClientTLSConfig	constructor	implemented	partial	present	lib/nats/io/client.rb:1887 tls_context; client.rb:1443 validate_settings!	tls: {cert_cb:, ca_cb:} rebuild the SSLContext on each (re)connect; called once at connect to fail early; README documents it	4834517
core	ClosedHandler	constructor	implemented	present	present	lib/nats/io/client.rb:831 on_close	set after construction via on_close block, not a connect option	
core	Compression	constructor	implemented	missing	present	lib/nats/io/websocket.rb:144 compression: true	permessage-deflate, no context takeover; falls back uncompressed	a71408d
core	Conn.AuthRequired	method	implemented	partial	present	lib/nats/io/client.rb:1110 auth_required?		a1dcab9
core	Conn.Barrier	method	implemented	missing	present	lib/nats/io/client.rb:970 barrier { }	runs block once callback subs processed msgs so far	03ff518
core	Conn.Buffered	method	implemented	missing	present	lib/nats/io/client.rb:1048 buffered	raises ConnectionClosedError when closed	a1dcab9
core	Conn.ChanQueueSubscribe	method	unsupported	n/a	n/a		Go channel idiom	
core	Conn.ChanSubscribe	method	unsupported	n/a	n/a		Go channel idiom	
core	Conn.Close	method	implemented	present	present	lib/nats/io/client.rb:772 close		
core	Conn.ClosedHandler	method	implemented	missing	present	lib/nats/io/client.rb:1172 close_handler		a1dcab9
core	Conn.ConnectedAddr	method	implemented	missing	present	lib/nats/io/client.rb:1026 connected_addr	String host:port or nil	a1dcab9
core	Conn.ConnectedClusterName	method	implemented	partial	present	lib/nats/io/client.rb:1078 connected_cluster_name		a1dcab9
core	Conn.ConnectedDomain	method	implemented	partial	present	lib/nats/io/client.rb:1113 connected_domain	INFO domain of the connected server, nil when not connected (nats.go returns "")	b8d41f7
core	Conn.ConnectedServerId	method	implemented	partial	present	lib/nats/io/client.rb:1058 connected_server_id		a1dcab9
core	Conn.ConnectedServerJetStream	method	implemented	partial	present	lib/nats/io/client.rb:1120 jetstream?	named jetstream? (not connected_server_jetstream); not gated on connected? unlike nats.go	a1dcab9
core	Conn.ConnectedServerName	method	implemented	partial	present	lib/nats/io/client.rb:1064 connected_server_name		a1dcab9
core	Conn.ConnectedServerVersion	method	implemented	partial	present	lib/nats/io/client.rb:1070 connected_server_version		a1dcab9
core	Conn.ConnectedUrl	method	implemented	present	present	lib/nats/io/client.rb:782 connected_server	returns URI object (nil when not connected)	
core	Conn.ConnectedUrlRedacted	method	implemented	missing	present	lib/nats/io/client.rb:1009 connected_url_redacted	password or token replaced by xxxxx	a1dcab9
core	Conn.DisconnectErrHandler	method	implemented	missing	present	lib/nats/io/client.rb:1168 disconnect_handler		a1dcab9
core	Conn.DiscoveredServers	method	implemented	present	present	lib/nats/io/client.rb:765 discovered_servers	returns server-pool hashes (uri:, discovered:) rather than URL strings	
core	Conn.DiscoveredServersHandler	method	implemented	missing	present	lib/nats/io/client.rb:1176 discovered_servers_handler		a1dcab9
core	Conn.Drain	method	implemented	present	present	lib/nats/io/client.rb:846 drain	async (background thread); returns nil if already draining, no error on closed conn	
core	Conn.ErrorHandler	method	implemented	missing	present	lib/nats/io/client.rb:1166 error_handler		a1dcab9
core	Conn.Flush	method	implemented	present	present	lib/nats/io/client.rb:745 flush	PING/PONG round trip, default 10s timeout	
core	Conn.FlushTimeout	method	implemented	present	present	lib/nats/io/client.rb:745 flush(timeout)		
core	Conn.FlushWithContext	method	unsupported	n/a	n/a		context.Context variant	
core	Conn.ForceReconnect	method	implemented	present	present	lib/nats/io/client.rb:280 force_reconnect	raises ConnectionClosedError if closed/draining/disconnected	
core	Conn.GetClientID	method	implemented	partial	present	lib/nats/io/client.rb:1131 client_id	raises ClientIDNotSupported when INFO lacks client_id (or 0), ConnectionClosedError when closed	7c76506
core	Conn.GetClientIP	method	implemented	partial	present	lib/nats/io/client.rb:1145 client_ip	returns IPAddr (net.IP), raises ClientIPNotSupported when INFO lacks client_ip; nil for unparsable, like net.ParseIP	7c76506
core	Conn.HeadersSupported	method	implemented	partial	present	lib/nats/io/client.rb:1105 headers_supported?		a1dcab9
core	Conn.IsClosed	method	implemented	present	present	lib/nats/io/client.rb:802 closed?		
core	Conn.IsConnected	method	implemented	present	present	lib/nats/io/client.rb:790 connected?	false while draining (Go IsConnected true while draining)	
core	Conn.IsDraining	method	implemented	present	present	lib/nats/io/client.rb:806 draining?		
core	Conn.IsReconnecting	method	implemented	present	present	lib/nats/io/client.rb:798 reconnecting?		
core	Conn.IsSystemAccount	method	implemented	partial	present	lib/nats/io/client.rb:1121 system_account?	!!acc_is_sys of the connected server's INFO; false unless connected	b8d41f7
core	Conn.LastError	method	implemented	present	present	lib/nats/io/client.rb:835 last_error		
core	Conn.LocalAddr	method	implemented	missing	present	lib/nats/io/client.rb:1033 local_addr		a1dcab9
core	Conn.MaxPayload	method	implemented	partial	present	lib/nats/io/client.rb:1100 max_payload		a1dcab9
core	Conn.NewInbox	method	implemented	present	present	lib/nats/io/client.rb:778 new_inbox	honors custom_inbox_prefix	
core	Conn.NewRespInbox	method	implemented	missing	present	lib/nats/io/client.rb:1022 new_resp_inbox	<resp mux prefix>.<nuid>; sets up the prefix but leaves the SUB to the first request, like nats.go	ad280a7
core	Conn.NumSubscriptions	method	implemented	missing	present	lib/nats/io/client.rb:1040 num_subscriptions	includes the resp-mux subscription	a1dcab9
core	Conn.Publish	method	implemented	present	present	lib/nats/io/client.rb:476 publish		
core	Conn.PublishMsg	method	implemented	present	present	lib/nats/io/client.rb:492 publish_msg		
core	Conn.PublishRequest	method	implemented	present	present	lib/nats/io/client.rb:476 publish(subj,data,reply)	reply as 3rd positional arg	
core	Conn.QueueSubscribe	method	implemented	present	present	lib/nats/io/client.rb:523 subscribe(subj, queue:) {}		
core	Conn.QueueSubscribeSync	method	implemented	present	present	lib/nats/io/client.rb:523 subscribe(subj, queue:)	no block -> sync sub, use next_msg	
core	Conn.QueueSubscribeSyncWithChan	method	unsupported	n/a	n/a		Go channel idiom	
core	Conn.RTT	method	implemented	missing	present	lib/nats/io/client.rb:896 rtt	Float seconds; Disconnected while not connected	cda6d1c
core	Conn.ReconnectHandler	method	implemented	missing	present	lib/nats/io/client.rb:1170 reconnect_handler		a1dcab9
core	Conn.RemoveStatusListener	method	unsupported	n/a	n/a		Go channel status listener; nats-pure has no status listeners	
core	Conn.Request	method	implemented	present	present	lib/nats/io/client.rb:566 request	timeout: kw (default 0.5s); new-style mux; block form = async old-style	
core	Conn.RequestMsg	method	implemented	present	present	lib/nats/io/client.rb:624 request_msg		
core	Conn.RequestMsgWithContext	method	unsupported	n/a	n/a		context.Context variant	
core	Conn.RequestWithContext	method	unsupported	n/a	n/a		context.Context variant	
core	Conn.ServerPool	method	implemented	present	present	lib/nats/io/client.rb:104 server_pool	array of internal server hashes (uri:, reconnect_attempts:, ...)	
core	Conn.Servers	method	implemented	present	present	lib/nats/io/client.rb:761 servers	alias of server_pool: hashes with URI, not URL strings	
core	Conn.SetClosedHandler	method	implemented	present	present	lib/nats/io/client.rb:831 on_close		
core	Conn.SetDisconnectErrHandler	method	implemented	present	present	lib/nats/io/client.rb:823 on_disconnect	block receives last error	
core	Conn.SetDisconnectHandler	method	implemented	present	present	lib/nats/io/client.rb:823 on_disconnect		
core	Conn.SetDiscoveredServersHandler	method	implemented	missing	present	lib/nats/io/client.rb:1209 on_discovered_servers		e7cc081
core	Conn.SetErrorHandler	method	implemented	present	present	lib/nats/io/client.rb:819 on_error	block arity 1..3 (e / e,sub / nc,e,sub)	
core	Conn.SetReconnectHandler	method	implemented	present	present	lib/nats/io/client.rb:827 on_reconnect		
core	Conn.SetServerPool	method	implemented	missing	present	lib/nats/io/client.rb:928 set_server_pool(urls)	validates URLs, rejects ws/non-ws mixing, keeps per-server state	e606980
core	Conn.Stats	method	implemented	present	present	lib/nats/io/client.rb:104 stats	hash in_msgs/out_msgs/in_bytes/out_bytes/reconnects	
core	Conn.Status	method	implemented	present	present	lib/nats/io/client.rb:104 status	Integer constants in NATS::Status	
core	Conn.StatusChanged	method	unsupported	n/a	n/a		Go channel status listener; nats-pure has none	
core	Conn.Subscribe	method	implemented	present	present	lib/nats/io/client.rb:523 subscribe {}	per-sub pending limits and processing_concurrency opts	
core	Conn.SubscribeSync	method	implemented	present	present	lib/nats/io/client.rb:523 subscribe (no block)		
core	Conn.TLSConnectionState	method	implemented	missing	present	lib/nats/io/client.rb:1189 tls_connection_state; client.rb:3167 TLSConnectionState.of	version, cipher, peer certs, server name, ALPN, resumption; ConnectionNotTLS without TLS, Disconnected while not connected	4f5ded9
core	Conn.TLSRequired	method	implemented	partial	present	lib/nats/io/client.rb:1115 tls_required?		a1dcab9
core	Connect	function	implemented	present	present	lib/nats/io/client.rb:50 NATS.connect	uri string (comma list) or opts hash	
core	ConnectHandler	constructor	implemented	missing	present	lib/nats/io/client.rb:1201 on_connect	called before connect returns	e7cc081
core	CustomInboxPrefix	constructor	implemented	present	present	lib/nats/io/client.rb:388 custom_inbox_prefix:	validated (no >,*, leading/trailing .)	
core	CustomReconnectDelay	constructor	implemented	missing	present	lib/nats/io/client.rb:2597 custom_reconnect_delay:	Proc(attempts) -> seconds	f6e0668
core	DecodeHeadersMsg	function	unsupported	n/a	n/a	lib/nats/io/client.rb:932	header parser process_hdr is private; NQ also unsupported	
core	Dialer	constructor	unsupported	n/a	n/a		*net.Dialer is Go-only	
core	DisconnectErrHandler	constructor	implemented	present	present	lib/nats/io/client.rb:823 on_disconnect	block gets the error	
core	DisconnectHandler	constructor	implemented	present	present	lib/nats/io/client.rb:823 on_disconnect		
core	DiscoveredServersHandler	constructor	implemented	missing	present	lib/nats/io/client.rb:1209 on_discovered_servers		e7cc081
core	DontRandomize	constructor	implemented	present	present	lib/nats/io/client.rb:353 dont_randomize_servers:		
core	DrainTimeout	constructor	implemented	present	present	lib/nats/io/client.rb:347 drain_timeout:	default 30s	
core	ErrAccountAuthExpired	error	implemented	partial	present	lib/nats/io/errors.rb:94 AccountAuthenticationExpired	AuthError subclass mapped from -ERR (client.rb:171)	81e71a1
core	ErrAuthExpired	error	implemented	partial	present	lib/nats/io/errors.rb:88 AuthenticationExpired		81e71a1
core	ErrAuthRevoked	error	implemented	partial	present	lib/nats/io/errors.rb:91 AuthenticationRevoked		81e71a1
core	ErrAuthorization	error	implemented	present	present	lib/nats/io/errors.rb:31 NATS::IO::AuthError		
core	ErrBadHeaderMsg	error	implemented	missing	present	lib/nats/io/errors.rb:68 BadHeaderMsg	raised by process_hdr (client.rb:1450), sent to on_error; msg delivered without header	4f0784b
core	ErrBadQueueName	error	implemented	missing	present	lib/nats/io/errors.rb:46 BadQueueName	subscribe rejects whitespace in queue (client.rb:648)	81e71a1
core	ErrBadSubject	error	implemented	present	present	lib/nats/io/errors.rb:46 BadSubject	only nil/empty subjects rejected	
core	ErrBadSubscription	error	implemented	present	present	lib/nats/io/errors.rb:50 BadSubscription		
core	ErrBadTimeout	error	implemented	missing	present	lib/nats/io/errors.rb:121 BadTimeout	flush rejects non-positive timeout (client.rb:872)	81e71a1
core	ErrChanArg	error	unsupported	n/a	n/a		Go channel idiom	
core	ErrClientCertOrRootCAsRequired	error	implemented	missing	present	lib/nats/io/errors.rb:105 ClientCertOrRootCAsRequired; client.rb:1443	raised when tls names cert_cb/ca_cb but both are nil; an ArgumentError	4834517
core	ErrClientIDNotSupported	error	implemented	missing	present	lib/nats/io/errors.rb:72 ClientIDNotSupported	raised by client_id (client.rb:1133)	7c76506
core	ErrClientIPNotSupported	error	implemented	missing	present	lib/nats/io/errors.rb:76 ClientIPNotSupported	raised by client_ip (client.rb:1147)	7c76506
core	ErrConnectionClosed	error	implemented	present	present	lib/nats/io/errors.rb:68 ConnectionClosedError		
core	ErrConnectionDraining	error	implemented	present	present	lib/nats/io/errors.rb:59 ConnectionDrainingError		
core	ErrConnectionNotTLS	error	implemented	missing	present	lib/nats/io/errors.rb:80 ConnectionNotTLS	raised by tls_connection_state (client.rb:1195)	4f5ded9
core	ErrConnectionReconnecting	error	implemented	missing	present	lib/nats/io/errors.rb:52 ConnectionReconnecting	drain while (re)connecting closes and raises it (client.rb:1244)	81e71a1
core	ErrDisconnected	error	implemented	missing	present	lib/nats/io/errors.rb:59 Disconnected	raised by rtt; fails pending publish_async futures	cda6d1c
core	ErrDrainTimeout	error	implemented	present	present	lib/nats/io/errors.rb:62 DrainTimeoutError	delivered to on_error	
core	ErrHeadersNotSupported	error	implemented	missing	present	lib/nats/io/errors.rb:49 HeadersNotSupported	publish_msg checks server INFO headers (client.rb:609)	81e71a1
core	ErrInvalidArg	error	implemented	partial	present	lib/nats/io/errors.rb:53 InvalidArg < ArgumentError	raised for bad pending limits (subscription.rb:73) and fetch heartbeats; subclass keeps existing ArgumentError rescues	17d30b1
core	ErrInvalidConnection	error	unsupported	n/a	n/a		Go nil-*Conn guard	
core	ErrInvalidContext	error	unsupported	n/a	n/a		context.Context idiom	
core	ErrInvalidMsg	error	implemented	partial	present	lib/nats/io/errors.rb:76 InvalidMsg	TypeError subclass, raised by publish_msg/request_msg/respond_msg	4f0784b
core	ErrJsonParse	error	unsupported	n/a	n/a		INFO JSON errors surface as raw JSON::ParserError; NQ also unsupported	
core	ErrMaxAccountConnectionsExceeded	error	implemented	partial	present	lib/nats/io/errors.rb:37 MaxAccountConnectionsExceeded		81e71a1
core	ErrMaxConnectionsExceeded	error	implemented	partial	present	lib/nats/io/errors.rb:33 MaxConnectionsExceeded		81e71a1
core	ErrMaxMessages	error	implemented	missing	present	lib/nats/io/errors.rb:139 MaxMessages	next_msg raises it after auto-unsubscribe max reached	4f0784b
core	ErrMaxPayload	error	implemented	missing	present	lib/nats/io/errors.rb:43 MaxPayload	client-side check vs server max_payload (client.rb:1711)	81e71a1
core	ErrMaxSubscriptionsExceeded	error	implemented	partial	present	lib/nats/io/errors.rb:30 MaxSubscriptionsExceeded	connection stays up; goes to on_error	81e71a1
core	ErrMixingWebsocketSchemes	error	implemented	missing	present	lib/nats/io/errors.rb:101 MixingWebsocketSchemes; client.rb:456,948,1827	checked for connect(servers:)/comma URLs and set_server_pool before dialing; an ArgumentError	dfc4d2c
core	ErrMsgNoReply	error	implemented	partial	present	lib/nats/io/errors.rb:131 MsgNoReply	BadSubject subclass raised by respond/respond_msg	4f0784b
core	ErrMsgNotBound	error	implemented	missing	present	lib/nats/io/errors.rb:72 MsgNotBound		4f0784b
core	ErrMultipleTLSConfigs	error	unsupported	n/a	n/a		Go tls.Config variadic idiom	
core	ErrNkeyAndUser	error	implemented	missing	present	lib/nats/io/errors.rb:120 NkeyAndUser; client.rb:1417	named ArgumentError subclass with the nats.go message	03b5eaf
core	ErrNkeyButNoSigCB	error	implemented	missing	present	lib/nats/io/errors.rb:128 NkeyButNoSigCB; client.rb:1426	named ArgumentError subclass with the nats.go message	03b5eaf
core	ErrNkeysNotSupported	error	implemented	missing	present	lib/nats/io/errors.rb:176 NkeysNotSupported; client.rb:2484	nkey configured and INFO has no nonce -> ConnectError subclass; server marked not to retry	8e71e8d
core	ErrNoDeadlineContext	error	unsupported	n/a	n/a		context.Context idiom	
core	ErrNoEchoNotSupported	error	implemented	missing	present	lib/nats/io/errors.rb:106 NoEchoNotSupported	raised when server proto < 1 (client.rb:1971)	8b4ad2a
core	ErrNoInfoReceived	error	implemented	partial	present	lib/nats/io/errors.rb:97 NoInfoReceived	ConnectError subclass	81e71a1
core	ErrNoResponders	error	implemented	present	present	lib/nats/io/errors.rb:37 NoRespondersError		
core	ErrNoServers	error	implemented	present	present	lib/nats/io/errors.rb:34 NoServersError		
core	ErrNoUserCB	error	implemented	missing	present	lib/nats/io/errors.rb:136 NoUserCB; client.rb:1421	user_signature_cb without user_jwt_cb/user_nkey_cb/credentials now raises	8e71e8d
core	ErrPermissionViolation	error	implemented	partial	present	lib/nats/io/errors.rb:26 PermissionViolation	connection stays up; on_error gets it (no sub arg)	81e71a1
core	ErrReconnectBufExceeded	error	implemented	missing	present	lib/nats/io/errors.rb:55 ReconnectBufExceeded		96b7ee2
core	ErrSecureConnRequired	error	unsupported	partial	present	lib/nats/io/errors.rb:100 SecureConnRequired		81e71a1
core	ErrSecureConnWanted	error	implemented	partial	present	lib/nats/io/errors.rb:103 SecureConnWanted		81e71a1
core	ErrServerNotInPool	error	implemented	missing	present	lib/nats/io/errors.rb:58 ServerNotInPool; client.rb:1851	reconnect_to_server choice not in pool -> on_reconnect_error + on_error, then next server	3d3cd5a
core	ErrSlowConsumer	error	implemented	present	present	lib/nats/io/errors.rb:53 SlowConsumer	delivered to on_error	
core	ErrStaleConnection	error	implemented	present	present	lib/nats/io/errors.rb:40 StaleConnectionError		
core	ErrSyncSubRequired	error	implemented	missing	present	lib/nats/io/errors.rb:63 SyncSubRequired	next_msg on callback sub (subscription.rb:280)	86d04fd
core	ErrTLS	error	implemented	missing	present	lib/nats/io/errors.rb:169 TLSError < ConnectError; client.rb:2529,3231	failed handshake or close right after it raises TLSError with the OpenSSL/socket error as cause	4f5ded9
core	ErrTimeout	error	implemented	present	present	lib/nats/io/errors.rb:43 NATS::Timeout		
core	ErrTokenAlreadySet	error	implemented	missing	present	lib/nats/io/errors.rb:112 TokenAlreadySet; client.rb:1401	named ArgumentError subclass with the nats.go message	03b5eaf
core	ErrTypeSubscription	error	unsupported	n/a	n/a		Go SubscriptionType idiom	
core	ErrUserButNoSigCB	error	implemented	missing	present	lib/nats/io/errors.rb:124 UserButNoSigCB; client.rb:1425	named ArgumentError subclass with the nats.go message	03b5eaf
core	ErrUserInfoAlreadySet	error	implemented	missing	present	lib/nats/io/errors.rb:116 UserInfoAlreadySet; client.rb:1405	named ArgumentError subclass; message says "handler" where nats.go says "callback"	03b5eaf
core	ErrWebSocketHeadersAlreadySet	error	implemented	missing	present	lib/nats/io/errors.rb:132 WebSocketHeadersAlreadySet; client.rb:1490	ws_headers + ws_headers_handler raise the named ArgumentError subclass	03b5eaf
core	ErrorHandler	constructor	implemented	present	present	lib/nats/io/client.rb:819 on_error		
core	FlusherTimeout	constructor	implemented	missing	deliberate	lib/nats/io/client.rb:2184 flusher_timeout:	option exists; off by default. CHANGELOG: "By default, as before, nothing forces a flush and writes may block for good (nats.go uses 32 KiB and a minute)"	0657b1f
core	GetDefaultOptions	function	unsupported	n/a	n/a	lib/nats/io/client.rb:1943	Go Options struct; defaults are NATS::IO constants	
core	Header.Add	method	unsupported	n/a	n/a		headers are plain Ruby Hash; single value per key	
core	Header.Del	method	unsupported	n/a	n/a		headers are plain Ruby Hash	
core	Header.Get	method	unsupported	n/a	n/a		headers are plain Ruby Hash	
core	Header.Set	method	unsupported	n/a	n/a		headers are plain Ruby Hash	
core	Header.Values	method	unsupported	n/a	n/a	lib/nats/io/client.rb:957	plain Hash; repeated header keys overwrite (no multi-value)	
core	IgnoreAuthErrorAbort	constructor	implemented	missing	present	lib/nats/io/client.rb:1554 ignore_auth_error_abort:	plus abort on same auth error twice (c7ddb60)	06ef963
core	IgnoreDiscoveredServers	constructor	implemented	present	present	lib/nats/io/client.rb:331 ignore_discovered_urls:		
core	InProcessServer	constructor	unsupported	n/a	n/a		Go in-process server only	
core	LameDuckModeHandler	constructor	implemented	missing	present	lib/nats/io/client.rb:1216 on_lame_duck_mode		e7cc081
core	MaxPingsOutstanding	constructor	implemented	present	present	lib/nats/io/client.rb:335 max_outstanding_pings:		
core	MaxReconnects	constructor	implemented	present	present	lib/nats/io/client.rb:333 max_reconnect_attempts:	per-server attempts; <0 = infinite	
core	Msg.Equal	method	implemented	missing	present	lib/nats/io/msg.rb:70 ==	also eql?/hash; compares subject/reply/header/data	c5e6763
core	Msg.Respond	method	implemented	present	present	lib/nats/io/msg.rb:34 respond		
core	Msg.RespondMsg	method	implemented	partial	present	lib/nats/io/msg.rb:114 respond_msg	now publishes to the original reply subject	8288c6b
core	Msg.Size	method	implemented	missing	present	lib/nats/io/msg.rb:88 size		c5e6763
core	MultipathTCP	constructor	unsupported	n/a	n/a		Go net.Dialer MPTCP	
core	Name	constructor	implemented	present	present	lib/nats/io/client.rb:1264 name:		
core	NewInbox	function	implemented	partial	present	lib/nats/io/client.rb:68 NATS.new_inbox		f277e49
core	NewMsg	function	unsupported	present	present	lib/nats/io/msg.rb:21 NATS::Msg.new(subject:)	header not pre-initialized	
core	Nkey	constructor	implemented	present	present	lib/nats/io/client.rb:376 user_nkey_cb:+user_signature_cb:	undocumented connect opts	
core	NkeyOptionFromSeed	constructor	implemented	present	present	lib/nats/io/client.rb:378 nkeys_seed:	requires nkeys gem	
core	NoCallbacksAfterClientClose	constructor	implemented	missing	present	lib/nats/io/client.rb:991 no_callbacks_after_client_close:		ce0ace9
core	NoEcho	constructor	implemented	missing	present	lib/nats/io/client.rb:1982 no_echo:		8b4ad2a
core	NoReconnect	constructor	implemented	present	present	lib/nats/io/client.rb:329 reconnect: false		
core	Options.AllowMultipathTCP	field	unsupported	n/a	n/a		Go net.Dialer MPTCP	
core	Options.AllowReconnect	field	implemented	present	present	lib/nats/io/client.rb:329 reconnect:		
core	Options.AsyncErrorCB	field	implemented	present	present	lib/nats/io/client.rb:819 on_error		
core	Options.ClosedCB	field	implemented	present	present	lib/nats/io/client.rb:831 on_close		
core	Options.Compression	field	implemented	missing	present	lib/nats/io/websocket.rb:144 compression:		a71408d
core	Options.Connect	method	unsupported	n/a	n/a		Go Options struct method	
core	Options.ConnectedCB	field	implemented	missing	present	lib/nats/io/client.rb:1201 on_connect	setter method, not a connect option	e7cc081
core	Options.CustomDialer	field	implemented	missing	present	lib/nats/io/client.rb:3065 custom_dialer:	object#dial or Proc; skip_tls_handshake? honored	5c7a926
core	Options.CustomReconnectDelayCB	field	implemented	missing	present	lib/nats/io/client.rb:2597 custom_reconnect_delay:		f6e0668
core	Options.Dialer	field	unsupported	n/a	n/a		*net.Dialer is Go-only	
core	Options.DisconnectedCB	field	implemented	present	present	lib/nats/io/client.rb:823 on_disconnect		
core	Options.DisconnectedErrCB	field	implemented	present	present	lib/nats/io/client.rb:823 on_disconnect	block gets error	
core	Options.DiscoveredServersCB	field	implemented	missing	present	lib/nats/io/client.rb:1209 on_discovered_servers		e7cc081
core	Options.DrainTimeout	field	implemented	present	present	lib/nats/io/client.rb:347 drain_timeout:		
core	Options.FlusherTimeout	field	implemented	missing	deliberate	lib/nats/io/client.rb:2184 flusher_timeout:	off by default. CHANGELOG: "By default, as before, nothing forces a flush and writes may block for good (nats.go uses 32 KiB and a minute)"	0657b1f
core	Options.IgnoreAuthErrorAbort	field	implemented	missing	present	lib/nats/io/client.rb:1554 ignore_auth_error_abort:		06ef963
core	Options.IgnoreDiscoveredServers	field	implemented	present	present	lib/nats/io/client.rb:331 ignore_discovered_urls:		
core	Options.InProcessServer	field	unsupported	n/a	n/a		Go in-process server only	
core	Options.InboxPrefix	field	implemented	present	present	lib/nats/io/client.rb:388 custom_inbox_prefix:		
core	Options.LameDuckModeHandler	field	implemented	missing	present	lib/nats/io/client.rb:1216 on_lame_duck_mode		e7cc081
core	Options.MaxPingsOut	field	implemented	present	present	lib/nats/io/client.rb:335 max_outstanding_pings:		
core	Options.MaxReconnect	field	implemented	present	present	lib/nats/io/client.rb:333 max_reconnect_attempts:		
core	Options.Name	field	implemented	present	present	lib/nats/io/client.rb:1264 name:		
core	Options.Nkey	field	implemented	present	present	lib/nats/io/client.rb:376 user_nkey_cb:	nkey given as proc, not string	
core	Options.NoCallbacksAfterClientClose	field	implemented	missing	present	lib/nats/io/client.rb:991 no_callbacks_after_client_close:		ce0ace9
core	Options.NoEcho	field	implemented	missing	present	lib/nats/io/client.rb:1982 no_echo:		8b4ad2a
core	Options.NoRandomize	field	implemented	present	present	lib/nats/io/client.rb:353 dont_randomize_servers:		
core	Options.Password	field	implemented	present	present	lib/nats/io/client.rb:1084 pass:	or user:pass@ in URL	
core	Options.Pedantic	field	implemented	present	present	lib/nats/io/client.rb:328 pedantic:		
core	Options.PermissionErrOnSubscribe	field	implemented	missing	present	lib/nats/io/client.rb:1639 process_err; subscription.rb:120,282	permission_err_on_subscribe: true routes -ERR to subs by subject/queue (or sid): next_msg raises, on_error gets the sub; off by default	78fee67
core	Options.PingInterval	field	implemented	present	present	lib/nats/io/client.rb:334 ping_interval:	seconds, default 120	
core	Options.ProxyPath	field	implemented	partial	present	lib/nats/io/websocket.rb:190 proxy_path:		fff0449
core	Options.ReconnectBufSize	field	implemented	missing	present	lib/nats/io/client.rb:416 reconnect_buf_size:	8 MiB default, negative disables	96b7ee2
core	Options.ReconnectErrCB	field	implemented	partial	present	lib/nats/io/client.rb:1223 on_reconnect_error		953d4a9
core	Options.ReconnectJitter	field	implemented	missing	present	lib/nats/io/client.rb:414 reconnect_jitter:		f6e0668
core	Options.ReconnectJitterTLS	field	implemented	missing	present	lib/nats/io/client.rb:415 reconnect_jitter_tls:		f6e0668
core	Options.ReconnectOnFlusherError	field	implemented	partial	deliberate	lib/nats/io/client.rb:416 default; client.rb:2437 handle_flush_error	default true (nats.go false). CHANGELOG: "By default, as before, such a write error reconnects, which nats.go does with the option on."	bd18a6e
core	Options.ReconnectToServerCB	field	implemented	missing	present	lib/nats/io/client.rb:1797 select_next_server; client.rb:1844 choose_reconnect_server	reconnect_to_server.call(pool copies, server_info) -> [server or URL, delay secs]	3d3cd5a
core	Options.ReconnectWait	field	implemented	present	present	lib/nats/io/client.rb:332 reconnect_time_wait:		
core	Options.ReconnectedCB	field	implemented	present	present	lib/nats/io/client.rb:827 on_reconnect		
core	Options.RetryOnFailedConnect	field	implemented	partial	present	lib/nats/io/client.rb:554 retry_on_failed_connect:	background connect; default still blocks retrying (pre-existing)	010f701
core	Options.RootCAsCB	field	implemented	partial	present	lib/nats/io/client.rb:1912 tls: {ca_cb:}	callable returning an OpenSSL::X509::Store, called per (re)connect; exclusive with ca_file	4834517
core	Options.Secure	field	implemented	present	present	lib/nats/io/client.rb:386 tls: / tls:// scheme		
core	Options.Servers	field	implemented	present	present	lib/nats/io/client.rb:352 servers:		
core	Options.SignatureCB	field	implemented	present	present	lib/nats/io/client.rb:374 user_signature_cb:	undocumented	
core	Options.SkipHostLookup	field	implemented	missing	present	lib/nats/io/client.rb:3055 skip_host_lookup:		b3cd7de
core	Options.SkipSubjectValidation	field	implemented	partial	present	lib/nats/io/client.rb:1363 skip_subject_validation?; client.rb:655,1354	publish/request now check whitespace, subscribe empty tokens; skip also relaxes sub empty tokens (nats.go never does), per CHANGELOG	94a4dda
core	Options.SubChanLen	field	implemented	partial	present	lib/nats/io/client.rb:662 sub_pending_msgs_limit/sub_pending_bytes_limit	connection-wide default pending limits; applies to async subs too (nats.go: sync/chan subs only); 0 raises InvalidArg	36b3cb6
core	Options.TLSCertCB	field	implemented	partial	present	lib/nats/io/client.rb:1927 tls: {cert_cb:}	callable returning [cert, key, chain?] (objects or PEM), called per (re)connect; exclusive with cert_file	4834517
core	Options.TLSConfig	field	implemented	present	present	lib/nats/io/client.rb:386 tls: {context:}	OpenSSL::SSL::SSLContext	
core	Options.TLSHandshakeFirst	field	implemented	missing	present	lib/nats/io/client.rb:2220 tls_handshake_first:		3f89135
core	Options.Timeout	field	implemented	partial	present	lib/nats/io/client.rb:2636 connect_timeout:	now bounds TCP dial and TLS handshake	11dfbc3
core	Options.Token	field	implemented	present	present	lib/nats/io/client.rb:383 auth_token:	or token in URL	
core	Options.TokenHandler	field	implemented	missing	present	lib/nats/io/client.rb:473 token_handler:		158c07a
core	Options.Url	field	implemented	present	present	lib/nats/io/client.rb:50 NATS.connect(uri)		
core	Options.UseOldRequestStyle	field	implemented	present	present	lib/nats/io/client.rb:330 old_style_request:		
core	Options.User	field	implemented	present	present	lib/nats/io/client.rb:1083 user:		
core	Options.UserInfo	field	implemented	missing	present	lib/nats/io/client.rb:474 user_info_handler:		158c07a
core	Options.UserJWT	field	implemented	present	present	lib/nats/io/client.rb:375 user_jwt_cb:	with user_signature_cb:	
core	Options.Verbose	field	implemented	present	present	lib/nats/io/client.rb:327 verbose:		
core	Options.WebSocketConnectionHeaders	field	implemented	missing	present	lib/nats/io/websocket.rb:171 ws_headers:		9dca71e
core	Options.WebSocketConnectionHeadersHandler	field	implemented	missing	present	lib/nats/io/websocket.rb:171 ws_headers_handler:	called on every connect/reconnect	9dca71e
core	Options.WriteBufferSize	field	implemented	missing	deliberate	lib/nats/io/client.rb:1737 write_buffer_size:	off by default. CHANGELOG: "By default, as before, nothing forces a flush and writes may block for good (nats.go uses 32 KiB and a minute)"	0657b1f
core	PermissionErrOnSubscribe	constructor	implemented	missing	present	lib/nats/io/client.rb:1639 connect(permission_err_on_subscribe:)	option kwarg; see Options.PermissionErrOnSubscribe	78fee67
core	PingInterval	constructor	implemented	present	present	lib/nats/io/client.rb:334 ping_interval:		
core	ProxyPath	constructor	implemented	partial	present	lib/nats/io/websocket.rb:190 proxy_path:		fff0449
core	ReconnectBufSize	constructor	implemented	missing	present	lib/nats/io/client.rb:416 reconnect_buf_size:		96b7ee2
core	ReconnectErrHandler	constructor	implemented	partial	present	lib/nats/io/client.rb:1223 on_reconnect_error		953d4a9
core	ReconnectHandler	constructor	implemented	present	present	lib/nats/io/client.rb:827 on_reconnect		
core	ReconnectJitter	constructor	implemented	missing	present	lib/nats/io/client.rb:414 reconnect_jitter:/reconnect_jitter_tls:		f6e0668
core	ReconnectOnFlusherError	constructor	implemented	partial	deliberate	lib/nats/io/client.rb:416,2437 connect(reconnect_on_flusher_error:)	on by default in Ruby; false opts out. CHANGELOG: "By default, as before, such a write error reconnects, which nats.go does with the option on."	bd18a6e
core	ReconnectToServer	constructor	implemented	missing	present	lib/nats/io/client.rb:1797 connect(reconnect_to_server:)	option kwarg; validated callable (client.rb:1464)	3d3cd5a
core	ReconnectWait	constructor	implemented	present	present	lib/nats/io/client.rb:332 reconnect_time_wait:		
core	RetryOnFailedConnect	constructor	implemented	partial	present	lib/nats/io/client.rb:554 retry_on_failed_connect:		010f701
core	RootCAs	constructor	implemented	partial	present	lib/nats/io/client.rb:1688 tls: {ca_file:}	single CA file (nats.go takes several)	3f89135
core	Secure	constructor	implemented	present	present	lib/nats/io/client.rb:386 tls:	tls: {context:} or tls:// URL	
core	SetCustomDialer	constructor	implemented	missing	present	lib/nats/io/client.rb:3065 custom_dialer:		5c7a926
core	SkipHostLookup	constructor	implemented	missing	present	lib/nats/io/client.rb:3055 skip_host_lookup:		b3cd7de
core	SkipSubjectValidation	constructor	implemented	partial	present	lib/nats/io/client.rb:1363 connect(skip_subject_validation:)	option kwarg; see Options.SkipSubjectValidation	94a4dda
core	Subscription.AutoUnsubscribe	method	implemented	present	present	lib/nats/io/subscription.rb:84 unsubscribe(max)	also subscribe(max:)	
core	Subscription.ClearMaxPending	method	implemented	missing	present	lib/nats/io/subscription.rb:253 clear_max_pending		59ec6c1
core	Subscription.Delivered	method	implemented	present	present	lib/nats/io/subscription.rb:37 delivered	alias of received	
core	Subscription.Drain	method	implemented	missing	present	lib/nats/io/subscription.rb:228 drain		59ec6c1
core	Subscription.Dropped	method	implemented	missing	present	lib/nats/io/subscription.rb:241 dropped		59ec6c1
core	Subscription.IsDraining	method	implemented	missing	present	lib/nats/io/subscription.rb:234 draining?	false once drain over (f6707e5)	59ec6c1
core	Subscription.IsValid	method	implemented	partial	present	lib/nats/io/subscription.rb:142 valid?		863d3d1
core	Subscription.MaxPending	method	implemented	missing	present	lib/nats/io/subscription.rb:248 max_pending	[msgs, bytes]	59ec6c1
core	Subscription.Msgs	method	unsupported	n/a	n/a		Go iter.Seq2	
core	Subscription.MsgsTimeout	method	unsupported	n/a	n/a		Go iter.Seq2	
core	Subscription.NextMsg	method	implemented	present	present	lib/nats/io/subscription.rb:89 next_msg(timeout:)	default 0.5s	
core	Subscription.NextMsgWithContext	method	unsupported	n/a	n/a		context.Context variant	
core	Subscription.Pending	method	implemented	partial	present	lib/nats/io/subscription.rb:151 pending	[msgs, bytes]	863d3d1
core	Subscription.PendingLimits	method	implemented	present	present	lib/nats/io/subscription.rb:33 pending_msgs_limit/pending_bytes_limit		
core	Subscription.QueuedMsgs	method	implemented	partial	present	lib/nats/io/subscription.rb:160 queued_msgs		863d3d1
core	Subscription.SetClosedHandler	method	implemented	missing	present	lib/nats/io/subscription.rb:265 on_close	callback subs only	59ec6c1
core	Subscription.SetPendingLimits	method	implemented	partial	present	lib/nats/io/subscription.rb:201 set_pending_limits	resizes queue; also pending_limits getter	0831c35
core	Subscription.StatusChanged	method	unsupported	n/a	n/a		Go channel idiom	
core	Subscription.Type	method	unsupported	n/a	n/a		Go SubscriptionType idiom	
core	Subscription.Unsubscribe	method	implemented	present	present	lib/nats/io/subscription.rb:84 unsubscribe		
core	SyncQueueLen	constructor	implemented	partial	present	lib/nats/io/client.rb:662 connect(sub_pending_msgs_limit:)	connection-wide default; see Options.SubChanLen	36b3cb6
core	TLSHandshakeFirst	constructor	implemented	missing	present	lib/nats/io/client.rb:2220 tls_handshake_first:		3f89135
core	Timeout	constructor	implemented	partial	present	lib/nats/io/client.rb:2636 connect_timeout:	bounds dial + TLS handshake	11dfbc3
core	Token	constructor	implemented	present	present	lib/nats/io/client.rb:383 auth_token:		
core	TokenHandler	constructor	implemented	missing	present	lib/nats/io/client.rb:473 token_handler:		158c07a
core	UseOldRequestStyle	constructor	implemented	present	present	lib/nats/io/client.rb:330 old_style_request:		
core	UserCredentialBytes	constructor	implemented	missing	present	lib/nats/io/client.rb:464 user_credentials_data:		158c07a
core	UserCredentials	constructor	implemented	present	present	lib/nats/io/client.rb:377 user_credentials:	chained file only; no separate seed file arg	
core	UserInfo	constructor	implemented	present	present	lib/nats/io/client.rb:1083 user:/pass:	or URL userinfo	
core	UserInfoHandler	constructor	implemented	missing	present	lib/nats/io/client.rb:474 user_info_handler:		158c07a
core	UserJWT	constructor	implemented	present	present	lib/nats/io/client.rb:375 user_jwt_cb:+user_signature_cb:	undocumented	
core	UserJWTAndSeed	constructor	implemented	partial	present	lib/nats/io/client.rb:465 user_jwt:/user_seed:		158c07a
core	WebSocketConnectionHeaders	constructor	implemented	missing	present	lib/nats/io/websocket.rb:171 ws_headers:		9dca71e
core	WebSocketConnectionHeadersHandler	constructor	implemented	missing	present	lib/nats/io/websocket.rb:171 ws_headers_handler:		9dca71e
core	WriteBufferSize	constructor	implemented	missing	deliberate	lib/nats/io/client.rb:1737 write_buffer_size:	off by default. CHANGELOG: "By default, as before, nothing forces a flush and writes may block for good (nats.go uses 32 KiB and a minute)"	0657b1f
jetstream-ops	jetstream.APIError.APIError	method	planned	n/a	n/a	lib/nats/io/jetstream/errors.rb:44	Go interface plumbing (returns self); Ruby rescues Error::APIError directly	
jetstream-ops	jetstream.APIError.Error	method	planned	present	present	lib/nats/io/jetstream/errors.rb:56	APIError#to_s: description (status_code, err_code, stream, consumer)	
jetstream-ops	jetstream.APIError.Is	method	planned	partial	present	lib/nats/io/jetstream/js.rb:39-66,183-197	every err_code nats.go names maps to an Error subclass (rescue = errors.Is); err_code sent with another status falls back to base class	bc9ad67
jetstream-ops	jetstream.AckPolicy.MarshalJSON	method	planned	n/a	n/a	-	policies/enums are plain Strings in Struct members/hashes; no typed enum JSON (un)marshal	
jetstream-ops	jetstream.AckPolicy.String	method	planned	n/a	n/a	-	policies/enums are plain Strings in Struct members/hashes; no typed enum JSON (un)marshal	
jetstream-ops	jetstream.AckPolicy.UnmarshalJSON	method	planned	n/a	n/a	-	policies/enums are plain Strings in Struct members/hashes; no typed enum JSON (un)marshal	
jetstream-ops	jetstream.ConsumeContext.Closed	method	implemented	missing	present	lib/nats/io/jetstream/consume.rb:489,496	ConsumeContext#closed? and #wait_closed(timeout) (no channel)	aff74e2
jetstream-ops	jetstream.ConsumeContext.Drain	method	implemented	missing	present	lib/nats/io/jetstream/consume.rb:482	ConsumeContext#drain (delivers buffered msgs, then closes)	aff74e2
jetstream-ops	jetstream.ConsumeContext.Stop	method	implemented	partial	present	lib/nats/io/jetstream/consume.rb:476	ConsumeContext#stop	aff74e2
jetstream-ops	jetstream.Consumer.CachedInfo	method	implemented	missing	present	lib/nats/io/jetstream/consumer.rb:66	Consumer#cached_info; js.consumer(stream,name) handle	b75182f
jetstream-ops	jetstream.Consumer.Consume	method	implemented	missing	present	lib/nats/io/jetstream/consumer.rb:116; lib/nats/io/jetstream/pull_subscription.rb:240	Consumer#consume / psub.consume(max_messages:,max_bytes:,expires:,heartbeat:,threshold_*,error_handler:){}	aff74e2
jetstream-ops	jetstream.Consumer.Fetch	method	implemented	present	present	lib/nats/io/jetstream/pull_subscription.rb:116	PullSubscription#fetch(batch, timeout:) returns Array (or yields each); raises NATS::Timeout when none	
jetstream-ops	jetstream.Consumer.FetchBytes	method	implemented	missing	present	lib/nats/io/jetstream/consumer.rb:86; lib/nats/io/jetstream/pull_subscription.rb:143	Consumer#fetch_bytes(n); fetch(batch, max_bytes:)	9e41563
jetstream-ops	jetstream.Consumer.FetchNoWait	method	implemented	present	present	lib/nats/io/jetstream/pull_subscription.rb:116	fetch(batch, no_wait: true)	
jetstream-ops	jetstream.Consumer.Info	method	implemented	present	present	lib/nats/io/jetstream/pull_subscription.rb:163	PullSubscription#consumer_info / js.consumer_info(stream, consumer)	
jetstream-ops	jetstream.Consumer.Messages	method	implemented	missing	present	lib/nats/io/jetstream/consumer.rb:124; lib/nats/io/jetstream/consume.rb:39	Consumer#messages -> MessagesContext (next/each/stop/drain/closed?)	aff74e2
jetstream-ops	jetstream.Consumer.Next	method	implemented	present	present	lib/nats/io/jetstream/pull_subscription.rb:116	fetch(1, timeout:) gives one msg (as 1-elem Array); next_msg is disabled on pull subs	
jetstream-ops	jetstream.ConsumerInfoLister.Err	method	planned	missing	n/a	lib/nats/io/jetstream/manager.rb:612	Go channel-lister plumbing; consumers returns an Array and raises errors directly	a2d1f0c
jetstream-ops	jetstream.ConsumerInfoLister.Info	method	planned	missing	present	lib/nats/io/jetstream/manager.rb:263	jsm.consumers(stream) returns Array<ConsumerInfo> (all pages); not lazy/streaming	a2d1f0c
jetstream-ops	jetstream.ConsumerManager.Consumer	method	implemented	partial	present	lib/nats/io/jetstream.rb:597; lib/nats/io/jetstream/stream.rb:159	js.consumer(stream,name) -> Consumer handle, NotPullConsumer for push	b75182f
jetstream-ops	jetstream.ConsumerManager.ConsumerNames	method	implemented	missing	present	lib/nats/io/jetstream/manager.rb:251	jsm.consumer_names(stream) -> Array<String>, paged	a2d1f0c
jetstream-ops	jetstream.ConsumerManager.CreateConsumer	method	implemented	present	present	lib/nats/io/jetstream/manager.rb:137	no Stream handle; js-level method taking stream name: create_consumer(stream,cfg) -> ConsumerInfo	
jetstream-ops	jetstream.ConsumerManager.CreateOrUpdateConsumer	method	implemented	present	present	lib/nats/io/jetstream/manager.rb:124	no Stream handle; js-level method taking stream name: add_consumer(stream,cfg) creates or updates	
jetstream-ops	jetstream.ConsumerManager.CreateOrUpdatePushConsumer	method	implemented	present	present	lib/nats/io/jetstream/manager.rb:124	add_consumer with deliver_subject in config; returns ConsumerInfo, not a PushConsumer handle	
jetstream-ops	jetstream.ConsumerManager.CreatePushConsumer	method	implemented	present	present	lib/nats/io/jetstream/manager.rb:137	create_consumer with deliver_subject in config; returns ConsumerInfo	
jetstream-ops	jetstream.ConsumerManager.DeleteConsumer	method	implemented	present	present	lib/nats/io/jetstream/manager.rb:179	no Stream handle; js-level method taking stream name: delete_consumer(stream, name)	
jetstream-ops	jetstream.ConsumerManager.ListConsumers	method	implemented	missing	present	lib/nats/io/jetstream/manager.rb:263; lib/nats/io/jetstream/stream.rb:267	jsm.consumers(stream); Stream#list_consumers alias	a2d1f0c
jetstream-ops	jetstream.ConsumerManager.OrderedConsumer	method	implemented	missing	present	lib/nats/io/jetstream.rb:567; lib/nats/io/jetstream/ordered_consumer.rb:55	js.ordered_consumer(stream, filter_subjects:, deliver_policy:, ...) with fetch/next/consume/messages	9e5a4c3
jetstream-ops	jetstream.ConsumerManager.PauseConsumer	method	planned	present	present	lib/nats/io/jetstream/manager.rb:201	no Stream handle; js-level method taking stream name: pause_consumer(stream, consumer, time)	
jetstream-ops	jetstream.ConsumerManager.PushConsumer	method	implemented	present	present	lib/nats/io/jetstream.rb:160	js.subscribe(subj, durable:, stream:) binds an existing push consumer	
jetstream-ops	jetstream.ConsumerManager.ResetConsumer	method	planned	present	present	lib/nats/io/jetstream/manager.rb:264	no Stream handle; js-level method taking stream name: reset_consumer(stream, consumer)	
jetstream-ops	jetstream.ConsumerManager.ResetConsumerToSequence	method	planned	present	present	lib/nats/io/jetstream/manager.rb:264	reset_consumer(stream, consumer, seq: n)	
jetstream-ops	jetstream.ConsumerManager.ResumeConsumer	method	planned	present	present	lib/nats/io/jetstream/manager.rb:217	no Stream handle; js-level method taking stream name: resume_consumer	
jetstream-ops	jetstream.ConsumerManager.UnpinConsumer	method	implemented	present	present	lib/nats/io/jetstream/manager.rb:237	no Stream handle; js-level method taking stream name: unpin_consumer(stream, consumer, group)	
jetstream-ops	jetstream.ConsumerManager.UpdateConsumer	method	implemented	present	present	lib/nats/io/jetstream/manager.rb:154	no Stream handle; js-level method taking stream name: update_consumer(stream,cfg)	
jetstream-ops	jetstream.ConsumerManager.UpdatePushConsumer	method	implemented	present	present	lib/nats/io/jetstream/manager.rb:154	update_consumer with deliver_subject config	
jetstream-ops	jetstream.ConsumerNameLister.Err	method	planned	missing	n/a	lib/nats/io/jetstream/manager.rb:612	Go channel-lister plumbing; errors raised directly	a2d1f0c
jetstream-ops	jetstream.ConsumerNameLister.Name	method	planned	missing	present	lib/nats/io/jetstream/manager.rb:251	consumer_names returns Array<String>	a2d1f0c
jetstream-ops	jetstream.DeliverPolicy.MarshalJSON	method	planned	n/a	n/a	-	policies/enums are plain Strings in Struct members/hashes; no typed enum JSON (un)marshal	
jetstream-ops	jetstream.DeliverPolicy.String	method	planned	n/a	n/a	-	policies/enums are plain Strings in Struct members/hashes; no typed enum JSON (un)marshal	
jetstream-ops	jetstream.DeliverPolicy.UnmarshalJSON	method	planned	n/a	n/a	-	policies/enums are plain Strings in Struct members/hashes; no typed enum JSON (un)marshal	
jetstream-ops	jetstream.DiscardPolicy.MarshalJSON	method	planned	n/a	n/a	-	policies/enums are plain Strings in Struct members/hashes; no typed enum JSON (un)marshal	
jetstream-ops	jetstream.DiscardPolicy.String	method	planned	n/a	n/a	-	policies/enums are plain Strings in Struct members/hashes; no typed enum JSON (un)marshal	
jetstream-ops	jetstream.DiscardPolicy.UnmarshalJSON	method	planned	n/a	n/a	-	policies/enums are plain Strings in Struct members/hashes; no typed enum JSON (un)marshal	
jetstream-ops	jetstream.ErrAsyncPublishReplySubjectSet	error	implemented	missing	present	lib/nats/io/jetstream/errors.rb:157 AsyncPublishReplySubjectSet; jetstream.rb:287	publish_msg_async raises it for a Msg with a reply	744a2c2
jetstream-ops	jetstream.ErrAsyncPublishTimeout	error	implemented	missing	present	lib/nats/io/jetstream/errors.rb:71; lib/nats/io/jetstream.rb:831	Error::AsyncPublishTimeout fails the future after publish_async_timeout/timeout:	d4af0e4
jetstream-ops	jetstream.ErrBadRequest	error	implemented	present	present	lib/nats/io/jetstream/errors.rb:112	Error::BadRequest (code 400)	
jetstream-ops	jetstream.ErrBatchCompleted	error	implemented	missing	n/a	lib/nats/io/jetstream/pull_subscription.rb:426; lib/nats/io/jetstream/consume.rb:384	nats.go filters it out of MessageBatch.Error (pull.go:739); Ruby treats 409 Batch Completed as end of pull	
jetstream-ops	jetstream.ErrConnectionClosed	error	implemented	present	present	lib/nats/io/errors.rb	core NATS::IO::ConnectionClosedError; no JS-specific class	
jetstream-ops	jetstream.ErrConsumerAlreadyConsuming	error	implemented	missing	present	lib/nats/io/jetstream/errors.rb:192; consumer.rb:213 PushConsumer#consume	second consume on a handle that is still consuming raises it, like push.go:66	6d825ab
jetstream-ops	jetstream.ErrConsumerCreate	error	implemented	partial	present	lib/nats/io/jetstream/errors.rb:318 (lib/nats/io/jetstream/js.rb:40)	Error::ConsumerCreate, mapped from err_code in ERR_CODE_ERRORS; subclass of the status error raised before	bc9ad67
jetstream-ops	jetstream.ErrConsumerCreationResponseEmpty	error	implemented	missing	present	lib/nats/io/jetstream/errors.rb:268; manager.rb:588	raised when a create reply has no error and no ConsumerInfo (consumer_info? manager.rb:609)	a8af55a
jetstream-ops	jetstream.ErrConsumerDeleted	error	implemented	partial	present	lib/nats/io/jetstream/errors.rb:329; lib/nats/io/jetstream/js.rb:69; lib/nats/io/jetstream/consume.rb:386	Error::ConsumerDeleted from 409 status in fetch/consume/messages (fetch still drops it once msgs taken)	bc9ad67
jetstream-ops	jetstream.ErrConsumerDoesNotExist	error	implemented	present	present	lib/nats/io/jetstream/errors.rb:125	Error::ConsumerDoesNotExist (10149)	
jetstream-ops	jetstream.ErrConsumerExists	error	implemented	present	present	lib/nats/io/jetstream/errors.rb:121	Error::ConsumerAlreadyExists (10148)	
jetstream-ops	jetstream.ErrConsumerHasActiveSubscription	error	planned	partial	n/a	lib/nats/io/jetstream.rb:389	defined but never returned by nats.go jetstream; Ruby raises generic Error like legacy js.go:1602	
jetstream-ops	jetstream.ErrConsumerInvalidReset	error	implemented	present	present	lib/nats/io/jetstream/errors.rb:130	Error::ConsumerInvalidReset (10204)	
jetstream-ops	jetstream.ErrConsumerLeadershipChanged	error	implemented	partial	present	lib/nats/io/jetstream/errors.rb:339; lib/nats/io/jetstream/js.rb:71	Error::ConsumerLeadershipChanged from 409 Leadership Change; consume reports and re-pulls	bc9ad67
jetstream-ops	jetstream.ErrConsumerMultipleFilterSubjectsNotSupported	error	implemented	missing	present	lib/nats/io/jetstream/errors.rb:169; lib/nats/io/jetstream/manager.rb:569	raised when server drops filter_subjects on create	6a67f0c
jetstream-ops	jetstream.ErrConsumerNameAlreadyInUse	error	implemented	partial	present	lib/nats/io/jetstream/errors.rb:256 (lib/nats/io/jetstream/js.rb:41)	Error::ConsumerNameAlreadyInUse, mapped from err_code in ERR_CODE_ERRORS; subclass of the status error raised before	bc9ad67
jetstream-ops	jetstream.ErrConsumerNotFound	error	implemented	present	present	lib/nats/io/jetstream/errors.rb:104	Error::ConsumerNotFound (10014)	
jetstream-ops	jetstream.ErrConsumerResetResponseEmpty	error	implemented	missing	present	lib/nats/io/jetstream/errors.rb:277; manager.rb:439 reset_consumer	raised when a reset reply has no error and no ConsumerInfo	a8af55a
jetstream-ops	jetstream.ErrDigestMismatch	error	implemented	missing	present	lib/nats/io/object_store/errors.rb:61; lib/nats/io/object_store.rb:193	ObjectStore::DigestMismatchError	f2f8f1f
jetstream-ops	jetstream.ErrDuplicateFilterSubjects	error	implemented	partial	present	lib/nats/io/jetstream/errors.rb:262 (lib/nats/io/jetstream/js.rb:51)	Error::DuplicateFilterSubjects, mapped from err_code in ERR_CODE_ERRORS; subclass of the status error raised before	bc9ad67
jetstream-ops	jetstream.ErrEmptyFilter	error	implemented	partial	present	lib/nats/io/jetstream/errors.rb:268 (lib/nats/io/jetstream/js.rb:53)	Error::EmptyFilter, mapped from err_code in ERR_CODE_ERRORS; subclass of the status error raised before	bc9ad67
jetstream-ops	jetstream.ErrEndOfData	error	planned	missing	n/a	lib/nats/io/jetstream/manager.rb:612	paging sentinel of Go listers; paged_request fetches every page and returns an Array	
jetstream-ops	jetstream.ErrHandlerRequired	error	implemented	missing	present	lib/nats/io/jetstream/errors.rb:197 HandlerRequired < ::ArgumentError	raised by consume without a block on pull subs, Consumer, ordered and push consumers	c05ba17
jetstream-ops	jetstream.ErrHistoryTooLarge	error	implemented	present	present	lib/nats/io/kv/errors.rb:71	KeyValue::KeyHistoryTooLargeError (KV create)	
jetstream-ops	jetstream.ErrInvalidConsumerName	error	implemented	present	present	lib/nats/io/jetstream/errors.rb:41	Error::InvalidConsumerName (+ InvalidDurableName)	
jetstream-ops	jetstream.ErrInvalidDigestFormat	error	implemented	missing	present	lib/nats/io/object_store/errors.rb:66; lib/nats/io/object_store.rb:63	ObjectStore::InvalidDigestFormatError	f2f8f1f
jetstream-ops	jetstream.ErrInvalidJSAck	error	implemented	partial	present	lib/nats/io/jetstream/errors.rb:29; lib/nats/io/jetstream.rb:876	raised for non-JSON/non-object publish reply or ack without stream	bc9ad67
jetstream-ops	jetstream.ErrInvalidJetStreamResponse	error	implemented	missing	present	lib/nats/io/jetstream/errors.rb:63; lib/nats/io/jetstream/manager.rb:676	parse_response raises it for non-JSON-object API replies	bc9ad67
jetstream-ops	jetstream.ErrInvalidOption	error	implemented	present	present	lib/nats/io/jetstream.rb:114	invalid options raise ArgumentError (ttl, schedule, fetch minimums, seq)	
jetstream-ops	jetstream.ErrInvalidStoreName	error	implemented	missing	present	lib/nats/io/object_store/errors.rb:36; lib/nats/io/object_store/manager.rb:115	ObjectStore::InvalidStoreNameError	f2f8f1f
jetstream-ops	jetstream.ErrInvalidStreamName	error	implemented	present	present	lib/nats/io/jetstream/errors.rb:38	Error::InvalidStreamName; add_stream raises ArgumentError for bad chars	
jetstream-ops	jetstream.ErrInvalidSubject	error	implemented	missing	present	lib/nats/io/jetstream/errors.rb:343 InvalidSubject < NotFound; manager.rb:599 validate_subject	validateSubject rules on stream-by-subject lookups and consumer filter subjects	f09b2de
jetstream-ops	jetstream.ErrJetStreamNotEnabled	error	implemented	partial	present	lib/nats/io/jetstream/errors.rb:321 (lib/nats/io/jetstream/js.rb:49)	Error::JetStreamNotEnabled, mapped from err_code in ERR_CODE_ERRORS; subclass of the status error raised before	bc9ad67
jetstream-ops	jetstream.ErrJetStreamNotEnabledForAccount	error	implemented	partial	present	lib/nats/io/jetstream/errors.rb:324 (lib/nats/io/jetstream/js.rb:45)	Error::JetStreamNotEnabledForAccount, mapped from err_code in ERR_CODE_ERRORS; subclass of the status error raised before	bc9ad67
jetstream-ops	jetstream.ErrJetStreamPublisherClosed	error	implemented	missing	present	lib/nats/io/jetstream/errors.rb:76; lib/nats/io/jetstream.rb:269	Error::PublisherClosed fails pending futures in js.cleanup_publisher	efd08ca
jetstream-ops	jetstream.ErrLimitMarkerTTLNotSupported	error	implemented	missing	present	lib/nats/io/kv/errors.rb:160; lib/nats/io/kv/manager.rb:159	KeyValue::LimitMarkerTTLNotSupportedError when API level < 1	e48cc91
jetstream-ops	jetstream.ErrMaxBytesExceeded	error	implemented	missing	present	lib/nats/io/jetstream/errors.rb:482; lib/nats/io/jetstream/pull_subscription.rb:361; lib/nats/io/jetstream/js.rb:150	Error::MaxBytesExceeded when fetch(max_bytes:) gets no message	9e41563
jetstream-ops	jetstream.ErrMaximumConsumersLimit	error	implemented	partial	present	lib/nats/io/jetstream/errors.rb:259 (lib/nats/io/jetstream/js.rb:43)	Error::MaximumConsumersLimit, mapped from err_code in ERR_CODE_ERRORS; subclass of the status error raised before	bc9ad67
jetstream-ops	jetstream.ErrMessageSchedulesDisabled	error	implemented	partial	present	lib/nats/io/jetstream/errors.rb:276 (lib/nats/io/jetstream/js.rb:59)	Error::MessageSchedulesDisabled, mapped from err_code in ERR_CODE_ERRORS; subclass of the status error raised before	bc9ad67
jetstream-ops	jetstream.ErrMirrorWithMsgSchedules	error	implemented	partial	present	lib/nats/io/jetstream/errors.rb:294 (lib/nats/io/jetstream/js.rb:57)	Error::MirrorWithMsgSchedules, mapped from err_code in ERR_CODE_ERRORS; subclass of the status error raised before	bc9ad67
jetstream-ops	jetstream.ErrMsgAlreadyAckd	error	implemented	present	present	lib/nats/io/jetstream/errors.rb:31	Error::MsgAlreadyAckd	
jetstream-ops	jetstream.ErrMsgDeleteUnsuccessful	error	implemented	missing	present	lib/nats/io/jetstream/errors.rb:45; lib/nats/io/jetstream/manager.rb:598	raised when STREAM.MSG.DELETE reply lacks success (no spec exercises it)	4338a3d
jetstream-ops	jetstream.ErrMsgIteratorClosed	error	implemented	missing	present	lib/nats/io/jetstream/errors.rb:107; lib/nats/io/jetstream/consume.rb:264	MessagesContext#next raises after stop/drain/close	aff74e2
jetstream-ops	jetstream.ErrMsgNoReply	error	implemented	missing	present	lib/nats/io/jetstream/msg/ack_methods.rb:104	ack/nak/term/in_progress raise JetStream::Error::MsgNoReply	bc9ad67
jetstream-ops	jetstream.ErrMsgNotBound	error	implemented	missing	present	lib/nats/io/jetstream/msg/ack_methods.rb:103	acks raise JetStream::Error::MsgNotBound for msg with no sub/conn	bc9ad67
jetstream-ops	jetstream.ErrMsgNotFound	error	implemented	partial	present	lib/nats/io/jetstream/errors.rb:225 (lib/nats/io/jetstream/js.rb:44)	Error::MsgNotFound, mapped from err_code in ERR_CODE_ERRORS; subclass of the status error raised before	bc9ad67
jetstream-ops	jetstream.ErrNameRequired	error	implemented	partial	present	lib/nats/io/object_store/errors.rb:81; lib/nats/io/object_store.rb:231	ObjectStore::NameRequiredError (nats.go raises it only from object.go)	f2f8f1f
jetstream-ops	jetstream.ErrNoHeartbeat	error	implemented	missing	present	lib/nats/io/jetstream/errors.rb:80; lib/nats/io/jetstream/pull_subscription.rb:292; lib/nats/io/jetstream/consume.rb:231	fetch(heartbeat:) and consume/messages raise/report NoHeartbeat	a129d7d
jetstream-ops	jetstream.ErrNoMessages	error	implemented	partial	present	lib/nats/io/jetstream/errors.rb:127	Error::NoMessages (batched get); nats.go never surfaces it from Fetch either; Ruby fetch still raises NATS::Timeout on none	1565660
jetstream-ops	jetstream.ErrNoStreamResponse	error	implemented	present	present	lib/nats/io/jetstream/errors.rb:22	Error::NoStreamResponse	
jetstream-ops	jetstream.ErrNotJSMessage	error	implemented	present	present	lib/nats/io/jetstream/errors.rb:35	Error::NotJSMessage	
jetstream-ops	jetstream.ErrNotPullConsumer	error	implemented	missing	present	lib/nats/io/jetstream/errors.rb:49; lib/nats/io/jetstream.rb:507; lib/nats/io/jetstream/stream.rb:161	pull_subscribe / js.consumer reject push consumers	bc9ad67
jetstream-ops	jetstream.ErrNotPushConsumer	error	implemented	missing	present	lib/nats/io/jetstream/errors.rb:53; lib/nats/io/jetstream.rb:384; lib/nats/io/jetstream/stream.rb:207	js.subscribe / push_consumer reject pull consumers	bc9ad67
jetstream-ops	jetstream.ErrOrderConsumerUsedAsConsume	error	implemented	missing	present	lib/nats/io/jetstream/errors.rb:115; lib/nats/io/jetstream/ordered_consumer.rb:92	Error::OrderedConsumerUsedAsConsume	9e5a4c3
jetstream-ops	jetstream.ErrOrderConsumerUsedAsFetch	error	implemented	missing	present	lib/nats/io/jetstream/errors.rb:111; lib/nats/io/jetstream/ordered_consumer.rb:164	Error::OrderedConsumerUsedAsFetch	9e5a4c3
jetstream-ops	jetstream.ErrOrderedConsumerConcurrentRequests	error	implemented	missing	present	lib/nats/io/jetstream/errors.rb:119; lib/nats/io/jetstream/ordered_consumer.rb:93,166	Error::OrderedConsumerConcurrentRequests	9e5a4c3
jetstream-ops	jetstream.ErrOrderedConsumerNotCreated	error	implemented	missing	present	lib/nats/io/jetstream/errors.rb:123; lib/nats/io/jetstream/ordered_consumer.rb:185	consumer_info raises it when no consumer (no spec exercises it)	9e5a4c3
jetstream-ops	jetstream.ErrOrderedConsumerReset	error	implemented	missing	n/a	lib/nats/io/jetstream/ordered_consumer.rb:491	defined but never returned by nats.go jetstream; Ruby resets internally	
jetstream-ops	jetstream.ErrOverlappingFilterSubjects	error	implemented	partial	present	lib/nats/io/jetstream/errors.rb:265 (lib/nats/io/jetstream/js.rb:52)	Error::OverlappingFilterSubjects, mapped from err_code in ERR_CODE_ERRORS; subclass of the status error raised before	bc9ad67
jetstream-ops	jetstream.ErrPinIDMismatch	error	implemented	present	present	lib/nats/io/jetstream/errors.rb:137	Error::PinIdMismatch (423)	
jetstream-ops	jetstream.ErrSchedulePatternInvalid	error	implemented	partial	present	lib/nats/io/jetstream/errors.rb:279 (lib/nats/io/jetstream/js.rb:60)	Error::SchedulePatternInvalid, mapped from err_code in ERR_CODE_ERRORS; subclass of the status error raised before	bc9ad67
jetstream-ops	jetstream.ErrScheduleRollupInvalid	error	implemented	partial	present	lib/nats/io/jetstream/errors.rb:288 (lib/nats/io/jetstream/js.rb:63)	Error::ScheduleRollupInvalid, mapped from err_code in ERR_CODE_ERRORS; subclass of the status error raised before	bc9ad67
jetstream-ops	jetstream.ErrScheduleSourceInvalid	error	implemented	partial	present	lib/nats/io/jetstream/errors.rb:291 (lib/nats/io/jetstream/js.rb:64)	Error::ScheduleSourceInvalid, mapped from err_code in ERR_CODE_ERRORS; subclass of the status error raised before	bc9ad67
jetstream-ops	jetstream.ErrScheduleTTLInvalid	error	implemented	partial	present	lib/nats/io/jetstream/errors.rb:285 (lib/nats/io/jetstream/js.rb:62)	Error::ScheduleTTLInvalid, mapped from err_code in ERR_CODE_ERRORS; subclass of the status error raised before	bc9ad67
jetstream-ops	jetstream.ErrScheduleTargetInvalid	error	implemented	partial	present	lib/nats/io/jetstream/errors.rb:282 (lib/nats/io/jetstream/js.rb:61)	Error::ScheduleTargetInvalid, mapped from err_code in ERR_CODE_ERRORS; subclass of the status error raised before	bc9ad67
jetstream-ops	jetstream.ErrServerShutdown	error	implemented	partial	present	lib/nats/io/jetstream/errors.rb:343; lib/nats/io/jetstream/js.rb:72	Error::ServerShutdown from 409 Server Shutdown	bc9ad67
jetstream-ops	jetstream.ErrSourceWithMsgSchedules	error	implemented	partial	present	lib/nats/io/jetstream/errors.rb:297 (lib/nats/io/jetstream/js.rb:58)	Error::SourceWithMsgSchedules, mapped from err_code in ERR_CODE_ERRORS; subclass of the status error raised before	bc9ad67
jetstream-ops	jetstream.ErrStreamNameAlreadyInUse	error	implemented	partial	present	lib/nats/io/jetstream/errors.rb:252 (lib/nats/io/jetstream/js.rb:46)	Error::StreamNameAlreadyInUse, mapped from err_code in ERR_CODE_ERRORS; subclass of the status error raised before	bc9ad67
jetstream-ops	jetstream.ErrStreamNameRequired	error	implemented	present	present	lib/nats/io/jetstream/manager.rb:60	ArgumentError ':name is required'; InvalidStreamName for nil/empty names	
jetstream-ops	jetstream.ErrStreamNotFound	error	implemented	present	present	lib/nats/io/jetstream/errors.rb:97	Error::StreamNotFound (10059)	
jetstream-ops	jetstream.ErrStreamSourceMultipleFilterSubjectsNotSupported	error	implemented	missing	n/a	lib/nats/io/jetstream/manager.rb:577	defined but never returned by nats.go jetstream (errors.go:132 only); source checks are covered by 6a67f0c	
jetstream-ops	jetstream.ErrStreamSourceNotSupported	error	implemented	missing	present	lib/nats/io/jetstream/errors.rb:164; lib/nats/io/jetstream/manager.rb:587	raised when server drops stream sources	6a67f0c
jetstream-ops	jetstream.ErrStreamSourceSubjectTransformNotSupported	error	implemented	missing	present	lib/nats/io/jetstream/errors.rb:159; lib/nats/io/jetstream/manager.rb:592	Error::StreamSourceSubjectTransformNotSupported	6a67f0c
jetstream-ops	jetstream.ErrStreamSubjectTransformNotSupported	error	implemented	missing	present	lib/nats/io/jetstream/errors.rb:153; lib/nats/io/jetstream/manager.rb:580	raised when server drops subject_transform	6a67f0c
jetstream-ops	jetstream.ErrTTLOnDeleteNotSupported	error	implemented	missing	present	lib/nats/io/kv/errors.rb:152; lib/nats/io/kv.rb:261	KeyValue::TTLOnDeleteNotSupportedError on kv.delete(ttl:)	e48cc91
jetstream-ops	jetstream.ErrTooManyStalledMsgs	error	implemented	missing	present	lib/nats/io/jetstream/errors.rb:67; lib/nats/io/jetstream.rb:705	publish_async raises after publish_async_stall_wait	d4af0e4
jetstream-ops	jetstream.FetchContext	constructor	implemented	partial	n/a	-	context.Context variant; fetch takes timeout: (cancel by breaking out of the block)	
jetstream-ops	jetstream.FetchHeartbeat	constructor	implemented	missing	present	lib/nats/io/jetstream/pull_subscription.rb:151	fetch(batch, heartbeat: secs) sends idle_heartbeat	a129d7d
jetstream-ops	jetstream.FetchMaxWait	constructor	implemented	present	present	lib/nats/io/jetstream/pull_subscription.rb:116	fetch(timeout:)	
jetstream-ops	jetstream.FetchMinAckPending	constructor	implemented	present	present	lib/nats/io/jetstream/pull_subscription.rb:116	fetch(min_ack_pending:)	
jetstream-ops	jetstream.FetchMinPending	constructor	implemented	present	present	lib/nats/io/jetstream/pull_subscription.rb:116	fetch(min_pending:)	
jetstream-ops	jetstream.FetchPrioritized	constructor	implemented	present	present	lib/nats/io/jetstream/pull_subscription.rb:116	fetch(priority:)	
jetstream-ops	jetstream.FetchPriorityGroup	constructor	implemented	present	present	lib/nats/io/jetstream/pull_subscription.rb:116	fetch(group:)	
jetstream-ops	jetstream.IncludeHistory	constructor	implemented	present	present	lib/nats/io/kv.rb:265	KV watch(keys, include_history: true)	
jetstream-ops	jetstream.JetStream.AccountInfo	method	implemented	present	present	lib/nats/io/jetstream/manager.rb:336	account_info returns raw Hash (no typed struct, no timeout param)	
jetstream-ops	jetstream.JetStream.Conn	method	planned	present	present	lib/nats/io/jetstream.rb:36	js.nc attr_reader	
jetstream-ops	jetstream.JetStream.Options	method	planned	present	present	lib/nats/io/jetstream.rb:36	js.opts Hash (prefix, domain, timeout)	
jetstream-ops	jetstream.JetStreamError.APIError	method	planned	present	present	lib/nats/io/jetstream/errors.rb:44	API errors are APIError subclasses exposing code/err_code/description	
jetstream-ops	jetstream.LastRevision	constructor	implemented	present	present	lib/nats/io/kv.rb:173	KV delete(key, last: rev)	
jetstream-ops	jetstream.MessageBatch.Error	method	implemented	partial	present	lib/nats/io/jetstream/message_batch.rb:31 MessageBatch#error	fetch returns MessageBatch (Array subclass); error set when a terminal status ends a non-empty batch	97f83b4
jetstream-ops	jetstream.MessageBatch.Messages	method	implemented	present	present	lib/nats/io/jetstream/pull_subscription.rb:116	fetch returns Array; block form yields each msg as it arrives	
jetstream-ops	jetstream.MessagesContext.Drain	method	implemented	missing	present	lib/nats/io/jetstream/consume.rb:133	MessagesContext#drain	aff74e2
jetstream-ops	jetstream.MessagesContext.Next	method	implemented	missing	present	lib/nats/io/jetstream/consume.rb:100	MessagesContext#next(timeout:)	aff74e2
jetstream-ops	jetstream.MessagesContext.Stop	method	implemented	missing	present	lib/nats/io/jetstream/consume.rb:126	MessagesContext#stop	aff74e2
jetstream-ops	jetstream.Msg.Ack	method	implemented	present	present	lib/nats/io/jetstream/msg/ack_methods.rb:21	msg.ack (fire-and-forget; with timeout: it requests)	
jetstream-ops	jetstream.Msg.Data	method	implemented	present	present	lib/nats/io/msg.rb	NATS::Msg#data	
jetstream-ops	jetstream.Msg.DoubleAck	method	implemented	present	present	lib/nats/io/jetstream/msg/ack_methods.rb:34	msg.ack_sync(timeout:)	
jetstream-ops	jetstream.Msg.Headers	method	implemented	present	present	lib/nats/io/msg.rb	NATS::Msg#header (Hash)	
jetstream-ops	jetstream.Msg.InProgress	method	implemented	present	present	lib/nats/io/jetstream/msg/ack_methods.rb:80	msg.in_progress	
jetstream-ops	jetstream.Msg.Metadata	method	implemented	present	present	lib/nats/io/jetstream/msg/ack_methods.rb:84	msg.metadata: sequence, num_delivered, num_pending, timestamp, stream, consumer, domain	
jetstream-ops	jetstream.Msg.Nak	method	implemented	present	present	lib/nats/io/jetstream/msg/ack_methods.rb:44	msg.nak	
jetstream-ops	jetstream.Msg.NakWithDelay	method	implemented	present	present	lib/nats/io/jetstream/msg/ack_methods.rb:44	msg.nak(delay:) — delay passed raw (nanoseconds), not a duration type	
jetstream-ops	jetstream.Msg.Reply	method	implemented	present	present	lib/nats/io/msg.rb	NATS::Msg#reply	
jetstream-ops	jetstream.Msg.Subject	method	implemented	present	present	lib/nats/io/msg.rb	NATS::Msg#subject	
jetstream-ops	jetstream.Msg.Term	method	implemented	present	present	lib/nats/io/jetstream/msg/ack_methods.rb:65	msg.term	
jetstream-ops	jetstream.Msg.TermWithReason	method	implemented	present	present	lib/nats/io/jetstream/msg/ack_methods.rb:65	msg.term(reason:)	
jetstream-ops	jetstream.New	function	implemented	present	present	lib/nats/io/client.rb:860	nc.jetstream / NATS::JetStream.new(nc, opts)	
jetstream-ops	jetstream.NewWithAPIPrefix	function	implemented	present	present	lib/nats/io/jetstream.rb:45	jetstream(prefix:)	
jetstream-ops	jetstream.NewWithDomain	function	implemented	present	present	lib/nats/io/jetstream.rb:45	jetstream(domain:)	
jetstream-ops	jetstream.NextContext	constructor	implemented	partial	n/a	-	context.Context variant; Consumer#next(timeout:) covers Next	
jetstream-ops	jetstream.NextMaxWait	constructor	implemented	present	present	lib/nats/io/jetstream/pull_subscription.rb:116	fetch(1, timeout:)	
jetstream-ops	jetstream.PersistModeType.MarshalJSON	method	planned	n/a	n/a	-	policies/enums are plain Strings in Struct members/hashes; no typed enum JSON (un)marshal	
jetstream-ops	jetstream.PersistModeType.String	method	planned	n/a	n/a	-	policies/enums are plain Strings in Struct members/hashes; no typed enum JSON (un)marshal	
jetstream-ops	jetstream.PersistModeType.UnmarshalJSON	method	planned	n/a	n/a	-	policies/enums are plain Strings in Struct members/hashes; no typed enum JSON (un)marshal	
jetstream-ops	jetstream.PriorityPolicy.MarshalJSON	method	planned	n/a	n/a	-	policies/enums are plain Strings in Struct members/hashes; no typed enum JSON (un)marshal	
jetstream-ops	jetstream.PriorityPolicy.UnmarshalJSON	method	planned	n/a	n/a	-	policies/enums are plain Strings in Struct members/hashes; no typed enum JSON (un)marshal	
jetstream-ops	jetstream.PubAckFuture.Err	method	implemented	missing	present	lib/nats/io/jetstream/pub_ack_future.rb:65	PubAckFuture#err (non-blocking) and #wait raising	d4af0e4
jetstream-ops	jetstream.PubAckFuture.Msg	method	implemented	missing	present	lib/nats/io/jetstream/pub_ack_future.rb:28	PubAckFuture#msg	d4af0e4
jetstream-ops	jetstream.PubAckFuture.Ok	method	implemented	missing	present	lib/nats/io/jetstream/pub_ack_future.rb:58,80	PubAckFuture#ack / #wait(timeout) instead of a channel	d4af0e4
jetstream-ops	jetstream.Publisher.CleanupPublisher	method	implemented	missing	present	lib/nats/io/jetstream.rb:269	js.cleanup_publisher	efd08ca
jetstream-ops	jetstream.Publisher.Publish	method	implemented	present	present	lib/nats/io/jetstream.rb:120	js.publish(subject, payload, **opts) -> PubAck	
jetstream-ops	jetstream.Publisher.PublishAsync	method	implemented	missing	present	lib/nats/io/jetstream.rb:216	js.publish_async(subject, data, **opts) -> PubAckFuture	d4af0e4
jetstream-ops	jetstream.Publisher.PublishAsyncComplete	method	implemented	missing	present	lib/nats/io/jetstream.rb:248	js.publish_async_complete(timeout:) blocks instead of returning a channel	d4af0e4
jetstream-ops	jetstream.Publisher.PublishAsyncPending	method	implemented	missing	present	lib/nats/io/jetstream.rb:239	js.publish_async_pending	d4af0e4
jetstream-ops	jetstream.Publisher.PublishMsg	method	implemented	present	present	lib/nats/io/jetstream.rb:120	js.publish(subject, payload, header:); no NATS::Msg-object overload	
jetstream-ops	jetstream.Publisher.PublishMsgAsync	method	implemented	missing	present	lib/nats/io/jetstream.rb:284 publish_msg_async	publishes a NATS::Msg (subject/data/header) with publish_async options; header copied, Msg not mutated	744a2c2
jetstream-ops	jetstream.PullMaxMessagesWithBytesLimit	constructor	implemented	missing	present	lib/nats/io/jetstream/consume.rb:175,309	consume/messages bytes_limit: with max_messages	7de201b
jetstream-ops	jetstream.PushConsumer.CachedInfo	method	implemented	missing	present	lib/nats/io/jetstream/consumer.rb:173	PushConsumer#cached_info via js.push_consumer	b75182f
jetstream-ops	jetstream.PushConsumer.Consume	method	implemented	partial	present	lib/nats/io/jetstream/consumer.rb:208 PushConsumer#consume; consume.rb:594 PushConsumeContext	subscribes to deliver subject/group; flow control, NoHeartbeat, consumer-deleted stop; stop/drain/closed?/wait_closed	6d825ab
jetstream-ops	jetstream.PushConsumer.Info	method	implemented	present	present	lib/nats/io/jetstream/push_subscription.rb:18	PushSubscription#consumer_info	
jetstream-ops	jetstream.ReplayPolicy.MarshalJSON	method	planned	n/a	n/a	-	policies/enums are plain Strings in Struct members/hashes; no typed enum JSON (un)marshal	
jetstream-ops	jetstream.ReplayPolicy.String	method	planned	n/a	n/a	-	policies/enums are plain Strings in Struct members/hashes; no typed enum JSON (un)marshal	
jetstream-ops	jetstream.ReplayPolicy.UnmarshalJSON	method	planned	n/a	n/a	-	policies/enums are plain Strings in Struct members/hashes; no typed enum JSON (un)marshal	
jetstream-ops	jetstream.ResumeFromRevision	constructor	implemented	missing	present	lib/nats/io/kv.rb:465,486	kv.watch(keys, resume_from_revision:)	7d3dcc0
jetstream-ops	jetstream.RetentionPolicy.MarshalJSON	method	planned	n/a	n/a	-	policies/enums are plain Strings in Struct members/hashes; no typed enum JSON (un)marshal	
jetstream-ops	jetstream.RetentionPolicy.String	method	planned	n/a	n/a	-	policies/enums are plain Strings in Struct members/hashes; no typed enum JSON (un)marshal	
jetstream-ops	jetstream.RetentionPolicy.UnmarshalJSON	method	planned	n/a	n/a	-	policies/enums are plain Strings in Struct members/hashes; no typed enum JSON (un)marshal	
jetstream-ops	jetstream.StorageType.MarshalJSON	method	planned	n/a	n/a	-	policies/enums are plain Strings in Struct members/hashes; no typed enum JSON (un)marshal	
jetstream-ops	jetstream.StorageType.String	method	planned	n/a	n/a	-	policies/enums are plain Strings in Struct members/hashes; no typed enum JSON (un)marshal	
jetstream-ops	jetstream.StorageType.UnmarshalJSON	method	planned	n/a	n/a	-	policies/enums are plain Strings in Struct members/hashes; no typed enum JSON (un)marshal	
jetstream-ops	jetstream.StoreCompression.MarshalJSON	method	planned	n/a	n/a	-	policies/enums are plain Strings in Struct members/hashes; no typed enum JSON (un)marshal	
jetstream-ops	jetstream.StoreCompression.String	method	planned	n/a	n/a	-	policies/enums are plain Strings in Struct members/hashes; no typed enum JSON (un)marshal	
jetstream-ops	jetstream.StoreCompression.UnmarshalJSON	method	planned	n/a	n/a	-	policies/enums are plain Strings in Struct members/hashes; no typed enum JSON (un)marshal	
jetstream-ops	jetstream.Stream.CachedInfo	method	implemented	missing	present	lib/nats/io/jetstream/stream.rb:67	Stream#cached_info via js.stream(name)	b75182f
jetstream-ops	jetstream.Stream.DeleteMsg	method	implemented	missing	present	lib/nats/io/jetstream/stream.rb:83; lib/nats/io/jetstream/manager.rb:204	Stream#delete_msg / jsm.delete_msg(stream, seq)	4338a3d
jetstream-ops	jetstream.Stream.GetLastMsgForSubject	method	implemented	present	present	lib/nats/io/jetstream/manager.rb:331	get_last_msg(stream, subject, direct:)	
jetstream-ops	jetstream.Stream.GetMsg	method	implemented	present	present	lib/nats/io/jetstream/manager.rb:300	get_msg(stream, seq:, subject:, next:, direct:) -> RawStreamMsg	
jetstream-ops	jetstream.Stream.Info	method	implemented	partial	present	lib/nats/io/jetstream/stream.rb:52; lib/nats/io/jetstream/manager.rb:96	Stream#info(subjects_filter:, deleted_details:)	e992b96
jetstream-ops	jetstream.Stream.Purge	method	implemented	missing	present	lib/nats/io/jetstream/stream.rb:75; lib/nats/io/jetstream/manager.rb:185	purge(subject:, seq:, keep:)	de10daf
jetstream-ops	jetstream.Stream.SecureDeleteMsg	method	implemented	missing	present	lib/nats/io/jetstream/stream.rb:92; lib/nats/io/jetstream/manager.rb:215	secure_delete_msg	4338a3d
jetstream-ops	jetstream.StreamConsumerManager.Consumer	method	implemented	partial	present	lib/nats/io/jetstream/stream.rb:159	Stream#consumer(name) -> Consumer handle	b75182f
jetstream-ops	jetstream.StreamConsumerManager.CreateConsumer	method	implemented	present	present	lib/nats/io/jetstream/manager.rb:137	create_consumer(stream, cfg) -> ConsumerInfo	
jetstream-ops	jetstream.StreamConsumerManager.CreateOrUpdateConsumer	method	implemented	present	present	lib/nats/io/jetstream/manager.rb:124	add_consumer(stream, cfg)	
jetstream-ops	jetstream.StreamConsumerManager.CreateOrUpdatePushConsumer	method	implemented	present	present	lib/nats/io/jetstream/manager.rb:124	add_consumer with deliver_subject in config	
jetstream-ops	jetstream.StreamConsumerManager.CreatePushConsumer	method	implemented	present	present	lib/nats/io/jetstream/manager.rb:137	create_consumer with deliver_subject in config	
jetstream-ops	jetstream.StreamConsumerManager.DeleteConsumer	method	implemented	present	present	lib/nats/io/jetstream/manager.rb:179	delete_consumer(stream, consumer)	
jetstream-ops	jetstream.StreamConsumerManager.OrderedConsumer	method	implemented	missing	present	lib/nats/io/jetstream/stream.rb:216	Stream#ordered_consumer(**opts)	b75182f
jetstream-ops	jetstream.StreamConsumerManager.PauseConsumer	method	implemented	present	present	lib/nats/io/jetstream/manager.rb:201	pause_consumer(stream, consumer, Time|RFC3339)	
jetstream-ops	jetstream.StreamConsumerManager.PushConsumer	method	implemented	present	present	lib/nats/io/jetstream.rb:160	js.subscribe(subj, durable:, stream:) binds existing push consumer	
jetstream-ops	jetstream.StreamConsumerManager.ResetConsumer	method	implemented	present	present	lib/nats/io/jetstream/manager.rb:264	reset_consumer(stream, consumer)	
jetstream-ops	jetstream.StreamConsumerManager.ResetConsumerToSequence	method	implemented	present	present	lib/nats/io/jetstream/manager.rb:264	reset_consumer(stream, consumer, seq:)	
jetstream-ops	jetstream.StreamConsumerManager.ResumeConsumer	method	implemented	present	present	lib/nats/io/jetstream/manager.rb:217	resume_consumer(stream, consumer)	
jetstream-ops	jetstream.StreamConsumerManager.UpdateConsumer	method	implemented	present	present	lib/nats/io/jetstream/manager.rb:154	update_consumer(stream, cfg)	
jetstream-ops	jetstream.StreamConsumerManager.UpdatePushConsumer	method	implemented	present	present	lib/nats/io/jetstream/manager.rb:154	update_consumer with deliver_subject config	
jetstream-ops	jetstream.StreamInfoLister.Err	method	planned	missing	n/a	lib/nats/io/jetstream/manager.rb:612	Go channel-lister plumbing; errors raised directly	a2d1f0c
jetstream-ops	jetstream.StreamInfoLister.Info	method	planned	missing	present	lib/nats/io/jetstream/manager.rb:239	jsm.streams returns Array<StreamInfo> (all pages)	a2d1f0c
jetstream-ops	jetstream.StreamManager.CreateOrUpdateStream	method	implemented	partial	present	lib/nats/io/jetstream/manager.rb:156	jsm.create_or_update_stream: update, create on StreamNotFound (as nats.go)	adba5b9
jetstream-ops	jetstream.StreamManager.CreateStream	method	implemented	present	present	lib/nats/io/jetstream/manager.rb:53	add_stream(config) -> StreamCreateResponse	
jetstream-ops	jetstream.StreamManager.DeleteStream	method	implemented	present	present	lib/nats/io/jetstream/manager.rb:109	delete_stream(name)	
jetstream-ops	jetstream.StreamManager.ListStreams	method	implemented	missing	present	lib/nats/io/jetstream/manager.rb:239	jsm.streams(subject:)	a2d1f0c
jetstream-ops	jetstream.StreamManager.Stream	method	implemented	partial	present	lib/nats/io/jetstream.rb:584	js.stream(name) -> Stream handle	b75182f
jetstream-ops	jetstream.StreamManager.StreamNameBySubject	method	implemented	present	present	lib/nats/io/jetstream/manager.rb:284	find_stream_name_by_subject(subject)	
jetstream-ops	jetstream.StreamManager.StreamNames	method	implemented	missing	present	lib/nats/io/jetstream/manager.rb:227	jsm.stream_names(subject:)	a2d1f0c
jetstream-ops	jetstream.StreamManager.UpdateStream	method	implemented	present	present	lib/nats/io/jetstream/manager.rb:90	update_stream(config)	
jetstream-ops	jetstream.StreamNameLister.Err	method	planned	missing	n/a	lib/nats/io/jetstream/manager.rb:612	Go channel-lister plumbing; errors raised directly	a2d1f0c
jetstream-ops	jetstream.StreamNameLister.Name	method	planned	missing	present	lib/nats/io/jetstream/manager.rb:227	stream_names returns Array<String>	a2d1f0c
jetstream-ops	jetstream.UpdatesOnly	constructor	implemented	missing	present	lib/nats/io/kv.rb:463	kv.watch(keys, updates_only: true)	7d3dcc0
jetstream-ops	jetstream.WithClientTrace	constructor	planned	missing	present	lib/nats/io/jetstream.rb:89,632; lib/nats/io/jetstream/manager.rb:643	nc.jetstream(client_trace: {request_sent:, response_received:})	86c3ea1
jetstream-ops	jetstream.WithDefaultTimeout	constructor	planned	present	present	lib/nats/io/jetstream.rb:55	jetstream(timeout:) default 5s	
jetstream-ops	jetstream.WithExpectLastMsgID	constructor	implemented	present	present	lib/nats/io/jetstream/header.rb:41	via header: with NATS::JetStream::Header constant; no dedicated option (EXPECTED_LAST_MSG_ID)	
jetstream-ops	jetstream.WithExpectLastSequence	constructor	implemented	present	present	lib/nats/io/jetstream/header.rb:34	via header: with NATS::JetStream::Header constant; no dedicated option (EXPECTED_LAST_SEQUENCE)	
jetstream-ops	jetstream.WithExpectLastSequenceForSubject	constructor	implemented	present	present	lib/nats/io/jetstream/header.rb:39	via header: with NATS::JetStream::Header constant; no dedicated option (EXPECTED_LAST_SUBJECT_SEQUENCE + _SUBJECT)	
jetstream-ops	jetstream.WithExpectLastSequencePerSubject	constructor	implemented	present	present	lib/nats/io/jetstream/header.rb:36	via header: with NATS::JetStream::Header constant; no dedicated option (EXPECTED_LAST_SUBJECT_SEQUENCE)	
jetstream-ops	jetstream.WithExpectStream	constructor	implemented	present	present	lib/nats/io/jetstream.rb:124	js.publish(stream:)	
jetstream-ops	jetstream.WithGetMsgSubject	constructor	planned	present	present	lib/nats/io/jetstream/manager.rb:300	get_msg(stream, seq:, subject:, next: true) -> next_by_subj	
jetstream-ops	jetstream.WithMessagesErrOnMissingHeartbeat	constructor	implemented	missing	present	lib/nats/io/jetstream/consume.rb:191 messages(err_on_missing_heartbeat:)	false re-pulls and keeps waiting instead of raising NoHeartbeat; default true; ordered consumers force it on, like nats.go	e91a71d
jetstream-ops	jetstream.WithMsgID	constructor	implemented	present	present	lib/nats/io/jetstream/header.rb:30	via header: with NATS::JetStream::Header constant; no dedicated option (MSG_ID)	
jetstream-ops	jetstream.WithMsgTTL	constructor	implemented	present	present	lib/nats/io/jetstream.rb:125	js.publish(ttl: secs|:never); whole seconds only	
jetstream-ops	jetstream.WithPublishAsyncAckHandler	constructor	implemented	missing	present	lib/nats/io/jetstream.rb:828 nc.jetstream(publish_async_ack_handler:)	called with (msg, PubAck) per acked async publish (no JetStream arg, like publish_async_err_handler)	077ee75
jetstream-ops	jetstream.WithPublishAsyncErrHandler	constructor	implemented	missing	present	lib/nats/io/jetstream.rb:79	nc.jetstream(publish_async_err_handler: ->(msg, err){})	d4af0e4
jetstream-ops	jetstream.WithPublishAsyncMaxPending	constructor	implemented	missing	present	lib/nats/io/jetstream.rb:72	nc.jetstream(publish_async_max_pending:) default 4000	d4af0e4
jetstream-ops	jetstream.WithPublishAsyncTimeout	constructor	implemented	missing	present	lib/nats/io/jetstream.rb:76	publish_async_timeout: context option / timeout: per call	d4af0e4
jetstream-ops	jetstream.WithRetryAttempts	constructor	implemented	missing	present	lib/nats/io/jetstream.rb:845,859	retry_attempts: per publish or context (default 2)	8b23f4c
jetstream-ops	jetstream.WithRetryWait	constructor	implemented	missing	present	lib/nats/io/jetstream.rb:845	retry_wait: per publish or context (default 0.25s)	8b23f4c
jetstream-ops	jetstream.WithScheduleAt	constructor	implemented	present	present	lib/nats/io/jetstream.rb:398	publish(schedule: {at: Time, target:})	
jetstream-ops	jetstream.WithScheduleCron	constructor	implemented	present	present	lib/nats/io/jetstream.rb:398	publish(schedule: {cron:, target:})	
jetstream-ops	jetstream.WithScheduleEvery	constructor	implemented	present	present	lib/nats/io/jetstream.rb:398	publish(schedule: {every: secs, target:}); whole seconds only	
jetstream-ops	jetstream.WithScheduleRollup	constructor	implemented	present	present	lib/nats/io/jetstream.rb:398	publish(schedule: {rollup: true})	
jetstream-ops	jetstream.WithScheduleSource	constructor	implemented	present	present	lib/nats/io/jetstream.rb:398	publish(schedule: {source:})	
jetstream-ops	jetstream.WithScheduleTTL	constructor	implemented	present	present	lib/nats/io/jetstream.rb:398	publish(schedule: {ttl: secs})	
jetstream-ops	jetstream.WithScheduleTTLNever	constructor	implemented	present	present	lib/nats/io/jetstream.rb:398	publish(schedule: {ttl: :never})	
jetstream-ops	jetstream.WithScheduleTarget	constructor	implemented	present	present	lib/nats/io/jetstream.rb:398	publish(schedule: {target:})	
jetstream-ops	jetstream.WithScheduleTimeZone	constructor	implemented	present	present	lib/nats/io/jetstream.rb:398	publish(schedule: {cron:, time_zone:})	
jetstream-ops	jetstream.WithStallWait	constructor	implemented	missing	present	lib/nats/io/jetstream.rb:216	publish_async_stall_wait: / stall_wait: per call	d4af0e4
jetstream-ops	jetstream.WithStreamListSubject	constructor	planned	missing	present	lib/nats/io/jetstream/manager.rb:227,239	stream_names/streams(subject:)	a2d1f0c
jetstream-ops	jetstream.WithSubjectFilter	constructor	planned	missing	present	lib/nats/io/jetstream/manager.rb:96	stream_info(name, subjects_filter:) paged	e992b96
jetstream-types	jetstream.APIError	type	planned	present	present	lib/nats/io/jetstream/errors.rb:44	JetStream::Error::APIError (alias API::Error); subclasses per status/err_code	
jetstream-types	jetstream.APIError.Code	field	planned	present	present	lib/nats/io/jetstream/errors.rb:45	APIError#code	
jetstream-types	jetstream.APIError.Description	field	planned	present	present	lib/nats/io/jetstream/errors.rb:45	APIError#description	
jetstream-types	jetstream.APIError.ErrorCode	field	planned	present	present	lib/nats/io/jetstream/errors.rb:45	APIError#err_code (Integer)	
jetstream-types	jetstream.APIStats	type	planned	present	present	lib/nats/io/jetstream/manager.rb:336 account_info	raw symbolized Hash info[:api]; no struct	
jetstream-types	jetstream.APIStats.Errors	field	planned	present	present	lib/nats/io/jetstream/manager.rb:336 account_info	info[:api][:errors] raw Hash key (passed through as server sends it)	
jetstream-types	jetstream.APIStats.Inflight	field	planned	present	present	lib/nats/io/jetstream/manager.rb:336 account_info	info[:api][:inflight] raw Hash key (passed through as server sends it)	
jetstream-types	jetstream.APIStats.Level	field	planned	present	present	lib/nats/io/jetstream/manager.rb:336 account_info	info[:api][:level] raw Hash key (passed through as server sends it)	
jetstream-types	jetstream.APIStats.Total	field	planned	present	present	lib/nats/io/jetstream/manager.rb:336 account_info	info[:api][:total] raw Hash key (passed through as server sends it)	
jetstream-types	jetstream.AccountInfo	type	planned	present	present	lib/nats/io/jetstream/manager.rb:336 account_info	returns raw symbolized Hash, not a typed struct; all server keys kept	
jetstream-types	jetstream.AccountInfo.API	field	planned	present	present	lib/nats/io/jetstream/manager.rb:336 account_info	info[:api] (raw Hash)	
jetstream-types	jetstream.AccountInfo.Domain	field	planned	present	present	lib/nats/io/jetstream/manager.rb:336 account_info	info[:domain]	
jetstream-types	jetstream.AccountInfo.Tier	field	planned	present	present	lib/nats/io/jetstream/manager.rb:336 account_info	embedded tier keys at top level of the Hash (memory, storage, streams, limits...)	
jetstream-types	jetstream.AccountInfo.Tiers	field	planned	present	present	lib/nats/io/jetstream/manager.rb:336 account_info	info[:tiers] raw Hash of tier Hashes	
jetstream-types	jetstream.AccountLimits	type	planned	present	present	lib/nats/io/jetstream/manager.rb:336 account_info	info[:limits] raw Hash	
jetstream-types	jetstream.AccountLimits.MaxAckPending	field	planned	present	present	lib/nats/io/jetstream/manager.rb:336 account_info	info[:limits][:max_ack_pending] raw Hash key	
jetstream-types	jetstream.AccountLimits.MaxBytesRequired	field	planned	present	present	lib/nats/io/jetstream/manager.rb:336 account_info	info[:limits][:max_bytes_required] raw Hash key	
jetstream-types	jetstream.AccountLimits.MaxConsumers	field	planned	present	present	lib/nats/io/jetstream/manager.rb:336 account_info	info[:limits][:max_consumers] raw Hash key	
jetstream-types	jetstream.AccountLimits.MaxMemory	field	planned	present	present	lib/nats/io/jetstream/manager.rb:336 account_info	info[:limits][:max_memory] raw Hash key	
jetstream-types	jetstream.AccountLimits.MaxStore	field	planned	present	present	lib/nats/io/jetstream/manager.rb:336 account_info	info[:limits][:max_storage] raw Hash key	
jetstream-types	jetstream.AccountLimits.MaxStreams	field	planned	present	present	lib/nats/io/jetstream/manager.rb:336 account_info	info[:limits][:max_streams] raw Hash key	
jetstream-types	jetstream.AccountLimits.MemoryMaxStreamBytes	field	planned	present	present	lib/nats/io/jetstream/manager.rb:336 account_info	info[:limits][:memory_max_stream_bytes] raw Hash key	
jetstream-types	jetstream.AccountLimits.StoreMaxStreamBytes	field	planned	present	present	lib/nats/io/jetstream/manager.rb:336 account_info	info[:limits][:storage_max_stream_bytes] raw Hash key	
jetstream-types	jetstream.AckAllPolicy	constant	planned	present	present	lib/nats/io/jetstream/api.rb:139 ConsumerConfig#ack_policy	String "all" passed through; no public constant (JS::Config is private_constant)	
jetstream-types	jetstream.AckExplicitPolicy	constant	planned	present	present	lib/nats/io/jetstream/api.rb:139 ConsumerConfig#ack_policy	String "explicit" passed through; no public constant (JS::Config is private_constant)	
jetstream-types	jetstream.AckFlowControlPolicy	constant	planned	present	present	lib/nats/io/jetstream/api.rb:139 ConsumerConfig#ack_policy	String "flow_control" passed through; no public constant (JS::Config is private_constant) ; not special-cased by subscribe	
jetstream-types	jetstream.AckNonePolicy	constant	planned	present	present	lib/nats/io/jetstream/api.rb:139 ConsumerConfig#ack_policy	String "none" passed through; no public constant (JS::Config is private_constant)	
jetstream-types	jetstream.AckPolicy	type	planned	present	present	lib/nats/io/jetstream/api.rb:175	ack_policy String; default "explicit" on create	
jetstream-types	jetstream.AsyncPersistMode	constant	planned	present	present	lib/nats/io/jetstream/api.rb:386	persist_mode "async" String; no constant	
jetstream-types	jetstream.ClientTrace	type	planned	missing	present	lib/nats/io/jetstream.rb:82 client_trace: Hash; manager.rb:643	nc.jetstream(client_trace: {request_sent:, response_received:}); spec/js_client_trace_spec.rb	86c3ea1
jetstream-types	jetstream.ClientTrace.RequestSent	field	planned	missing	present	lib/nats/io/jetstream/manager.rb:644	client_trace[:request_sent].(subject, payload) before each JS API request	86c3ea1
jetstream-types	jetstream.ClientTrace.ResponseReceived	field	planned	missing	present	lib/nats/io/jetstream/manager.rb:650	client_trace[:response_received].(subject, payload, header); 2-arity callables get no header	86c3ea1
jetstream-types	jetstream.ClusterInfo	type	planned	present	present	lib/nats/io/jetstream/api.rb:429 StreamInfo#cluster / ConsumerInfo#cluster	raw symbolized Hash (not typed); nil for standalone consumer	
jetstream-types	jetstream.ClusterInfo.Desired	field	planned	present	present	lib/nats/io/jetstream/api.rb:429 StreamInfo#cluster / ConsumerInfo#cluster	cluster[:desired] raw Hash key	
jetstream-types	jetstream.ClusterInfo.Leader	field	planned	present	present	lib/nats/io/jetstream/api.rb:429 StreamInfo#cluster / ConsumerInfo#cluster	cluster[:leader] raw Hash key	
jetstream-types	jetstream.ClusterInfo.LeaderSince	field	planned	partial	deliberate	lib/nats/io/jetstream/api.rb:77 ClusterInfo#leader_since_time	[:leader_since] stays String; leader_since_time returns Time. CHANGELOG: "The times that stay RFC 3339 Strings have readers returning a `Time`"	49f525b
jetstream-types	jetstream.ClusterInfo.Name	field	planned	present	present	lib/nats/io/jetstream/api.rb:429 StreamInfo#cluster / ConsumerInfo#cluster	cluster[:name] raw Hash key	
jetstream-types	jetstream.ClusterInfo.RaftGroup	field	planned	present	present	lib/nats/io/jetstream/api.rb:429 StreamInfo#cluster / ConsumerInfo#cluster	cluster[:raft_group] raw Hash key	
jetstream-types	jetstream.ClusterInfo.Replicas	field	planned	present	present	lib/nats/io/jetstream/api.rb:429 StreamInfo#cluster / ConsumerInfo#cluster	cluster[:replicas] raw Hash key	
jetstream-types	jetstream.ClusterInfo.SystemAcc	field	planned	present	present	lib/nats/io/jetstream/api.rb:429 StreamInfo#cluster / ConsumerInfo#cluster	cluster[:system_account] raw Hash key	
jetstream-types	jetstream.ClusterInfo.TrafficAcc	field	planned	present	present	lib/nats/io/jetstream/api.rb:429 StreamInfo#cluster / ConsumerInfo#cluster	cluster[:traffic_account] raw Hash key	
jetstream-types	jetstream.ConsumeContext	type	planned	missing	present	lib/nats/io/jetstream/consume.rb:451 ConsumeContext	psub/consumer.consume returns ConsumeContext with stop, drain, closed?, wait_closed	aff74e2
jetstream-types	jetstream.ConsumeErrHandler	type	implemented	missing	present	lib/nats/io/jetstream/pull_subscription.rb:230 consume(error_handler:)	error_handler: option of consume; defaults to the connection error callback	aff74e2
jetstream-types	jetstream.ConsumeErrHandlerFunc	type	planned	missing	present	lib/nats/io/jetstream/consume.rb:528 ConsumeContext.takes_context?	two-arg handlers get (consume_ctx, err); one-arg handlers still get err only	71048c5
jetstream-types	jetstream.Consumer	type	planned	partial	present	lib/nats/io/jetstream/consumer.rb:38 Consumer	js.consumer(stream,name): info, cached_info, fetch, fetch_bytes, fetch_no_wait, next, consume, messages	b75182f
jetstream-types	jetstream.ConsumerConfig	type	planned	present	present	lib/nats/io/jetstream/api.rb:173	API::ConsumerConfig Struct; unknown keys silently dropped on new/decode	
jetstream-types	jetstream.ConsumerConfig.AckPolicy	field	planned	present	present	lib/nats/io/jetstream/api.rb:175	ack_policy String; defaults to "explicit"	
jetstream-types	jetstream.ConsumerConfig.AckWait	field	planned	partial	present	lib/nats/io/jetstream/manager.rb:553 JS.nanoseconds; api.rb:170	Float seconds sent as exact ns; decoded Integer when whole else Float (JS.seconds); spec/js_durations_spec.rb	e6d810d
jetstream-types	jetstream.ConsumerConfig.BackOff	field	planned	present	present	lib/nats/io/jetstream/api.rb:175	backoff raw Array of ns Integers (not converted, unlike ack_wait seconds)	
jetstream-types	jetstream.ConsumerConfig.DeliverGroup	field	planned	present	present	lib/nats/io/jetstream/api.rb:182	deliver_group	
jetstream-types	jetstream.ConsumerConfig.DeliverPolicy	field	planned	present	present	lib/nats/io/jetstream/api.rb:174	deliver_policy String	
jetstream-types	jetstream.ConsumerConfig.DeliverSubject	field	planned	present	present	lib/nats/io/jetstream/api.rb:182	deliver_subject	
jetstream-types	jetstream.ConsumerConfig.Description	field	planned	present	present	lib/nats/io/jetstream/api.rb:173	description	
jetstream-types	jetstream.ConsumerConfig.Durable	field	planned	present	present	lib/nats/io/jetstream/api.rb:173	durable_name	
jetstream-types	jetstream.ConsumerConfig.FilterSubject	field	planned	present	present	lib/nats/io/jetstream/api.rb:176	filter_subject (also put in CREATE subject)	
jetstream-types	jetstream.ConsumerConfig.FilterSubjects	field	planned	present	present	lib/nats/io/jetstream/api.rb:191	filter_subjects	
jetstream-types	jetstream.ConsumerConfig.FlowControl	field	planned	present	present	lib/nats/io/jetstream/api.rb:178	flow_control	
jetstream-types	jetstream.ConsumerConfig.HeadersOnly	field	planned	present	present	lib/nats/io/jetstream/api.rb:178	headers_only	
jetstream-types	jetstream.ConsumerConfig.IdleHeartbeat	field	planned	partial	present	lib/nats/io/jetstream/manager.rb:553; api.rb:170	fractional seconds sent as exact ns, decoded without rounding	e6d810d
jetstream-types	jetstream.ConsumerConfig.InactiveThreshold	field	planned	partial	present	lib/nats/io/jetstream/manager.rb:553; api.rb:170	fractional seconds sent as exact ns, decoded without rounding	e6d810d
jetstream-types	jetstream.ConsumerConfig.MaxAckPending	field	planned	present	present	lib/nats/io/jetstream/api.rb:177	max_ack_pending	
jetstream-types	jetstream.ConsumerConfig.MaxDeliver	field	planned	present	present	lib/nats/io/jetstream/api.rb:175	max_deliver	
jetstream-types	jetstream.ConsumerConfig.MaxRequestBatch	field	planned	present	present	lib/nats/io/jetstream/api.rb:180	max_batch	
jetstream-types	jetstream.ConsumerConfig.MaxRequestExpires	field	planned	present	present	lib/nats/io/jetstream/api.rb:180	max_expires raw ns Integer (no unit conversion)	
jetstream-types	jetstream.ConsumerConfig.MaxRequestMaxBytes	field	planned	present	present	lib/nats/io/jetstream/api.rb:191	max_bytes	
jetstream-types	jetstream.ConsumerConfig.MaxWaiting	field	planned	present	present	lib/nats/io/jetstream/api.rb:177	max_waiting	
jetstream-types	jetstream.ConsumerConfig.MemoryStorage	field	planned	present	present	lib/nats/io/jetstream/api.rb:189	mem_storage	
jetstream-types	jetstream.ConsumerConfig.Metadata	field	planned	present	present	lib/nats/io/jetstream/api.rb:191	metadata Hash	
jetstream-types	jetstream.ConsumerConfig.Name	field	planned	present	present	lib/nats/io/jetstream/api.rb:173	name (defaults to durable_name on create)	
jetstream-types	jetstream.ConsumerConfig.OptStartSeq	field	planned	present	present	lib/nats/io/jetstream/api.rb:174	opt_start_seq	
jetstream-types	jetstream.ConsumerConfig.OptStartTime	field	planned	partial	present	lib/nats/io/jetstream/api.rb:333 ConsumerConfig#start_time	Time sent as RFC3339 ns; fetched opt_start_time stays a String, start_time parses it to Time	0da9d03
jetstream-types	jetstream.ConsumerConfig.PauseUntil	field	planned	present	present	lib/nats/io/jetstream/api.rb:193	pause_until Time or RFC3339 String (converted on send); decoded as String	
jetstream-types	jetstream.ConsumerConfig.PinnedTTL	field	planned	partial	present	lib/nats/io/jetstream/manager.rb:553 priority_timeout	priority_timeout takes fractional seconds, exact ns; decoded without rounding	e6d810d
jetstream-types	jetstream.ConsumerConfig.PriorityGroups	field	planned	present	present	lib/nats/io/jetstream/api.rb:193	priority_groups	
jetstream-types	jetstream.ConsumerConfig.PriorityPolicy	field	planned	present	present	lib/nats/io/jetstream/api.rb:193	priority_policy String	
jetstream-types	jetstream.ConsumerConfig.RateLimit	field	planned	present	present	lib/nats/io/jetstream/api.rb:176	rate_limit_bps	
jetstream-types	jetstream.ConsumerConfig.ReplayPolicy	field	planned	present	present	lib/nats/io/jetstream/api.rb:176	replay_policy String	
jetstream-types	jetstream.ConsumerConfig.Replicas	field	planned	present	present	lib/nats/io/jetstream/api.rb:187	num_replicas	
jetstream-types	jetstream.ConsumerConfig.SampleFrequency	field	planned	present	present	lib/nats/io/jetstream/api.rb:177	sample_freq	
jetstream-types	jetstream.ConsumerInfo	type	planned	present	present	lib/nats/io/jetstream/api.rb:107	API::ConsumerInfo frozen Struct	
jetstream-types	jetstream.ConsumerInfo.AckFloor	field	planned	present	present	lib/nats/io/jetstream/api.rb:107	ack_floor SequenceInfo	
jetstream-types	jetstream.ConsumerInfo.Cluster	field	planned	present	present	lib/nats/io/jetstream/api.rb:107	cluster raw Hash (leader_since String, active ns)	
jetstream-types	jetstream.ConsumerInfo.Config	field	planned	present	present	lib/nats/io/jetstream/api.rb:107	config ConsumerConfig (durations converted to whole seconds)	
jetstream-types	jetstream.ConsumerInfo.Created	field	planned	present	present	lib/nats/io/jetstream/api.rb:107	created parsed Time	
jetstream-types	jetstream.ConsumerInfo.Delivered	field	planned	present	present	lib/nats/io/jetstream/api.rb:107	delivered SequenceInfo	
jetstream-types	jetstream.ConsumerInfo.Name	field	planned	present	present	lib/nats/io/jetstream/api.rb:107	name	
jetstream-types	jetstream.ConsumerInfo.NumAckPending	field	planned	present	present	lib/nats/io/jetstream/api.rb:107	num_ack_pending	
jetstream-types	jetstream.ConsumerInfo.NumPending	field	planned	present	present	lib/nats/io/jetstream/api.rb:107	num_pending	
jetstream-types	jetstream.ConsumerInfo.NumRedelivered	field	planned	present	present	lib/nats/io/jetstream/api.rb:107	num_redelivered	
jetstream-types	jetstream.ConsumerInfo.NumWaiting	field	planned	present	present	lib/nats/io/jetstream/api.rb:107	num_waiting	
jetstream-types	jetstream.ConsumerInfo.PauseRemaining	field	planned	partial	present	lib/nats/io/jetstream/api.rb:221	JS.seconds: Integer when whole, else Float seconds; no longer rounded down	150d96c
jetstream-types	jetstream.ConsumerInfo.Paused	field	planned	present	present	lib/nats/io/jetstream/api.rb:107	paused	
jetstream-types	jetstream.ConsumerInfo.PriorityGroups	field	planned	present	present	lib/nats/io/jetstream/api.rb:107	priority_groups Array<PriorityGroupState>	
jetstream-types	jetstream.ConsumerInfo.PushBound	field	planned	present	present	lib/nats/io/jetstream/api.rb:107	push_bound	
jetstream-types	jetstream.ConsumerInfo.Stream	field	planned	present	present	lib/nats/io/jetstream/api.rb:107	stream_name	
jetstream-types	jetstream.ConsumerInfo.TimeStamp	field	planned	present	present	lib/nats/io/jetstream/api.rb:107	ts parsed Time	
jetstream-types	jetstream.ConsumerInfoLister	type	planned	missing	present	lib/nats/io/jetstream/manager.rb:263 consumers; stream.rb:267	jsm.consumers(stream)/stream.list_consumers return Array<ConsumerInfo>, all pages	a2d1f0c
jetstream-types	jetstream.ConsumerManager	type	planned	partial	present	lib/nats/io/jetstream/stream.rb:130-276	Stream handle: create/update/create_or_update/consumer/delete/pause/resume/unpin/reset, ordered, push variants, list/names	b75182f
jetstream-types	jetstream.ConsumerNameLister	type	planned	missing	present	lib/nats/io/jetstream/manager.rb:251 consumer_names; stream.rb:276	returns Array<String>, all pages	a2d1f0c
jetstream-types	jetstream.ConsumerPauseResponse	type	planned	present	present	lib/nats/io/jetstream/api.rb:214	API::ConsumerPauseResponse from pause_consumer/resume_consumer	
jetstream-types	jetstream.ConsumerPauseResponse.PauseRemaining	field	planned	partial	present	lib/nats/io/jetstream/api.rb:354	JS.seconds: Integer when whole, else Float seconds	150d96c
jetstream-types	jetstream.ConsumerPauseResponse.PauseUntil	field	planned	present	present	lib/nats/io/jetstream/api.rb:214	pause_until parsed Time (nil when zero time)	
jetstream-types	jetstream.ConsumerPauseResponse.Paused	field	planned	present	present	lib/nats/io/jetstream/api.rb:214	paused	
jetstream-types	jetstream.ConsumerResetResponse	type	planned	present	present	lib/nats/io/jetstream/api.rb:235	API::ConsumerResetResponse from reset_consumer	
jetstream-types	jetstream.ConsumerResetResponse.ConsumerInfo	field	planned	present	present	lib/nats/io/jetstream/api.rb:235	#info ConsumerInfo (composed, not embedded)	
jetstream-types	jetstream.ConsumerResetResponse.ResetSeq	field	planned	present	present	lib/nats/io/jetstream/api.rb:235	reset_seq	
jetstream-types	jetstream.DefaultAPIPrefix	constant	planned	partial	present	lib/nats/io/jetstream.rb:49 NATS::JetStream::DEFAULT_API_PREFIX	public "$JS.API" (Ruby prefixes carry no trailing dot)	9440350
jetstream-types	jetstream.DefaultExpires	constant	implemented	missing	present	lib/nats/io/jetstream/consume.rb:45 MessagesContext::DEFAULT_EXPIRES	30 s default expires of consume/messages	aff74e2
jetstream-types	jetstream.DefaultMaxMessages	constant	implemented	missing	present	lib/nats/io/jetstream/consume.rb:43 MessagesContext::DEFAULT_MAX_MESSAGES	500 default of consume/messages	aff74e2
jetstream-types	jetstream.DefaultPersistMode	constant	planned	present	present	lib/nats/io/jetstream/api.rb:386	persist_mode "default"/nil; default left unsent (UNSENT_STREAM_DEFAULTS)	
jetstream-types	jetstream.DefaultPubRetryAttempts	constant	implemented	missing	present	lib/nats/io/jetstream.rb:47 DEFAULT_PUB_RETRY_ATTEMPTS	2 retries on no responders; retry_attempts: per call or context	8b23f4c
jetstream-types	jetstream.DefaultPubRetryWait	constant	implemented	missing	present	lib/nats/io/jetstream.rb:51 DEFAULT_PUB_RETRY_WAIT	0.25 s; retry_wait: per call or context	8b23f4c
jetstream-types	jetstream.DeleteMarkersOlderThan	type	implemented	missing	present	lib/nats/io/kv.rb:320 kv.purge_deletes(older_than:)	older_than: seconds, 30 min default, negative = all markers	0ebc710
jetstream-types	jetstream.DeliverAllPolicy	constant	planned	present	present	lib/nats/io/jetstream/api.rb:174 deliver_policy	String "all" passed through; no constant	
jetstream-types	jetstream.DeliverByStartSequencePolicy	constant	planned	present	present	lib/nats/io/jetstream/api.rb:174 deliver_policy	String "by_start_sequence" passed through; no constant	
jetstream-types	jetstream.DeliverByStartTimePolicy	constant	planned	present	present	lib/nats/io/jetstream/api.rb:174 deliver_policy	String "by_start_time" passed through; no constant	
jetstream-types	jetstream.DeliverLastPerSubjectPolicy	constant	planned	present	present	lib/nats/io/jetstream/api.rb:174 deliver_policy	String "last_per_subject" passed through; no constant	
jetstream-types	jetstream.DeliverLastPolicy	constant	planned	present	present	lib/nats/io/jetstream/api.rb:174 deliver_policy	String "last" passed through; no constant	
jetstream-types	jetstream.DeliverNewPolicy	constant	planned	present	present	lib/nats/io/jetstream/api.rb:174 deliver_policy	String "new" passed through; no constant	
jetstream-types	jetstream.DeliverPolicy	type	planned	present	present	lib/nats/io/jetstream/api.rb:174	deliver_policy String	
jetstream-types	jetstream.DesiredClusterInfo	type	planned	present	present	lib/nats/io/jetstream/api.rb:429 cluster[:desired]	raw Hash pass-through in cluster Hash	
jetstream-types	jetstream.DesiredClusterInfo.Created	field	planned	partial	deliberate	lib/nats/io/jetstream/api.rb:87 DesiredClusterInfo#created_time	[:created] stays String; created_time returns Time. CHANGELOG: "The times that stay RFC 3339 Strings have readers returning a `Time`"	49f525b
jetstream-types	jetstream.DesiredClusterInfo.Name	field	planned	present	present	lib/nats/io/jetstream/api.rb:429 cluster[:desired]	[:name] raw Hash key	
jetstream-types	jetstream.DesiredClusterInfo.Origin	field	planned	present	present	lib/nats/io/jetstream/api.rb:429 cluster[:desired]	[:origin] raw Hash key	
jetstream-types	jetstream.DesiredClusterInfo.Replicas	field	planned	present	present	lib/nats/io/jetstream/api.rb:429 cluster[:desired]	[:replicas] raw Hash key	
jetstream-types	jetstream.DesiredClusterInfo.Status	field	planned	present	present	lib/nats/io/jetstream/api.rb:429 cluster[:desired]	[:status] raw Hash key	
jetstream-types	jetstream.DesiredClusterInfoOrigin	type	planned	present	present	lib/nats/io/jetstream/api.rb:429 cluster[:desired]	cluster[:desired][:origin] raw Hash	
jetstream-types	jetstream.DesiredClusterInfoOrigin.Placement	field	planned	present	present	lib/nats/io/jetstream/api.rb:429 cluster[:desired]	[:origin][:placement] raw Hash key	
jetstream-types	jetstream.DesiredClusterInfoOrigin.Replicas	field	planned	present	present	lib/nats/io/jetstream/api.rb:429 cluster[:desired]	[:origin][:replicas] raw Hash key	
jetstream-types	jetstream.DesiredClusterInfoOrigin.Retention	field	planned	present	present	lib/nats/io/jetstream/api.rb:429 cluster[:desired]	[:origin][:retention] raw Hash key	
jetstream-types	jetstream.DesiredClusterInfoStatus	type	planned	present	present	lib/nats/io/jetstream/api.rb:429 cluster[:desired]	cluster[:desired][:status] raw Hash	
jetstream-types	jetstream.DesiredClusterInfoStatus.Description	field	planned	present	present	lib/nats/io/jetstream/api.rb:429 cluster[:desired]	[:status][:description] raw Hash key	
jetstream-types	jetstream.DesiredClusterInfoStatus.Err	field	planned	present	present	lib/nats/io/jetstream/api.rb:429 cluster[:desired]	[:status][:err] raw Hash key	
jetstream-types	jetstream.DesiredClusterInfoStatus.Type	field	planned	present	present	lib/nats/io/jetstream/api.rb:429 cluster[:desired]	[:status][:type] raw Hash key	
jetstream-types	jetstream.DesiredPeerInfo	type	planned	present	present	lib/nats/io/jetstream/api.rb:429 cluster[:desired]	cluster[:desired][:replicas] raw Hashes	
jetstream-types	jetstream.DesiredPeerInfo.Name	field	planned	present	present	lib/nats/io/jetstream/api.rb:429 cluster[:desired]	[:name] raw Hash key	
jetstream-types	jetstream.DesiredPeerInfo.Offline	field	planned	present	present	lib/nats/io/jetstream/api.rb:429 cluster[:desired]	[:offline] raw Hash key	
jetstream-types	jetstream.DesiredPeerInfo.Peer	field	planned	present	present	lib/nats/io/jetstream/api.rb:429 cluster[:desired]	[:peer] raw Hash key	
jetstream-types	jetstream.DiscardNew	constant	planned	present	present	lib/nats/io/jetstream/api.rb:358 discard	String "new"; no constant	
jetstream-types	jetstream.DiscardOld	constant	planned	present	present	lib/nats/io/jetstream/api.rb:358 discard	String "old"; no constant	
jetstream-types	jetstream.DiscardPolicy	type	planned	present	present	lib/nats/io/jetstream/api.rb:358	discard String	
jetstream-types	jetstream.ErrorCode	type	planned	present	present	lib/nats/io/jetstream/errors.rb:45	APIError#err_code Integer	
jetstream-types	jetstream.ExpectedLastMsgIDHeader	constant	implemented	present	present	lib/nats/io/jetstream/header.rb:41	JetStream::Header::EXPECTED_LAST_MSG_ID	
jetstream-types	jetstream.ExpectedLastSeqHeader	constant	implemented	present	present	lib/nats/io/jetstream/header.rb:34	JetStream::Header::EXPECTED_LAST_SEQUENCE	
jetstream-types	jetstream.ExpectedLastSubjSeqHeader	constant	implemented	present	present	lib/nats/io/jetstream/header.rb:36	JetStream::Header::EXPECTED_LAST_SUBJECT_SEQUENCE	
jetstream-types	jetstream.ExpectedLastSubjSeqSubjHeader	constant	implemented	present	present	lib/nats/io/jetstream/header.rb:39	JetStream::Header::EXPECTED_LAST_SUBJECT_SEQUENCE_SUBJECT	
jetstream-types	jetstream.ExpectedStreamHeader	constant	implemented	present	present	lib/nats/io/jetstream/header.rb:32	JetStream::Header::EXPECTED_STREAM	
jetstream-types	jetstream.ExternalStream	type	planned	present	present	lib/nats/io/jetstream/api.rb:367 mirror/sources	external: {api:, deliver:} Hash passed through in source Hash	
jetstream-types	jetstream.ExternalStream.APIPrefix	field	planned	present	present	lib/nats/io/jetstream/api.rb:367	source[:external][:api] Hash key	
jetstream-types	jetstream.ExternalStream.DeliverPrefix	field	planned	present	present	lib/nats/io/jetstream/api.rb:367	source[:external][:deliver] Hash key	
jetstream-types	jetstream.FetchOpt	type	planned	partial	present	lib/nats/io/jetstream/pull_subscription.rb:133 fetch	timeout,no_wait,group,min_pending,min_ack_pending,priority,max_bytes,heartbeat; FetchContext n/a	a129d7d
jetstream-types	jetstream.FileStorage	constant	planned	present	present	lib/nats/io/jetstream/api.rb:362 storage	String "file"; no constant	
jetstream-types	jetstream.GetMsgOpt	type	planned	present	present	lib/nats/io/jetstream/manager.rb:300 get_msg	params Hash: seq, subject (last_by_subj), next (next_by_subj), direct	
jetstream-types	jetstream.InterestPolicy	constant	planned	present	present	lib/nats/io/jetstream/api.rb:354 retention	String "interest"; no constant	
jetstream-types	jetstream.JSErrCodeBadRequest	constant	planned	partial	present	lib/nats/io/jetstream/errors.rb:31 ErrorCode::BAD_REQUEST; errors.rb:380 JSBadRequest; js.rb:40	err_code 10003 raises JSBadRequest < BadRequest; ErrorCode module names the JSErrCode* values	9440350
jetstream-types	jetstream.JSErrCodeConsumerAlreadyExists	constant	planned	missing	present	lib/nats/io/jetstream/errors.rb:306 Error::ConsumerExistingActive	10105 raises ConsumerExistingActive < BadRequest; spec/js_consumer_existing_active_spec.rb	45467c3
jetstream-types	jetstream.JSErrCodeConsumerCreate	constant	planned	missing	present	lib/nats/io/jetstream/errors.rb:318 Error::ConsumerCreate	err_code 10012 raises ConsumerCreate (mapped in js.rb ERR_CODE_ERRORS); no numeric constant, rescue the class	bc9ad67
jetstream-types	jetstream.JSErrCodeConsumerDoesNotExist	constant	planned	present	present	lib/nats/io/jetstream/js.rb:88 from_error	Error::ConsumerDoesNotExist (10149)	
jetstream-types	jetstream.JSErrCodeConsumerEmptyFilter	constant	planned	missing	present	lib/nats/io/jetstream/errors.rb:268 Error::EmptyFilter	err_code 10139 raises EmptyFilter (mapped in js.rb ERR_CODE_ERRORS); no numeric constant, rescue the class	bc9ad67
jetstream-types	jetstream.JSErrCodeConsumerExists	constant	planned	present	present	lib/nats/io/jetstream/js.rb:88 from_error	Error::ConsumerAlreadyExists maps 10148	
jetstream-types	jetstream.JSErrCodeConsumerInvalidReset	constant	planned	present	present	lib/nats/io/jetstream/js.rb:88 from_error	Error::ConsumerInvalidReset (10204)	
jetstream-types	jetstream.JSErrCodeConsumerNameExists	constant	planned	missing	present	lib/nats/io/jetstream/errors.rb:256 Error::ConsumerNameAlreadyInUse	err_code 10013 raises ConsumerNameAlreadyInUse (mapped in js.rb ERR_CODE_ERRORS); no numeric constant, rescue the class	bc9ad67
jetstream-types	jetstream.JSErrCodeConsumerNotFound	constant	planned	present	present	lib/nats/io/jetstream/js.rb:88 from_error	Error::ConsumerNotFound (10014)	
jetstream-types	jetstream.JSErrCodeDuplicateFilterSubjects	constant	planned	missing	present	lib/nats/io/jetstream/errors.rb:262 Error::DuplicateFilterSubjects	err_code 10136 raises DuplicateFilterSubjects (mapped in js.rb ERR_CODE_ERRORS); no numeric constant, rescue the class	bc9ad67
jetstream-types	jetstream.JSErrCodeJetStreamNotEnabled	constant	planned	partial	present	lib/nats/io/jetstream/errors.rb:321 Error::JetStreamNotEnabled	err_code 10076 raises JetStreamNotEnabled (mapped in js.rb ERR_CODE_ERRORS); no numeric constant, rescue the class	bc9ad67
jetstream-types	jetstream.JSErrCodeJetStreamNotEnabledForAccount	constant	planned	partial	present	lib/nats/io/jetstream/errors.rb:324 Error::JetStreamNotEnabledForAccount	err_code 10039 raises JetStreamNotEnabledForAccount (mapped in js.rb ERR_CODE_ERRORS); no numeric constant, rescue the class	bc9ad67
jetstream-types	jetstream.JSErrCodeMaximumConsumersLimit	constant	planned	missing	present	lib/nats/io/jetstream/errors.rb:259 Error::MaximumConsumersLimit	err_code 10026 raises MaximumConsumersLimit (mapped in js.rb ERR_CODE_ERRORS); no numeric constant, rescue the class	bc9ad67
jetstream-types	jetstream.JSErrCodeMessageNotFound	constant	planned	partial	present	lib/nats/io/jetstream/errors.rb:225 Error::MsgNotFound	err_code 10037 raises MsgNotFound (mapped in js.rb ERR_CODE_ERRORS); no numeric constant, rescue the class	bc9ad67
jetstream-types	jetstream.JSErrCodeMessageSchedulesDisabled	constant	planned	missing	present	lib/nats/io/jetstream/errors.rb:276 Error::MessageSchedulesDisabled	err_code 10188 raises MessageSchedulesDisabled (mapped in js.rb ERR_CODE_ERRORS); no numeric constant, rescue the class	bc9ad67
jetstream-types	jetstream.JSErrCodeMirrorWithMsgSchedules	constant	planned	missing	present	lib/nats/io/jetstream/errors.rb:294 Error::MirrorWithMsgSchedules	err_code 10186 raises MirrorWithMsgSchedules (mapped in js.rb ERR_CODE_ERRORS); no numeric constant, rescue the class	bc9ad67
jetstream-types	jetstream.JSErrCodeOverlappingFilterSubjects	constant	planned	missing	present	lib/nats/io/jetstream/errors.rb:265 Error::OverlappingFilterSubjects	err_code 10138 raises OverlappingFilterSubjects (mapped in js.rb ERR_CODE_ERRORS); no numeric constant, rescue the class	bc9ad67
jetstream-types	jetstream.JSErrCodeSchedulePatternInvalid	constant	planned	missing	present	lib/nats/io/jetstream/errors.rb:279 Error::SchedulePatternInvalid	err_code 10189 raises SchedulePatternInvalid (mapped in js.rb ERR_CODE_ERRORS); no numeric constant, rescue the class	bc9ad67
jetstream-types	jetstream.JSErrCodeScheduleRollupInvalid	constant	planned	missing	present	lib/nats/io/jetstream/errors.rb:288 Error::ScheduleRollupInvalid	err_code 10192 raises ScheduleRollupInvalid (mapped in js.rb ERR_CODE_ERRORS); no numeric constant, rescue the class	bc9ad67
jetstream-types	jetstream.JSErrCodeScheduleSourceInvalid	constant	planned	missing	present	lib/nats/io/jetstream/errors.rb:291 Error::ScheduleSourceInvalid	err_code 10203 raises ScheduleSourceInvalid (mapped in js.rb ERR_CODE_ERRORS); no numeric constant, rescue the class	bc9ad67
jetstream-types	jetstream.JSErrCodeScheduleTTLInvalid	constant	planned	missing	present	lib/nats/io/jetstream/errors.rb:285 Error::ScheduleTTLInvalid	err_code 10191 raises ScheduleTTLInvalid (mapped in js.rb ERR_CODE_ERRORS); no numeric constant, rescue the class	bc9ad67
jetstream-types	jetstream.JSErrCodeScheduleTargetInvalid	constant	planned	missing	present	lib/nats/io/jetstream/errors.rb:282 Error::ScheduleTargetInvalid	err_code 10190 raises ScheduleTargetInvalid (mapped in js.rb ERR_CODE_ERRORS); no numeric constant, rescue the class	bc9ad67
jetstream-types	jetstream.JSErrCodeSourceWithMsgSchedules	constant	planned	missing	present	lib/nats/io/jetstream/errors.rb:297 Error::SourceWithMsgSchedules	err_code 10187 raises SourceWithMsgSchedules (mapped in js.rb ERR_CODE_ERRORS); no numeric constant, rescue the class	bc9ad67
jetstream-types	jetstream.JSErrCodeStreamNameInUse	constant	planned	missing	present	lib/nats/io/jetstream/errors.rb:252 Error::StreamNameAlreadyInUse	err_code 10058 raises StreamNameAlreadyInUse (mapped in js.rb ERR_CODE_ERRORS); no numeric constant, rescue the class	bc9ad67
jetstream-types	jetstream.JSErrCodeStreamNotFound	constant	planned	present	present	lib/nats/io/jetstream/js.rb:88 from_error	Error::StreamNotFound (10059)	
jetstream-types	jetstream.JSErrCodeStreamWrongLastSequence	constant	planned	missing	present	lib/nats/io/jetstream/errors.rb:272 Error::WrongLastSequence	err_code 10071 raises WrongLastSequence (mapped in js.rb ERR_CODE_ERRORS); no numeric constant, rescue the class	bc9ad67
jetstream-types	jetstream.JSErrCodeStreamWrongLastSequenceConstant	constant	planned	missing	present	lib/nats/io/jetstream/errors.rb:272 Error::WrongLastSequence	err_code 10164 raises WrongLastSequence (mapped in js.rb ERR_CODE_ERRORS); no numeric constant, rescue the class	bc9ad67
jetstream-types	jetstream.JetStream	type	planned	partial	present	lib/nats/io/jetstream.rb:44 NATS::JetStream	publish/publish_async, handles, listings, ordered consumer, KV, object store, account_info; publish_msg gap under Publisher	b75182f
jetstream-types	jetstream.JetStreamError	type	planned	present	present	lib/nats/io/jetstream/errors.rb:20	JetStream::Error exception hierarchy; API errors carry code/err_code/description	
jetstream-types	jetstream.JetStreamOpt	type	planned	present	present	lib/nats/io/jetstream.rb:45	nc.jetstream(params Hash)	
jetstream-types	jetstream.JetStreamOptions	type	planned	present	present	lib/nats/io/jetstream.rb:45	params Hash: prefix, domain, timeout	
jetstream-types	jetstream.JetStreamOptions.APIPrefix	field	planned	present	present	lib/nats/io/jetstream.rb:47	prefix:	
jetstream-types	jetstream.JetStreamOptions.ClientTrace	field	planned	missing	present	lib/nats/io/jetstream.rb:82 :client_trace	nc.jetstream(client_trace: {...}), validated in init_client_trace (jetstream.rb:632)	86c3ea1
jetstream-types	jetstream.JetStreamOptions.DefaultTimeout	field	planned	present	present	lib/nats/io/jetstream.rb:55	timeout: (default 5s)	
jetstream-types	jetstream.JetStreamOptions.Domain	field	planned	present	present	lib/nats/io/jetstream.rb:49	domain: -> $JS.<domain>.API	
jetstream-types	jetstream.LastSequenceHeader	constant	planned	present	present	lib/nats/io/jetstream/header.rb:64	JetStream::Header::LAST_SEQUENCE	
jetstream-types	jetstream.LimitsPolicy	constant	planned	present	present	lib/nats/io/jetstream/api.rb:354 retention	String "limits"; no constant	
jetstream-types	jetstream.MarkerReasonHeader	constant	implemented	present	present	lib/nats/io/jetstream/header.rb:51	JetStream::Header::MARKER_REASON	
jetstream-types	jetstream.MemoryStorage	constant	planned	present	present	lib/nats/io/jetstream/api.rb:362 storage	String "memory"; no constant	
jetstream-types	jetstream.MessageBatch	type	planned	partial	present	lib/nats/io/jetstream/message_batch.rb:31	Array subclass + #error, returned by fetch/fetch_bytes/fetch_no_wait of subs, Consumer and ordered consumers	97f83b4
jetstream-types	jetstream.MessageHandler	type	planned	partial	present	lib/nats/io/jetstream/pull_subscription.rb:240 consume(&block)	consume block receives each msg (pull consumers, ordered consumer)	aff74e2
jetstream-types	jetstream.MessagesContext	type	planned	missing	present	lib/nats/io/jetstream/consume.rb:39 MessagesContext	messages returns iterator: next(timeout:), each, stop, drain, closed?	aff74e2
jetstream-types	jetstream.MigrationStatusBlocked	constant	planned	present	present	lib/nats/io/jetstream/api.rb:429 cluster[:desired]	raw String in cluster[:desired][:status][:type]; no constant	
jetstream-types	jetstream.MigrationStatusCatchup	constant	planned	present	present	lib/nats/io/jetstream/api.rb:429 cluster[:desired]	raw String in cluster[:desired][:status][:type]; no constant	
jetstream-types	jetstream.MigrationStatusMembership	constant	planned	present	present	lib/nats/io/jetstream/api.rb:429 cluster[:desired]	raw String in cluster[:desired][:status][:type]; no constant	
jetstream-types	jetstream.MigrationStatusQuorum	constant	planned	present	present	lib/nats/io/jetstream/api.rb:429 cluster[:desired]	raw String in cluster[:desired][:status][:type]; no constant	
jetstream-types	jetstream.MigrationStatusSnapshot	constant	planned	present	present	lib/nats/io/jetstream/api.rb:429 cluster[:desired]	raw String in cluster[:desired][:status][:type]; no constant	
jetstream-types	jetstream.MigrationStatusType	type	planned	present	present	lib/nats/io/jetstream/api.rb:429 cluster[:desired]	raw String	
jetstream-types	jetstream.MigrationStatusUnavailable	constant	planned	present	present	lib/nats/io/jetstream/api.rb:429 cluster[:desired]	raw String in cluster[:desired][:status][:type]; no constant	
jetstream-types	jetstream.Msg	type	planned	present	present	lib/nats/io/jetstream/msg/ack_methods.rb:20	NATS::Msg + AckMethods: ack, ack_sync, nak(delay:), term(reason:), in_progress, metadata	
jetstream-types	jetstream.MsgAckHandler	type	planned	missing	present	lib/nats/io/jetstream.rb:93,949 publish_async_ack_handler	callable (msg, ack); see WithPublishAsyncAckHandler	077ee75
jetstream-types	jetstream.MsgErrHandler	type	planned	missing	present	lib/nats/io/jetstream.rb:78 :publish_async_err_handler	called with message and error of each failed publish_async	d4af0e4
jetstream-types	jetstream.MsgIDHeader	constant	implemented	present	present	lib/nats/io/jetstream/header.rb:30	JetStream::Header::MSG_ID	
jetstream-types	jetstream.MsgRollup	constant	implemented	present	present	lib/nats/io/jetstream/header.rb:44	JetStream::Header::ROLLUP	
jetstream-types	jetstream.MsgRollupAll	constant	implemented	present	present	lib/nats/io/jetstream/header.rb:42	value "all" for Header::ROLLUP documented; no constant	
jetstream-types	jetstream.MsgRollupSubject	constant	implemented	present	present	lib/nats/io/jetstream/header.rb:42	value "sub" for Header::ROLLUP documented; no constant	
jetstream-types	jetstream.MsgTTLHeader	constant	implemented	present	present	lib/nats/io/jetstream/header.rb:48	JetStream::Header::MSG_TTL	
jetstream-types	jetstream.NextOpt	type	planned	missing	present	lib/nats/io/jetstream/consume.rb:100 next(timeout:); consumer.rb:104	timeout: = NextMaxWait; NextContext n/a	aff74e2
jetstream-types	jetstream.NoCompression	constant	planned	present	present	lib/nats/io/jetstream/api.rb:377 compression	String "none"; no constant	
jetstream-types	jetstream.OrderedConsumerConfig	type	planned	missing	present	lib/nats/io/jetstream.rb:567 js.ordered_consumer(stream, **opts)	kwargs Hash validated in ordered_consumer.rb:310; spec/js_ordered_consumer_spec.rb	9e5a4c3
jetstream-types	jetstream.OrderedConsumerConfig.DeliverPolicy	field	planned	missing	present	lib/nats/io/jetstream/ordered_consumer.rb:316	deliver_policy:	9e5a4c3
jetstream-types	jetstream.OrderedConsumerConfig.FilterSubjects	field	planned	missing	present	lib/nats/io/jetstream/ordered_consumer.rb:311	filter_subjects: (or filter_subject:)	9e5a4c3
jetstream-types	jetstream.OrderedConsumerConfig.HeadersOnly	field	planned	missing	present	lib/nats/io/jetstream/ordered_consumer.rb:345	headers_only:	9e5a4c3
jetstream-types	jetstream.OrderedConsumerConfig.InactiveThreshold	field	planned	missing	present	lib/nats/io/jetstream/ordered_consumer.rb:330	inactive_threshold: seconds (Float ok), 300 default	9e5a4c3
jetstream-types	jetstream.OrderedConsumerConfig.MaxResetAttempts	field	planned	missing	present	lib/nats/io/jetstream/ordered_consumer.rb:335	max_reset_attempts:	9e5a4c3
jetstream-types	jetstream.OrderedConsumerConfig.Metadata	field	planned	missing	present	lib/nats/io/jetstream/ordered_consumer.rb:346	metadata:	9e5a4c3
jetstream-types	jetstream.OrderedConsumerConfig.NamePrefix	field	planned	missing	present	lib/nats/io/jetstream/ordered_consumer.rb:61	name_prefix:	9e5a4c3
jetstream-types	jetstream.OrderedConsumerConfig.OptStartSeq	field	planned	missing	present	lib/nats/io/jetstream/ordered_consumer.rb:319	opt_start_seq:	9e5a4c3
jetstream-types	jetstream.OrderedConsumerConfig.OptStartTime	field	planned	missing	present	lib/nats/io/jetstream/ordered_consumer.rb:324	opt_start_time: Time (RFC3339 ns) or String	9e5a4c3
jetstream-types	jetstream.OrderedConsumerConfig.ReplayPolicy	field	planned	missing	present	lib/nats/io/jetstream/ordered_consumer.rb:343	replay_policy:	9e5a4c3
jetstream-types	jetstream.PeerInfo	type	planned	present	present	lib/nats/io/jetstream/api.rb:429 cluster[:replicas]	raw Hashes in cluster[:replicas]	
jetstream-types	jetstream.PeerInfo.Active	field	planned	present	present	lib/nats/io/jetstream/api.rb:429 cluster[:replicas]	[:active] raw Hash key (ns Integer)	
jetstream-types	jetstream.PeerInfo.Current	field	planned	present	present	lib/nats/io/jetstream/api.rb:429 cluster[:replicas]	[:current] raw Hash key	
jetstream-types	jetstream.PeerInfo.Lag	field	planned	present	present	lib/nats/io/jetstream/api.rb:429 cluster[:replicas]	[:lag] raw Hash key	
jetstream-types	jetstream.PeerInfo.Name	field	planned	present	present	lib/nats/io/jetstream/api.rb:429 cluster[:replicas]	[:name] raw Hash key	
jetstream-types	jetstream.PeerInfo.Offline	field	planned	present	present	lib/nats/io/jetstream/api.rb:429 cluster[:replicas]	[:offline] raw Hash key	
jetstream-types	jetstream.PeerInfo.Peer	field	planned	present	present	lib/nats/io/jetstream/api.rb:429 cluster[:replicas]	[:peer] raw Hash key	
jetstream-types	jetstream.PeerInfo.Pending	field	planned	present	present	lib/nats/io/jetstream/api.rb:429 cluster[:replicas]	[:pending] raw Hash key	
jetstream-types	jetstream.PersistModeType	type	planned	present	present	lib/nats/io/jetstream/api.rb:386	persist_mode String	
jetstream-types	jetstream.Placement	type	planned	present	present	lib/nats/io/jetstream/api.rb:366	placement: {cluster:, tags:} Hash passed through	
jetstream-types	jetstream.Placement.Cluster	field	planned	present	present	lib/nats/io/jetstream/api.rb:366	placement[:cluster]	
jetstream-types	jetstream.Placement.Tags	field	planned	present	present	lib/nats/io/jetstream/api.rb:366	placement[:tags]	
jetstream-types	jetstream.PriorityGroupState	type	planned	present	present	lib/nats/io/jetstream/api.rb:54	API::PriorityGroupState	
jetstream-types	jetstream.PriorityGroupState.Group	field	planned	present	present	lib/nats/io/jetstream/api.rb:54	group	
jetstream-types	jetstream.PriorityGroupState.PinnedClientID	field	planned	present	present	lib/nats/io/jetstream/api.rb:54	pinned_client_id	
jetstream-types	jetstream.PriorityGroupState.PinnedTS	field	planned	present	present	lib/nats/io/jetstream/api.rb:54	pinned_ts parsed Time (nil for zero)	
jetstream-types	jetstream.PriorityPolicy	type	planned	present	present	lib/nats/io/jetstream/api.rb:193	priority_policy String	
jetstream-types	jetstream.PriorityPolicyNone	constant	planned	present	present	lib/nats/io/jetstream/api.rb:193 priority_policy	String "none"; no constant	
jetstream-types	jetstream.PriorityPolicyOverflow	constant	planned	present	present	lib/nats/io/jetstream/api.rb:193 priority_policy	String "overflow"; no constant	
jetstream-types	jetstream.PriorityPolicyPinned	constant	planned	present	present	lib/nats/io/jetstream/api.rb:193 priority_policy	String "pinned_client"; no constant	
jetstream-types	jetstream.PriorityPolicyPrioritized	constant	planned	present	present	lib/nats/io/jetstream/api.rb:193 priority_policy	String "prioritized"; no constant	
jetstream-types	jetstream.PubAck	type	planned	present	present	lib/nats/io/jetstream.rb:79	JetStream::PubAck Struct (+batch, count)	
jetstream-types	jetstream.PubAck.Domain	field	planned	present	present	lib/nats/io/jetstream.rb:79	domain	
jetstream-types	jetstream.PubAck.Duplicate	field	planned	present	present	lib/nats/io/jetstream.rb:79	duplicate	
jetstream-types	jetstream.PubAck.Sequence	field	planned	present	present	lib/nats/io/jetstream.rb:79	seq	
jetstream-types	jetstream.PubAck.Stream	field	planned	present	present	lib/nats/io/jetstream.rb:79	stream	
jetstream-types	jetstream.PubAck.Value	field	planned	present	present	lib/nats/io/jetstream.rb:79	val	
jetstream-types	jetstream.PubAckFuture	type	planned	missing	present	lib/nats/io/jetstream/pub_ack_future.rb:26 PubAckFuture	ack, err, msg, wait(timeout); spec/js_publish_async_spec.rb	d4af0e4
jetstream-types	jetstream.PublishOpt	type	planned	partial	present	lib/nats/io/jetstream.rb:70 EXPECT_OPTIONS; jetstream.rb:166-204	msg_id:, expected_last_seq:, expected_last_subject_seq:, expected_last_subject:, expected_last_msg_id: added to stream/ttl/schedule/retry	f59ecd3
jetstream-types	jetstream.Publisher	type	planned	partial	present	lib/nats/io/jetstream.rb:204 publish, 222 publish_msg, 260 publish_async, 284 publish_msg_async	full Publisher surface incl. pending/complete/cleanup_publisher	744a2c2
jetstream-types	jetstream.PullConsumeOpt	type	planned	missing	present	lib/nats/io/jetstream/pull_subscription.rb:240 consume(params)	max_messages,max_bytes,bytes_limit,expires,heartbeat,thresholds,stop_after,error_handler,priority opts	aff74e2
jetstream-types	jetstream.PullExpiry	type	implemented	missing	present	lib/nats/io/jetstream/consume.rb:178 expires:	consume/messages expires: seconds, >=1, 30 default	aff74e2
jetstream-types	jetstream.PullHeartbeat	type	implemented	missing	present	lib/nats/io/jetstream/pull_subscription.rb:111 fetch(heartbeat:); consume heartbeat:	fetch and consume/messages heartbeat:	a129d7d
jetstream-types	jetstream.PullMaxBytes	type	implemented	missing	present	lib/nats/io/jetstream/pull_subscription.rb:106 max_bytes:	fetch(max_bytes:), consumer.fetch_bytes, consume(max_bytes:)	9e41563
jetstream-types	jetstream.PullMaxMessages	type	implemented	missing	present	lib/nats/io/jetstream/consume.rb:177 max_messages:	consume/messages max_messages:, bytes_limit: for PullMaxMessagesWithBytesLimit	aff74e2
jetstream-types	jetstream.PullMessagesOpt	type	planned	missing	present	lib/nats/io/jetstream/pull_subscription.rb:260 messages(params)	same options as consume minus error_handler	aff74e2
jetstream-types	jetstream.PullMinAckPending	type	implemented	partial	present	lib/nats/io/jetstream/consume.rb:198	min_ack_pending: on fetch and consume/messages	aff74e2
jetstream-types	jetstream.PullMinPending	type	implemented	partial	present	lib/nats/io/jetstream/consume.rb:198	min_pending: on fetch and consume/messages	aff74e2
jetstream-types	jetstream.PullPrioritized	type	implemented	partial	present	lib/nats/io/jetstream/consume.rb:198	priority: on fetch and consume/messages	aff74e2
jetstream-types	jetstream.PullPriorityGroup	type	implemented	partial	present	lib/nats/io/jetstream/consume.rb:198	group: on fetch and consume/messages	aff74e2
jetstream-types	jetstream.PullThresholdBytes	type	implemented	missing	present	lib/nats/io/jetstream/consume.rb:195 threshold_bytes:	default half of max_bytes	aff74e2
jetstream-types	jetstream.PullThresholdMessages	type	implemented	missing	present	lib/nats/io/jetstream/consume.rb:194 threshold_messages:	default half of max_messages	aff74e2
jetstream-types	jetstream.PushConsumeOpt	type	planned	missing	present	lib/nats/io/jetstream/consumer.rb:208 consume(error_handler:)	the only nats.go PushConsumeOpt is ConsumeErrHandler; Ruby takes it as error_handler: kwarg	6d825ab
jetstream-types	jetstream.PushConsumer	type	planned	partial	present	lib/nats/io/jetstream/consumer.rb:156 PushConsumer	info, cached_info, consume returning PushConsumeContext	6d825ab
jetstream-types	jetstream.RawStreamMsg	type	planned	present	present	lib/nats/io/jetstream/api.rb:492	API::RawStreamMsg from get_msg/get_last_msg	
jetstream-types	jetstream.RawStreamMsg.Data	field	planned	present	present	lib/nats/io/jetstream/api.rb:492	data (base64-decoded)	
jetstream-types	jetstream.RawStreamMsg.Header	field	planned	partial	present	lib/nats/io/jetstream/api.rb:850	MSG.GET hdrs parsed with add_header_value: repeated names kept as Array	2bc0498
jetstream-types	jetstream.RawStreamMsg.Sequence	field	planned	partial	present	lib/nats/io/jetstream/manager.rb:697	direct get seq now Integer (Nats-Sequence.to_i), same as MSG.GET; spec/js_raw_stream_msg_spec.rb	63bf2fa
jetstream-types	jetstream.RawStreamMsg.Subject	field	planned	present	present	lib/nats/io/jetstream/api.rb:492	subject	
jetstream-types	jetstream.RawStreamMsg.Time	field	planned	missing	present	lib/nats/io/jetstream/api.rb:838 RawStreamMsg#time	Time from MSG.GET time or Nats-Time-Stamp of direct get	63bf2fa
jetstream-types	jetstream.RePublish	type	planned	present	present	lib/nats/io/jetstream/api.rb:373	republish: {src:, dest:, headers_only:} Hash passed through	
jetstream-types	jetstream.RePublish.Destination	field	planned	present	present	lib/nats/io/jetstream/api.rb:373	republish[:dest]	
jetstream-types	jetstream.RePublish.HeadersOnly	field	planned	present	present	lib/nats/io/jetstream/api.rb:373	republish[:headers_only]	
jetstream-types	jetstream.RePublish.Source	field	planned	present	present	lib/nats/io/jetstream/api.rb:373	republish[:src]	
jetstream-types	jetstream.ReplayInstantPolicy	constant	planned	present	present	lib/nats/io/jetstream/api.rb:176 replay_policy	String "instant"; no constant	
jetstream-types	jetstream.ReplayOriginalPolicy	constant	planned	present	present	lib/nats/io/jetstream/api.rb:176 replay_policy	String "original"; no constant	
jetstream-types	jetstream.ReplayPolicy	type	planned	present	present	lib/nats/io/jetstream/api.rb:176	replay_policy String	
jetstream-types	jetstream.RetentionPolicy	type	planned	present	present	lib/nats/io/jetstream/api.rb:354	retention String	
jetstream-types	jetstream.S2Compression	constant	planned	present	present	lib/nats/io/jetstream/api.rb:377 compression	String "s2"; no constant	
jetstream-types	jetstream.ScheduleDaily	constant	implemented	present	present	lib/nats/io/jetstream.rb:120 publish(schedule: {cron:})	String "@daily" as schedule cron: (documented); no constant	
jetstream-types	jetstream.ScheduleHeader	constant	implemented	present	present	lib/nats/io/jetstream/header.rb:83	JetStream::Header::SCHEDULE	
jetstream-types	jetstream.ScheduleHourly	constant	implemented	present	present	lib/nats/io/jetstream.rb:120 publish(schedule: {cron:})	String "@hourly" as schedule cron: (documented); no constant	
jetstream-types	jetstream.ScheduleMonthly	constant	implemented	present	present	lib/nats/io/jetstream.rb:120 publish(schedule: {cron:})	String "@monthly" as schedule cron: (documented); no constant	
jetstream-types	jetstream.ScheduleNextHeader	constant	implemented	present	present	lib/nats/io/jetstream/header.rb:104	JetStream::Header::SCHEDULE_NEXT	
jetstream-types	jetstream.ScheduleRollupHeader	constant	implemented	present	present	lib/nats/io/jetstream/header.rb:96	JetStream::Header::SCHEDULE_ROLLUP	
jetstream-types	jetstream.ScheduleSourceHeader	constant	implemented	present	present	lib/nats/io/jetstream/header.rb:88	JetStream::Header::SCHEDULE_SOURCE	
jetstream-types	jetstream.ScheduleTTLHeader	constant	implemented	present	present	lib/nats/io/jetstream/header.rb:90	JetStream::Header::SCHEDULE_TTL	
jetstream-types	jetstream.ScheduleTargetHeader	constant	implemented	present	present	lib/nats/io/jetstream/header.rb:85	JetStream::Header::SCHEDULE_TARGET	
jetstream-types	jetstream.ScheduleTimeZoneHeader	constant	implemented	present	present	lib/nats/io/jetstream/header.rb:93	JetStream::Header::SCHEDULE_TIME_ZONE	
jetstream-types	jetstream.ScheduleWeekly	constant	implemented	present	present	lib/nats/io/jetstream.rb:120 publish(schedule: {cron:})	String "@weekly" as schedule cron: (documented); no constant	
jetstream-types	jetstream.ScheduleYearly	constant	implemented	present	present	lib/nats/io/jetstream.rb:120 publish(schedule: {cron:})	String "@yearly" as schedule cron: (documented); no constant	
jetstream-types	jetstream.SchedulerHeader	constant	implemented	present	present	lib/nats/io/jetstream/header.rb:100	JetStream::Header::SCHEDULER	
jetstream-types	jetstream.SequenceHeader	constant	planned	present	present	lib/nats/io/jetstream/header.rb:59	JetStream::Header::SEQUENCE	
jetstream-types	jetstream.SequenceInfo	type	planned	present	present	lib/nats/io/jetstream/api.rb:33	API::SequenceInfo	
jetstream-types	jetstream.SequenceInfo.Consumer	field	planned	present	present	lib/nats/io/jetstream/api.rb:33	consumer_seq	
jetstream-types	jetstream.SequenceInfo.Last	field	planned	partial	deliberate	lib/nats/io/jetstream/api.rb:56 SequenceInfo#last_active_time	last_active stays String; last_active_time returns Time. CHANGELOG: "The times that stay RFC 3339 Strings have readers returning a `Time`"	49f525b
jetstream-types	jetstream.SequenceInfo.Stream	field	planned	present	present	lib/nats/io/jetstream/api.rb:33	stream_seq	
jetstream-types	jetstream.SequencePair	type	planned	present	present	lib/nats/io/jetstream/msg/ack.rb:60	msg.metadata.sequence Struct(stream, consumer); constant itself private	
jetstream-types	jetstream.SequencePair.Consumer	field	planned	present	present	lib/nats/io/jetstream/msg/ack.rb:60	sequence.consumer	
jetstream-types	jetstream.SequencePair.Stream	field	planned	present	present	lib/nats/io/jetstream/msg/ack.rb:60	sequence.stream	
jetstream-types	jetstream.StopAfter	type	implemented	missing	present	lib/nats/io/jetstream/consume.rb:197 stop_after:	consume/messages stop_after:, also ordered consumers	7de201b
jetstream-types	jetstream.StorageType	type	planned	present	present	lib/nats/io/jetstream/api.rb:362	storage String	
jetstream-types	jetstream.StoreCompression	type	planned	present	present	lib/nats/io/jetstream/api.rb:377	compression String	
jetstream-types	jetstream.Stream	type	planned	partial	present	lib/nats/io/jetstream/stream.rb:35 Stream	js.stream(name): info(subjects_filter:,deleted_details:), cached_info, purge, get/delete msgs, consumer ops	b75182f
jetstream-types	jetstream.StreamConfig	type	planned	present	present	lib/nats/io/jetstream/api.rb:350	API::StreamConfig Struct; unknown keys silently dropped; 2.11+ defaults not sent	
jetstream-types	jetstream.StreamConfig.AllowAtomicPublish	field	planned	present	present	lib/nats/io/jetstream/api.rb:384	allow_atomic	
jetstream-types	jetstream.StreamConfig.AllowBatchPublish	field	planned	present	present	lib/nats/io/jetstream/api.rb:387	allow_batched	
jetstream-types	jetstream.StreamConfig.AllowDirect	field	planned	present	present	lib/nats/io/jetstream/api.rb:374	allow_direct	
jetstream-types	jetstream.StreamConfig.AllowMsgCounter	field	planned	present	present	lib/nats/io/jetstream/api.rb:383	allow_msg_counter	
jetstream-types	jetstream.StreamConfig.AllowMsgSchedules	field	planned	present	present	lib/nats/io/jetstream/api.rb:385	allow_msg_schedules	
jetstream-types	jetstream.StreamConfig.AllowMsgTTL	field	planned	present	present	lib/nats/io/jetstream/api.rb:381	allow_msg_ttl	
jetstream-types	jetstream.StreamConfig.AllowRollup	field	planned	present	present	lib/nats/io/jetstream/api.rb:372	allow_rollup_hdrs	
jetstream-types	jetstream.StreamConfig.Compression	field	planned	present	present	lib/nats/io/jetstream/api.rb:377	compression String	
jetstream-types	jetstream.StreamConfig.ConsumerLimits	field	planned	present	present	lib/nats/io/jetstream/api.rb:380	consumer_limits Hash {inactive_threshold: ns, max_ack_pending:}	
jetstream-types	jetstream.StreamConfig.DenyDelete	field	planned	present	present	lib/nats/io/jetstream/api.rb:370	deny_delete	
jetstream-types	jetstream.StreamConfig.DenyPurge	field	planned	present	present	lib/nats/io/jetstream/api.rb:371	deny_purge	
jetstream-types	jetstream.StreamConfig.Description	field	planned	present	present	lib/nats/io/jetstream/api.rb:352	description	
jetstream-types	jetstream.StreamConfig.Discard	field	planned	present	present	lib/nats/io/jetstream/api.rb:358	discard String	
jetstream-types	jetstream.StreamConfig.DiscardNewPerSubject	field	planned	present	present	lib/nats/io/jetstream/api.rb:388	discard_new_per_subject	
jetstream-types	jetstream.StreamConfig.Duplicates	field	planned	present	present	lib/nats/io/jetstream/api.rb:365	duplicate_window (ns Integer)	
jetstream-types	jetstream.StreamConfig.FirstSeq	field	planned	present	present	lib/nats/io/jetstream/api.rb:378	first_seq	
jetstream-types	jetstream.StreamConfig.MaxAge	field	planned	present	present	lib/nats/io/jetstream/api.rb:359	max_age (ns Integer)	
jetstream-types	jetstream.StreamConfig.MaxBytes	field	planned	present	present	lib/nats/io/jetstream/api.rb:357	max_bytes	
jetstream-types	jetstream.StreamConfig.MaxConsumers	field	planned	present	present	lib/nats/io/jetstream/api.rb:355	max_consumers	
jetstream-types	jetstream.StreamConfig.MaxMsgSize	field	planned	present	present	lib/nats/io/jetstream/api.rb:361	max_msg_size	
jetstream-types	jetstream.StreamConfig.MaxMsgs	field	planned	present	present	lib/nats/io/jetstream/api.rb:356	max_msgs	
jetstream-types	jetstream.StreamConfig.MaxMsgsPerSubject	field	planned	present	present	lib/nats/io/jetstream/api.rb:360	max_msgs_per_subject	
jetstream-types	jetstream.StreamConfig.Metadata	field	planned	present	present	lib/nats/io/jetstream/api.rb:376	metadata Hash	
jetstream-types	jetstream.StreamConfig.Mirror	field	planned	present	present	lib/nats/io/jetstream/api.rb:367	mirror Hash (StreamSource keys)	
jetstream-types	jetstream.StreamConfig.MirrorDirect	field	planned	present	present	lib/nats/io/jetstream/api.rb:375	mirror_direct	
jetstream-types	jetstream.StreamConfig.Name	field	planned	present	present	lib/nats/io/jetstream/api.rb:351	name (required, validated)	
jetstream-types	jetstream.StreamConfig.NoAck	field	planned	present	present	lib/nats/io/jetstream/api.rb:364	no_ack	
jetstream-types	jetstream.StreamConfig.PersistMode	field	planned	present	present	lib/nats/io/jetstream/api.rb:386	persist_mode String	
jetstream-types	jetstream.StreamConfig.Placement	field	planned	present	present	lib/nats/io/jetstream/api.rb:366	placement Hash	
jetstream-types	jetstream.StreamConfig.RePublish	field	planned	present	present	lib/nats/io/jetstream/api.rb:373	republish Hash	
jetstream-types	jetstream.StreamConfig.Replicas	field	planned	present	present	lib/nats/io/jetstream/api.rb:363	num_replicas	
jetstream-types	jetstream.StreamConfig.Retention	field	planned	present	present	lib/nats/io/jetstream/api.rb:354	retention String	
jetstream-types	jetstream.StreamConfig.Sealed	field	planned	present	present	lib/nats/io/jetstream/api.rb:369	sealed	
jetstream-types	jetstream.StreamConfig.Sources	field	planned	present	present	lib/nats/io/jetstream/api.rb:368	sources Array<Hash>	
jetstream-types	jetstream.StreamConfig.Storage	field	planned	present	present	lib/nats/io/jetstream/api.rb:362	storage String	
jetstream-types	jetstream.StreamConfig.SubjectDeleteMarkerTTL	field	planned	present	present	lib/nats/io/jetstream/api.rb:382	subject_delete_marker_ttl (ns Integer)	
jetstream-types	jetstream.StreamConfig.SubjectTransform	field	planned	present	present	lib/nats/io/jetstream/api.rb:379	subject_transform Hash {src:, dest:}	
jetstream-types	jetstream.StreamConfig.Subjects	field	planned	present	present	lib/nats/io/jetstream/api.rb:353	subjects	
jetstream-types	jetstream.StreamConfig.Template	field	planned	missing	present	lib/nats/io/jetstream/api.rb:719 template_owner	StreamConfig member; sent only when non-empty (v2.15.0 rejects the field)	1a99aff
jetstream-types	jetstream.StreamConsumerLimits	type	planned	present	present	lib/nats/io/jetstream/api.rb:380	consumer_limits Hash passed through	
jetstream-types	jetstream.StreamConsumerLimits.InactiveThreshold	field	planned	present	present	lib/nats/io/jetstream/api.rb:380	consumer_limits[:inactive_threshold] ns	
jetstream-types	jetstream.StreamConsumerLimits.MaxAckPending	field	planned	present	present	lib/nats/io/jetstream/api.rb:380	consumer_limits[:max_ack_pending]	
jetstream-types	jetstream.StreamConsumerManager	type	planned	partial	deliberate	lib/nats/io/jetstream.rb:691,712,724,736	Handles via create_or_update_consumer, *_push_consumer. CHANGELOG: "js.create_consumer, js.update_consumer and add_consumer still return ConsumerInfo"	58e47c2
jetstream-types	jetstream.StreamConsumerSource	type	planned	present	present	lib/nats/io/jetstream/api.rb:368	source[:consumer] Hash passed through (raw)	
jetstream-types	jetstream.StreamConsumerSource.DeliverSubject	field	planned	present	present	lib/nats/io/jetstream/api.rb:368	source[:consumer][:deliver_subject]	
jetstream-types	jetstream.StreamConsumerSource.Name	field	planned	present	present	lib/nats/io/jetstream/api.rb:368	source[:consumer][:name]	
jetstream-types	jetstream.StreamHeader	constant	planned	present	present	lib/nats/io/jetstream/header.rb:55	JetStream::Header::STREAM	
jetstream-types	jetstream.StreamInfo	type	planned	present	present	lib/nats/io/jetstream/api.rb:429	API::StreamInfo frozen Struct from stream_info	
jetstream-types	jetstream.StreamInfo.Cluster	field	planned	present	present	lib/nats/io/jetstream/api.rb:429	cluster raw Hash	
jetstream-types	jetstream.StreamInfo.Config	field	planned	present	present	lib/nats/io/jetstream/api.rb:429	config StreamConfig	
jetstream-types	jetstream.StreamInfo.Created	field	planned	present	present	lib/nats/io/jetstream/api.rb:429	created parsed Time	
jetstream-types	jetstream.StreamInfo.Mirror	field	planned	present	present	lib/nats/io/jetstream/api.rb:429	mirror raw Hash (StreamSourceInfo keys)	
jetstream-types	jetstream.StreamInfo.Sources	field	planned	present	present	lib/nats/io/jetstream/api.rb:429	sources Array of raw Hashes	
jetstream-types	jetstream.StreamInfo.State	field	planned	present	present	lib/nats/io/jetstream/api.rb:429	state StreamState	
jetstream-types	jetstream.StreamInfo.TimeStamp	field	planned	present	present	lib/nats/io/jetstream/api.rb:429	ts parsed Time	
jetstream-types	jetstream.StreamInfoLister	type	planned	missing	present	lib/nats/io/jetstream/manager.rb:239 streams	jsm.streams(subject:) returns Array<StreamInfo>, all pages	a2d1f0c
jetstream-types	jetstream.StreamInfoOpt	type	planned	missing	present	lib/nats/io/jetstream/manager.rb:96 stream_info	subjects_filter: (paged) and deleted_details:	e992b96
jetstream-types	jetstream.StreamListOpt	type	planned	missing	present	lib/nats/io/jetstream/manager.rb:227	subject: on stream_names/streams (WithStreamListSubject)	a2d1f0c
jetstream-types	jetstream.StreamManager	type	planned	partial	present	lib/nats/io/jetstream/manager.rb:63-438	add/update/create_or_update/delete/purge stream, stream_names, streams, js.stream handle; create returns response not handle	adba5b9
jetstream-types	jetstream.StreamNameLister	type	planned	missing	present	lib/nats/io/jetstream/manager.rb:227 stream_names	returns Array<String>, all pages	a2d1f0c
jetstream-types	jetstream.StreamPurgeRequest	type	planned	missing	present	lib/nats/io/jetstream/manager.rb:185 purge_stream	subject:, seq:, keep: options; returns StreamPurgeResponse	de10daf
jetstream-types	jetstream.StreamPurgeRequest.Keep	field	planned	missing	present	lib/nats/io/jetstream/manager.rb:185	keep: (exclusive with seq:)	de10daf
jetstream-types	jetstream.StreamPurgeRequest.Sequence	field	planned	missing	present	lib/nats/io/jetstream/manager.rb:185	seq:	de10daf
jetstream-types	jetstream.StreamPurgeRequest.Subject	field	planned	missing	present	lib/nats/io/jetstream/manager.rb:185	subject: sent as filter	de10daf
jetstream-types	jetstream.StreamSource	type	planned	present	present	lib/nats/io/jetstream/api.rb:368	source Hash passed through (raw keys)	
jetstream-types	jetstream.StreamSource.Consumer	field	planned	present	present	lib/nats/io/jetstream/api.rb:368	[:consumer] Hash	
jetstream-types	jetstream.StreamSource.Domain	field	planned	partial	present	lib/nats/io/jetstream/manager.rb:717 source_domain	mirror/sources domain: sent as external api $JS.<d>.API; spec/js_source_domain_spec.rb	c3fd55a
jetstream-types	jetstream.StreamSource.External	field	planned	present	present	lib/nats/io/jetstream/api.rb:368	[:external] Hash	
jetstream-types	jetstream.StreamSource.FilterSubject	field	planned	present	present	lib/nats/io/jetstream/api.rb:368	[:filter_subject]	
jetstream-types	jetstream.StreamSource.Name	field	planned	present	present	lib/nats/io/jetstream/api.rb:368	[:name]	
jetstream-types	jetstream.StreamSource.OptStartSeq	field	planned	present	present	lib/nats/io/jetstream/api.rb:368	[:opt_start_seq]	
jetstream-types	jetstream.StreamSource.OptStartTime	field	planned	partial	present	lib/nats/io/jetstream/api.rb:741 StreamSource#start_time (749)	fetched mirror/sources are StreamSource Hashes; start_time parses opt_start_time; the String is kept	0da9d03
jetstream-types	jetstream.StreamSource.SubjectTransforms	field	planned	present	present	lib/nats/io/jetstream/api.rb:368	[:subject_transforms] Array of {src:, dest:}	
jetstream-types	jetstream.StreamSourceInfo	type	planned	present	present	lib/nats/io/jetstream/api.rb:429 mirror/sources	raw Hash	
jetstream-types	jetstream.StreamSourceInfo.Active	field	planned	present	present	lib/nats/io/jetstream/api.rb:429 mirror/sources	[:active] raw Hash key (ns Integer)	
jetstream-types	jetstream.StreamSourceInfo.FilterSubject	field	planned	present	present	lib/nats/io/jetstream/api.rb:429 mirror/sources	[:filter_subject] raw Hash key	
jetstream-types	jetstream.StreamSourceInfo.Lag	field	planned	present	present	lib/nats/io/jetstream/api.rb:429 mirror/sources	[:lag] raw Hash key	
jetstream-types	jetstream.StreamSourceInfo.Name	field	planned	present	present	lib/nats/io/jetstream/api.rb:429 mirror/sources	[:name] raw Hash key	
jetstream-types	jetstream.StreamSourceInfo.Seq	field	planned	present	present	lib/nats/io/jetstream/api.rb:429 mirror/sources	[:seq] raw Hash key	
jetstream-types	jetstream.StreamSourceInfo.SubjectTransforms	field	planned	present	present	lib/nats/io/jetstream/api.rb:429 mirror/sources	[:subject_transforms] raw Hash key	
jetstream-types	jetstream.StreamState	type	planned	partial	present	lib/nats/io/jetstream/api.rb:742 StreamState	now has deleted,num_deleted,num_subjects,subjects,lost; times via first_time/last_time	e992b96
jetstream-types	jetstream.StreamState.Bytes	field	planned	present	present	lib/nats/io/jetstream/api.rb:458	bytes	
jetstream-types	jetstream.StreamState.Consumers	field	planned	present	present	lib/nats/io/jetstream/api.rb:458	consumer_count	
jetstream-types	jetstream.StreamState.Deleted	field	planned	missing	present	lib/nats/io/jetstream/api.rb:744	state.deleted with stream_info(deleted_details: true)	e992b96
jetstream-types	jetstream.StreamState.FirstSeq	field	planned	present	present	lib/nats/io/jetstream/api.rb:458	first_seq	
jetstream-types	jetstream.StreamState.FirstTime	field	planned	partial	deliberate	lib/nats/io/jetstream/api.rb:757 StreamState#first_time	first_ts stays String; first_time returns Time. CHANGELOG: "The times that stay RFC 3339 Strings have readers returning a `Time`"	49f525b
jetstream-types	jetstream.StreamState.LastSeq	field	planned	present	present	lib/nats/io/jetstream/api.rb:458	last_seq	
jetstream-types	jetstream.StreamState.LastTime	field	planned	partial	deliberate	lib/nats/io/jetstream/api.rb:763 StreamState#last_time	last_ts stays String; last_time returns Time. CHANGELOG: "The times that stay RFC 3339 Strings have readers returning a `Time`"	49f525b
jetstream-types	jetstream.StreamState.Msgs	field	planned	present	present	lib/nats/io/jetstream/api.rb:458	messages	
jetstream-types	jetstream.StreamState.NumDeleted	field	planned	missing	present	lib/nats/io/jetstream/api.rb:744	num_deleted decoded	e992b96
jetstream-types	jetstream.StreamState.NumSubjects	field	planned	missing	present	lib/nats/io/jetstream/api.rb:744	num_subjects decoded	e992b96
jetstream-types	jetstream.StreamState.Subjects	field	planned	missing	present	lib/nats/io/jetstream/api.rb:744	state.subjects Hash via stream_info(subjects_filter:), all pages	e992b96
jetstream-types	jetstream.SubjectHeader	constant	planned	present	present	lib/nats/io/jetstream/header.rb:57	JetStream::Header::SUBJECT	
jetstream-types	jetstream.SubjectTransformConfig	type	planned	present	present	lib/nats/io/jetstream/api.rb:379	{src:, dest:} Hash (subject_transform / subject_transforms)	
jetstream-types	jetstream.SubjectTransformConfig.Destination	field	planned	present	present	lib/nats/io/jetstream/api.rb:379	[:dest]	
jetstream-types	jetstream.SubjectTransformConfig.Source	field	planned	present	present	lib/nats/io/jetstream/api.rb:379	[:src]	
jetstream-types	jetstream.Tier	type	planned	present	present	lib/nats/io/jetstream/manager.rb:336 account_info	raw Hash (top-level or info[:tiers][name])	
jetstream-types	jetstream.Tier.Consumers	field	planned	present	present	lib/nats/io/jetstream/manager.rb:336 account_info	[:consumers] raw Hash key	
jetstream-types	jetstream.Tier.Limits	field	planned	present	present	lib/nats/io/jetstream/manager.rb:336 account_info	[:limits] raw Hash key	
jetstream-types	jetstream.Tier.Memory	field	planned	present	present	lib/nats/io/jetstream/manager.rb:336 account_info	[:memory] raw Hash key	
jetstream-types	jetstream.Tier.ReservedMemory	field	planned	present	present	lib/nats/io/jetstream/manager.rb:336 account_info	[:reserved_memory] raw Hash key	
jetstream-types	jetstream.Tier.ReservedStore	field	planned	present	present	lib/nats/io/jetstream/manager.rb:336 account_info	[:reserved_storage] raw Hash key	
jetstream-types	jetstream.Tier.Store	field	planned	present	present	lib/nats/io/jetstream/manager.rb:336 account_info	[:storage] raw Hash key	
jetstream-types	jetstream.Tier.Streams	field	planned	present	present	lib/nats/io/jetstream/manager.rb:336 account_info	[:streams] raw Hash key	
jetstream-types	jetstream.TimeStampHeaer	constant	planned	present	present	lib/nats/io/jetstream/header.rb:61	JetStream::Header::TIME_STAMP	
jetstream-types	jetstream.WorkQueuePolicy	constant	planned	present	present	lib/nats/io/jetstream/api.rb:354 retention	String "workqueue"; no constant	
kv-objectstore	jetstream.AllKeys	constant	implemented	partial	present	lib/nats/io/kv.rb:46	NATS::KeyValue::ALL_KEYS = ">"; used by watchall	debc96d
kv-objectstore	jetstream.DecodeObjectDigest	function	implemented	missing	present	lib/nats/io/object_store.rb:61	ObjectStore.decode_digest; raises InvalidDigestFormatError; spec object_store_spec digests	f2f8f1f
kv-objectstore	jetstream.ErrBadBucket	error	implemented	present	present	lib/nats/io/kv/errors.rb:50 BadBucketError	raised by key_value when max_msgs_per_subject < 1	
kv-objectstore	jetstream.ErrBadObjectMeta	error	implemented	missing	present	lib/nats/io/object_store/errors.rb:51	ObjectStore::BadObjectMetaError, raised by put/get_info for nameless/unparsable meta	f2f8f1f
kv-objectstore	jetstream.ErrBucketExists	error	implemented	missing	present	lib/nats/io/kv/errors.rb:117	KeyValue::BucketExistsError (a StreamNameAlreadyInUse) from create_key_value; ObjectStore::BucketExistsError at lib/nats/io/object_store/errors.rb:46	de7f79e
kv-objectstore	jetstream.ErrBucketMalformed	error	implemented	missing	present	lib/nats/io/object_store/errors.rb:116	ObjectStore::BucketMalformedError raised by add_bucket_link for a non-ObjectStore, as in nats.go (Obj-only error)	f2f8f1f
kv-objectstore	jetstream.ErrBucketNotFound	error	implemented	present	present	lib/nats/io/kv/errors.rb:47 BucketNotFoundError	raised by key_value; delete_key_value raises JetStream NotFound instead	
kv-objectstore	jetstream.ErrBucketRequired	error	implemented	missing	present	lib/nats/io/kv/errors.rb:99	KeyValue::BucketRequiredError for nil/empty names (validate_bucket_name kv.rb:66); ObjectStore::BucketRequiredError lib/nats/io/object_store/errors.rb:111	de7f79e
kv-objectstore	jetstream.ErrCantGetBucket	error	implemented	missing	present	lib/nats/io/object_store/errors.rb:106	CantGetBucketError raised by get of a bucket link (lib/nats/io/object_store.rb:178)	f2f8f1f
kv-objectstore	jetstream.ErrInvalidBucketName	error	implemented	missing	present	lib/nats/io/kv/errors.rb:91	InvalidBucketNameError (ArgumentError), VALID_BUCKET_RE now enforced in create/update/key_value/delete_key_value	de7f79e
kv-objectstore	jetstream.ErrInvalidKey	error	implemented	partial	present	lib/nats/io/kv/errors.rb:145 InvalidKeyError; kv.rb:126,144	keys validated by default (keyValid/searchKeyValid) on get/put/create/update/delete/purge/watch; validate_keys: false opts out	475e9ce
kv-objectstore	jetstream.ErrKeyDeleted	error	implemented	present	present	lib/nats/io/kv/errors.rb:40 KeyDeletedError	subclass of KeyNotFoundError; get maps it to KeyNotFoundError like Go	
kv-objectstore	jetstream.ErrKeyExists	error	implemented	partial	present	lib/nats/io/kv/errors.rb:76	KeyExistsError < KeyWrongLastSequenceError, raised by create of an existing key (kv.rb:212)	de7f79e
kv-objectstore	jetstream.ErrKeyNotFound	error	implemented	present	present	lib/nats/io/kv/errors.rb:24 KeyNotFoundError		
kv-objectstore	jetstream.ErrKeyRevisionMismatch	error	implemented	present	present	lib/nats/io/kv/errors.rb:53 KeyWrongLastSequenceError	raised by update on err_code 10071 (wrong last sequence)	
kv-objectstore	jetstream.ErrKeyValueConfigRequired	error	implemented	missing	present	lib/nats/io/kv/errors.rb:107	KeyValueConfigRequiredError raised for nil config (manager.rb:127)	de7f79e
kv-objectstore	jetstream.ErrLinkNotAllowed	error	implemented	missing	present	lib/nats/io/object_store/errors.rb:86	LinkNotAllowedError raised by put when options.link is set	f2f8f1f
kv-objectstore	jetstream.ErrNoKeysFound	error	implemented	present	present	lib/nats/io/kv/errors.rb:64 NoKeysFoundError	raised lazily by keys/history enumerators	
kv-objectstore	jetstream.ErrNoLinkToDeleted	error	implemented	missing	present	lib/nats/io/object_store/errors.rb:96	NoLinkToDeletedError raised by add_link	f2f8f1f
kv-objectstore	jetstream.ErrNoLinkToLink	error	implemented	missing	present	lib/nats/io/object_store/errors.rb:101	NoLinkToLinkError raised by add_link	f2f8f1f
kv-objectstore	jetstream.ErrNoObjectsFound	error	implemented	missing	present	lib/nats/io/object_store/errors.rb:71	NoObjectsFoundError raised by list when empty	f2f8f1f
kv-objectstore	jetstream.ErrObjectAlreadyExists	error	implemented	missing	present	lib/nats/io/object_store/errors.rb:76	ObjectAlreadyExistsError from update_meta rename and add_link/add_bucket_link over an object	f2f8f1f
kv-objectstore	jetstream.ErrObjectConfigRequired	error	implemented	missing	present	lib/nats/io/object_store/errors.rb:31	ObjectConfigRequiredError for nil config (manager.rb:121)	f2f8f1f
kv-objectstore	jetstream.ErrObjectNotFound	error	implemented	missing	present	lib/nats/io/object_store/errors.rb:56	ObjectNotFoundError from get_info/get/delete	f2f8f1f
kv-objectstore	jetstream.ErrObjectRequired	error	implemented	missing	present	lib/nats/io/object_store/errors.rb:91	ObjectRequiredError raised by add_link	f2f8f1f
kv-objectstore	jetstream.ErrUpdateMetaDeleted	error	implemented	missing	present	lib/nats/io/object_store/errors.rb:121	UpdateMetaDeletedError raised by update_meta of a missing/deleted object	f2f8f1f
kv-objectstore	jetstream.GetObjectDigestValue	function	implemented	missing	present	lib/nats/io/object_store.rb:51	ObjectStore.digest_value(data or Digest::SHA256)	f2f8f1f
kv-objectstore	jetstream.GetObjectInfoOpt	type	planned	n/a	n/a	-	Go functional-option type; Ruby uses params hashes; NQ Ruby does not expose it	
kv-objectstore	jetstream.GetObjectInfoShowDeleted	constructor	implemented	missing	present	lib/nats/io/object_store.rb:230	get_info(name, show_deleted: true)	f2f8f1f
kv-objectstore	jetstream.GetObjectOpt	type	planned	n/a	n/a	-	Go functional-option type; Ruby uses params hashes; NQ Ruby does not expose it	
kv-objectstore	jetstream.GetObjectShowDeleted	constructor	implemented	missing	present	lib/nats/io/object_store.rb:172	get(name, show_deleted: true)	f2f8f1f
kv-objectstore	jetstream.IgnoreDeletes	constructor	implemented	present	present	lib/nats/io/kv.rb:265 watch(ignore_deletes:)	params[:ignore_deletes]	
kv-objectstore	jetstream.KVCreateOpt	type	planned	n/a	n/a	-	Go functional-option type; Ruby uses params hashes; NQ Ruby does not expose it	
kv-objectstore	jetstream.KVDeleteOpt	type	planned	n/a	n/a	-	Go functional-option type; Ruby uses params hashes; NQ Ruby does not expose it	
kv-objectstore	jetstream.KVPurgeOpt	type	planned	n/a	n/a	-	Go functional-option type; Ruby uses params hashes; NQ Ruby does not expose it	
kv-objectstore	jetstream.KeyLister	type	planned	partial	present	lib/nats/io/kv.rb:694	NATS::KeyLister (Enumerable) returned by list_keys/list_keys_filtered; spec kv_list_keys_spec	e2b7d39
kv-objectstore	jetstream.KeyLister.Keys	method	implemented	present	present	lib/nats/io/kv.rb:218 keys	Enumerator yields keys as they arrive	
kv-objectstore	jetstream.KeyLister.Stop	method	implemented	partial	present	lib/nats/io/kv.rb:726	KeyLister#stop, callable from any thread; leaving each early also stops the watcher	e2b7d39
kv-objectstore	jetstream.KeyTTL	constructor	implemented	missing	present	lib/nats/io/kv.rb:189	kv.create(key, value, ttl: secs|:never); bucket needs limit_marker_ttl; spec kv_ttl_spec	e48cc91
kv-objectstore	jetstream.KeyValue	type	planned	present	present	lib/nats/io/kv.rb:23 NATS::KeyValue		
kv-objectstore	jetstream.KeyValue.Bucket	method	implemented	missing	present	lib/nats/io/kv.rb:115	kv.bucket	2d3ab22
kv-objectstore	jetstream.KeyValue.Create	method	implemented	partial	present	lib/nats/io/kv.rb:189	create(key, value, ttl:) raises KeyExistsError on existing key; recreates deleted keys	de7f79e
kv-objectstore	jetstream.KeyValue.Delete	method	implemented	present	present	lib/nats/io/kv.rb:173 delete	last: param = LastRevision	
kv-objectstore	jetstream.KeyValue.Get	method	implemented	partial	present	lib/nats/io/kv.rb:125	Entry now has created (msg.time) and operation PUT, Integer revision also with direct get; delta nil (Go 0)	debc96d
kv-objectstore	jetstream.KeyValue.GetRevision	method	implemented	present	present	lib/nats/io/kv.rb:60 get(key, revision:)		
kv-objectstore	jetstream.KeyValue.History	method	implemented	present	present	lib/nats/io/kv.rb:237 history	returns Enumerator of entries	
kv-objectstore	jetstream.KeyValue.Keys	method	implemented	present	present	lib/nats/io/kv.rb:218 keys	returns Enumerator rather than array	
kv-objectstore	jetstream.KeyValue.ListKeys	method	implemented	partial	present	lib/nats/io/kv.rb:414	list_keys returns KeyLister, empty (no raise) for empty bucket	e2b7d39
kv-objectstore	jetstream.KeyValue.ListKeysFiltered	method	implemented	partial	present	lib/nats/io/kv.rb:425	list_keys_filtered(*filters); keys now honors filters too	e2b7d39
kv-objectstore	jetstream.KeyValue.Purge	method	implemented	partial	present	lib/nats/io/kv.rb:285	purge(key, ttl:, last:) -> KeyRevisionMismatchError on mismatch; returns PubAck (Go returns only error)	b0621c8
kv-objectstore	jetstream.KeyValue.PurgeDeletes	method	implemented	missing	present	lib/nats/io/kv.rb:320	purge_deletes(older_than:) like DeleteMarkersOlderThan; spec kv_purge_deletes_spec	0ebc710
kv-objectstore	jetstream.KeyValue.Put	method	implemented	present	present	lib/nats/io/kv.rb:111 put		
kv-objectstore	jetstream.KeyValue.PutString	method	implemented	present	present	lib/nats/io/kv.rb:111 put	Ruby strings are byte strings; put covers it	
kv-objectstore	jetstream.KeyValue.Status	method	implemented	present	present	lib/nats/io/kv.rb:198 status	returns KeyValue::BucketStatus	
kv-objectstore	jetstream.KeyValue.Update	method	implemented	present	present	lib/nats/io/kv.rb:152 update(key, value, last:)		
kv-objectstore	jetstream.KeyValue.Watch	method	implemented	present	present	lib/nats/io/kv.rb:265 watch	supports include_history/ignore_deletes/meta_only; no resume_from_revision/updates_only	
kv-objectstore	jetstream.KeyValue.WatchAll	method	implemented	present	present	lib/nats/io/kv.rb:212 watchall		
kv-objectstore	jetstream.KeyValue.WatchFiltered	method	implemented	present	present	lib/nats/io/kv.rb:265 watch(Array)	keys Array -> filter_subjects (nats-server 2.10+)	
kv-objectstore	jetstream.KeyValueBucketStatus	type	planned	present	present	lib/nats/io/kv/bucket_status.rb:19 KeyValue::BucketStatus		
kv-objectstore	jetstream.KeyValueBucketStatus.BackingStore	method	implemented	missing	present	lib/nats/io/kv/bucket_status.rb:40	backing_store -> "JetStream"	2d3ab22
kv-objectstore	jetstream.KeyValueBucketStatus.Bucket	method	implemented	present	present	lib/nats/io/kv/bucket_status.rb:20 bucket		
kv-objectstore	jetstream.KeyValueBucketStatus.Bytes	method	implemented	partial	present	lib/nats/io/kv/bucket_status.rb:33	bytes -> stream_info.state.bytes	2d3ab22
kv-objectstore	jetstream.KeyValueBucketStatus.Config	method	implemented	partial	present	lib/nats/io/kv/bucket_status.rb:74	config rebuilds a KeyValueConfig from the stream config; spec kv_status_spec	2d3ab22
kv-objectstore	jetstream.KeyValueBucketStatus.History	method	implemented	present	present	lib/nats/io/kv/bucket_status.rb:31 history		
kv-objectstore	jetstream.KeyValueBucketStatus.IsCompressed	method	implemented	present	present	lib/nats/io/kv/bucket_status.rb:40 compressed?		
kv-objectstore	jetstream.KeyValueBucketStatus.LimitMarkerTTL	method	implemented	partial	present	lib/nats/io/kv/bucket_status.rb:60	limit_marker_ttl in seconds, 0 when unset	e48cc91
kv-objectstore	jetstream.KeyValueBucketStatus.Metadata	method	implemented	present	present	lib/nats/io/kv/bucket_status.rb:47 metadata		
kv-objectstore	jetstream.KeyValueBucketStatus.StreamInfo	method	implemented	present	present	lib/nats/io/kv/bucket_status.rb:20 stream_info		
kv-objectstore	jetstream.KeyValueBucketStatus.TTL	method	implemented	present	present	lib/nats/io/kv/bucket_status.rb:35 ttl	seconds (Integer)	
kv-objectstore	jetstream.KeyValueBucketStatus.Values	method	implemented	present	present	lib/nats/io/kv/bucket_status.rb:27 values		
kv-objectstore	jetstream.KeyValueConfig	type	planned	present	present	lib/nats/io/kv/api.rb:20 KeyValue::API::KeyValueConfig	Struct; also accepts Hash/String	
kv-objectstore	jetstream.KeyValueConfig.Bucket	field	planned	present	present	lib/nats/io/kv/api.rb:20 :bucket		
kv-objectstore	jetstream.KeyValueConfig.Compression	field	planned	present	present	lib/nats/io/kv/api.rb:20 :compression	boolean -> s2	
kv-objectstore	jetstream.KeyValueConfig.Description	field	planned	present	present	lib/nats/io/kv/api.rb:20 :description		
kv-objectstore	jetstream.KeyValueConfig.History	field	planned	present	present	lib/nats/io/kv/api.rb:20 :history	max 64 enforced	
kv-objectstore	jetstream.KeyValueConfig.LimitMarkerTTL	field	planned	missing	present	lib/nats/io/kv/api.rb:40	limit_marker_ttl (secs) -> allow_msg_ttl + subject_delete_marker_ttl; checks API level	e48cc91
kv-objectstore	jetstream.KeyValueConfig.MaxBytes	field	planned	present	present	lib/nats/io/kv/api.rb:20 :max_bytes		
kv-objectstore	jetstream.KeyValueConfig.MaxValueSize	field	planned	present	present	lib/nats/io/kv/api.rb:20 :max_value_size	-> max_msg_size	
kv-objectstore	jetstream.KeyValueConfig.Metadata	field	planned	present	present	lib/nats/io/kv/api.rb:20 :metadata		
kv-objectstore	jetstream.KeyValueConfig.Mirror	field	planned	missing	present	lib/nats/io/kv/api.rb:46	mirror: {name:, domain:} with mirror_direct, writes to origin; spec kv_mirror_spec	c240a2f
kv-objectstore	jetstream.KeyValueConfig.Placement	field	planned	partial	present	lib/nats/io/kv/api.rb:30	placement now passed to StreamConfig (manager.rb:197); spec kv_placement_spec	c1a6e18
kv-objectstore	jetstream.KeyValueConfig.RePublish	field	planned	present	present	lib/nats/io/kv/api.rb:20 :republish	republish member, passed through	
kv-objectstore	jetstream.KeyValueConfig.Replicas	field	planned	present	present	lib/nats/io/kv/api.rb:20 :replicas		
kv-objectstore	jetstream.KeyValueConfig.Sources	field	planned	missing	present	lib/nats/io/kv/api.rb:51	sources: [{name:}] with $KV subject transforms; spec kv_mirror_spec	c240a2f
kv-objectstore	jetstream.KeyValueConfig.Storage	field	planned	present	present	lib/nats/io/kv/api.rb:20 :storage	passed through as string	
kv-objectstore	jetstream.KeyValueConfig.TTL	field	planned	present	present	lib/nats/io/kv/api.rb:20 :ttl	seconds	
kv-objectstore	jetstream.KeyValueDelete	constant	implemented	present	present	lib/nats/io/kv.rb:27 KV_DEL	"DEL" string used as Entry#operation	
kv-objectstore	jetstream.KeyValueEntry	type	planned	present	present	lib/nats/io/kv.rb:203 KeyValue::Entry	Struct	
kv-objectstore	jetstream.KeyValueEntry.Bucket	method	implemented	present	present	lib/nats/io/kv.rb:203 :bucket		
kv-objectstore	jetstream.KeyValueEntry.Created	method	implemented	partial	present	lib/nats/io/kv.rb:366	Entry#created set by get (msg.time) and watch (meta.timestamp)	debc96d
kv-objectstore	jetstream.KeyValueEntry.Delta	method	implemented	present	present	lib/nats/io/kv.rb:203 :delta	nil from get (Go 0)	
kv-objectstore	jetstream.KeyValueEntry.Key	method	implemented	present	present	lib/nats/io/kv.rb:203 :key		
kv-objectstore	jetstream.KeyValueEntry.Operation	method	implemented	partial	present	lib/nats/io/kv.rb:366	Entry#operation always set: "PUT"/"DEL"/"PURGE", incl. server TTL markers	debc96d
kv-objectstore	jetstream.KeyValueEntry.Revision	method	implemented	present	present	lib/nats/io/kv.rb:203 :revision		
kv-objectstore	jetstream.KeyValueEntry.Value	method	implemented	present	present	lib/nats/io/kv.rb:203 :value		
kv-objectstore	jetstream.KeyValueLister	type	planned	missing	present	lib/nats/io/kv/manager.rb:105	js.key_value_stores returns an eager Array<BucketStatus> instead of a channel lister	d3d0fb9
kv-objectstore	jetstream.KeyValueLister.Error	method	implemented	missing	n/a	-	channel-lister error accessor; Ruby raises from key_value_stores	d3d0fb9
kv-objectstore	jetstream.KeyValueLister.Status	method	implemented	missing	present	lib/nats/io/kv/manager.rb:105	key_value_stores yields BucketStatus per bucket (paged STREAM.LIST, $KV.*.> filter)	d3d0fb9
kv-objectstore	jetstream.KeyValueManager	type	planned	present	present	lib/nats/io/kv/manager.rb:19 KeyValue::Manager	mixed into JetStream	
kv-objectstore	jetstream.KeyValueManager.CreateKeyValue	method	implemented	present	present	lib/nats/io/kv/manager.rb:41 create_key_value		
kv-objectstore	jetstream.KeyValueManager.CreateOrUpdateKeyValue	method	implemented	missing	present	lib/nats/io/kv/manager.rb:82	js.create_or_update_key_value(config); spec kv_management_spec	d3d0fb9
kv-objectstore	jetstream.KeyValueManager.DeleteKeyValue	method	implemented	present	present	lib/nats/io/kv/manager.rb:99 delete_key_value	missing bucket raises JetStream NotFound, not BucketNotFoundError	
kv-objectstore	jetstream.KeyValueManager.KeyValue	method	implemented	present	present	lib/nats/io/kv/manager.rb:20 key_value		
kv-objectstore	jetstream.KeyValueManager.KeyValueStoreNames	method	implemented	missing	present	lib/nats/io/kv/manager.rb:96	js.key_value_store_names -> Array<String>	d3d0fb9
kv-objectstore	jetstream.KeyValueManager.KeyValueStores	method	implemented	missing	present	lib/nats/io/kv/manager.rb:105	js.key_value_stores -> Array<BucketStatus>	d3d0fb9
kv-objectstore	jetstream.KeyValueManager.UpdateKeyValue	method	implemented	missing	present	lib/nats/io/kv/manager.rb:67	js.update_key_value(config); BucketNotFoundError when missing	d3d0fb9
kv-objectstore	jetstream.KeyValueMaxHistory	constant	implemented	partial	present	lib/nats/io/kv.rb:49	NATS::KeyValue::KEY_VALUE_MAX_HISTORY = 64	debc96d
kv-objectstore	jetstream.KeyValueNamesLister	type	planned	missing	present	lib/nats/io/kv/manager.rb:96	key_value_store_names returns an eager Array<String> instead of a channel lister	d3d0fb9
kv-objectstore	jetstream.KeyValueNamesLister.Error	method	implemented	missing	n/a	-	channel-lister error accessor; Ruby raises from key_value_store_names	d3d0fb9
kv-objectstore	jetstream.KeyValueNamesLister.Name	method	implemented	missing	present	lib/nats/io/kv/manager.rb:96	key_value_store_names elements	d3d0fb9
kv-objectstore	jetstream.KeyValueOp	type	implemented	partial	present	lib/nats/io/kv.rb:36	NATS::KeyValue::Operation module of String constants PUT/DELETE/PURGE	debc96d
kv-objectstore	jetstream.KeyValueOp.String	method	implemented	partial	n/a	-	ops are plain Strings in Ruby ("PUT"/"DEL"/"PURGE"); Go String() names have no counterpart	
kv-objectstore	jetstream.KeyValuePurge	constant	implemented	present	present	lib/nats/io/kv.rb:28 KV_PURGE	"PURGE" string used as Entry#operation	
kv-objectstore	jetstream.KeyValuePut	constant	implemented	missing	present	lib/nats/io/kv.rb:38	KeyValue::Operation::PUT = KV_PUT = "PUT"; put entries carry it	debc96d
kv-objectstore	jetstream.KeyValueStatus	type	planned	present	present	lib/nats/io/kv/bucket_status.rb:19 KeyValue::BucketStatus		
kv-objectstore	jetstream.KeyValueStatus.BackingStore	method	implemented	missing	present	lib/nats/io/kv/bucket_status.rb:40	same BucketStatus#backing_store	2d3ab22
kv-objectstore	jetstream.KeyValueStatus.Bucket	method	implemented	present	present	lib/nats/io/kv/bucket_status.rb:20 bucket		
kv-objectstore	jetstream.KeyValueStatus.Bytes	method	implemented	partial	present	lib/nats/io/kv/bucket_status.rb:33	same BucketStatus#bytes	2d3ab22
kv-objectstore	jetstream.KeyValueStatus.Config	method	implemented	partial	present	lib/nats/io/kv/bucket_status.rb:74	same BucketStatus#config	2d3ab22
kv-objectstore	jetstream.KeyValueStatus.History	method	implemented	present	present	lib/nats/io/kv/bucket_status.rb:31 history		
kv-objectstore	jetstream.KeyValueStatus.IsCompressed	method	implemented	present	present	lib/nats/io/kv/bucket_status.rb:40 compressed?		
kv-objectstore	jetstream.KeyValueStatus.LimitMarkerTTL	method	implemented	partial	present	lib/nats/io/kv/bucket_status.rb:60	same BucketStatus#limit_marker_ttl	e48cc91
kv-objectstore	jetstream.KeyValueStatus.Metadata	method	implemented	present	present	lib/nats/io/kv/bucket_status.rb:47 metadata		
kv-objectstore	jetstream.KeyValueStatus.TTL	method	implemented	present	present	lib/nats/io/kv/bucket_status.rb:35 ttl	seconds (Integer)	
kv-objectstore	jetstream.KeyValueStatus.Values	method	implemented	present	present	lib/nats/io/kv/bucket_status.rb:27 values		
kv-objectstore	jetstream.KeyWatcher	type	planned	present	present	lib/nats/io/kv.rb:470 KeyWatcher	Enumerable	
kv-objectstore	jetstream.KeyWatcher.Stop	method	implemented	present	present	lib/nats/io/kv.rb:494 stop		
kv-objectstore	jetstream.KeyWatcher.Updates	method	implemented	present	present	lib/nats/io/kv.rb:499 updates(timeout:)	also each/take	
kv-objectstore	jetstream.ListObjectsOpt	type	planned	n/a	n/a	-	Go functional-option type; Ruby uses params hashes; NQ Ruby does not expose it	
kv-objectstore	jetstream.ListObjectsShowDeleted	constructor	implemented	missing	present	lib/nats/io/object_store.rb:358	list(show_deleted: true)	f2f8f1f
kv-objectstore	jetstream.MetaOnly	constructor	implemented	present	present	lib/nats/io/kv.rb:265 watch(meta_only:)	KV meta_only; no Object Store variant	
kv-objectstore	jetstream.MigrationStatusMeta	constant	planned	missing	present	lib/nats/io/jetstream/api.rb:130 MigrationStatus::META	all 7 MigrationStatusType values; DesiredClusterInfo#status (api.rb:101) returns DesiredClusterInfoStatus	c6d35de
kv-objectstore	jetstream.MsgMetadata	type	planned	present	present	lib/nats/io/jetstream/msg/metadata.rb:22 JetStream::Msg::Metadata	msg.metadata	
kv-objectstore	jetstream.MsgMetadata.Consumer	field	planned	present	present	lib/nats/io/jetstream/msg/metadata.rb:23 consumer		
kv-objectstore	jetstream.MsgMetadata.Domain	field	planned	present	present	lib/nats/io/jetstream/msg/metadata.rb:23 domain		
kv-objectstore	jetstream.MsgMetadata.NumDelivered	field	planned	present	present	lib/nats/io/jetstream/msg/metadata.rb:23 num_delivered		
kv-objectstore	jetstream.MsgMetadata.NumPending	field	planned	present	present	lib/nats/io/jetstream/msg/metadata.rb:23 num_pending		
kv-objectstore	jetstream.MsgMetadata.Sequence	field	planned	present	present	lib/nats/io/jetstream/msg/metadata.rb:23 sequence		
kv-objectstore	jetstream.MsgMetadata.Stream	field	planned	present	present	lib/nats/io/jetstream/msg/metadata.rb:23 stream		
kv-objectstore	jetstream.MsgMetadata.Timestamp	field	planned	present	present	lib/nats/io/jetstream/msg/metadata.rb:23 timestamp		
kv-objectstore	jetstream.ObjectBucketStatus	type	planned	missing	present	lib/nats/io/object_store/bucket_status.rb:20	ObjectStore::BucketStatus	f2f8f1f
kv-objectstore	jetstream.ObjectBucketStatus.BackingStore	method	implemented	missing	present	lib/nats/io/object_store/bucket_status.rb:55	BucketStatus#backing_store	f2f8f1f
kv-objectstore	jetstream.ObjectBucketStatus.Bucket	method	implemented	missing	present	lib/nats/io/object_store/bucket_status.rb:21	BucketStatus#bucket	f2f8f1f
kv-objectstore	jetstream.ObjectBucketStatus.Description	method	implemented	missing	present	lib/nats/io/object_store/bucket_status.rb:28	BucketStatus#description	f2f8f1f
kv-objectstore	jetstream.ObjectBucketStatus.IsCompressed	method	implemented	missing	present	lib/nats/io/object_store/bucket_status.rb:63	BucketStatus#compressed?	f2f8f1f
kv-objectstore	jetstream.ObjectBucketStatus.Metadata	method	implemented	missing	present	lib/nats/io/object_store/bucket_status.rb:59	BucketStatus#metadata	f2f8f1f
kv-objectstore	jetstream.ObjectBucketStatus.Replicas	method	implemented	missing	present	lib/nats/io/object_store/bucket_status.rb:41	BucketStatus#replicas	f2f8f1f
kv-objectstore	jetstream.ObjectBucketStatus.Sealed	method	implemented	missing	present	lib/nats/io/object_store/bucket_status.rb:46	BucketStatus#sealed?	f2f8f1f
kv-objectstore	jetstream.ObjectBucketStatus.Size	method	implemented	missing	present	lib/nats/io/object_store/bucket_status.rb:51	BucketStatus#size (state.bytes)	f2f8f1f
kv-objectstore	jetstream.ObjectBucketStatus.Storage	method	implemented	missing	present	lib/nats/io/object_store/bucket_status.rb:37	BucketStatus#storage	f2f8f1f
kv-objectstore	jetstream.ObjectBucketStatus.StreamInfo	method	implemented	missing	present	lib/nats/io/object_store/bucket_status.rb:21	BucketStatus#stream_info	f2f8f1f
kv-objectstore	jetstream.ObjectBucketStatus.TTL	method	implemented	missing	present	lib/nats/io/object_store/bucket_status.rb:33	BucketStatus#ttl (secs, 0 when none)	f2f8f1f
kv-objectstore	jetstream.ObjectInfo	type	planned	missing	present	lib/nats/io/object_store/api.rb:149	ObjectStore::API::ObjectInfo Struct, JSON wire-compatible with nats.go	f2f8f1f
kv-objectstore	jetstream.ObjectInfo.Bucket	field	planned	missing	present	lib/nats/io/object_store/api.rb:149	ObjectInfo#bucket	f2f8f1f
kv-objectstore	jetstream.ObjectInfo.Chunks	field	planned	missing	present	lib/nats/io/object_store/api.rb:149	ObjectInfo#chunks	f2f8f1f
kv-objectstore	jetstream.ObjectInfo.Deleted	field	planned	missing	present	lib/nats/io/object_store/api.rb:149	ObjectInfo#deleted / deleted?	f2f8f1f
kv-objectstore	jetstream.ObjectInfo.Digest	field	planned	missing	present	lib/nats/io/object_store/api.rb:149	ObjectInfo#digest	f2f8f1f
kv-objectstore	jetstream.ObjectInfo.ModTime	field	planned	missing	present	lib/nats/io/object_store/api.rb:149	ObjectInfo#mtime (Time, from server stored time)	f2f8f1f
kv-objectstore	jetstream.ObjectInfo.NUID	field	planned	missing	present	lib/nats/io/object_store/api.rb:149	ObjectInfo#nuid	f2f8f1f
kv-objectstore	jetstream.ObjectInfo.ObjectMeta	field	planned	missing	present	lib/nats/io/object_store/api.rb:149	embedded ObjectMeta flattened: ObjectInfo has name/description/headers/metadata/options	f2f8f1f
kv-objectstore	jetstream.ObjectInfo.Size	field	planned	missing	present	lib/nats/io/object_store/api.rb:149	ObjectInfo#size	f2f8f1f
kv-objectstore	jetstream.ObjectLink	type	planned	missing	present	lib/nats/io/object_store/api.rb:68	ObjectStore::API::ObjectLink Struct	f2f8f1f
kv-objectstore	jetstream.ObjectLink.Bucket	field	planned	missing	present	lib/nats/io/object_store/api.rb:68	ObjectLink#bucket	f2f8f1f
kv-objectstore	jetstream.ObjectLink.Name	field	planned	missing	present	lib/nats/io/object_store/api.rb:68	ObjectLink#name (nil for a bucket link)	f2f8f1f
kv-objectstore	jetstream.ObjectMeta	type	planned	missing	present	lib/nats/io/object_store/api.rb:112	ObjectStore::API::ObjectMeta Struct; put also takes a Hash or name String	f2f8f1f
kv-objectstore	jetstream.ObjectMeta.Description	field	planned	missing	present	lib/nats/io/object_store/api.rb:112	ObjectMeta#description	f2f8f1f
kv-objectstore	jetstream.ObjectMeta.Headers	field	planned	missing	present	lib/nats/io/object_store/api.rb:112	ObjectMeta#headers (Hash name=>Array)	f2f8f1f
kv-objectstore	jetstream.ObjectMeta.Metadata	field	planned	missing	present	lib/nats/io/object_store/api.rb:112	ObjectMeta#metadata	f2f8f1f
kv-objectstore	jetstream.ObjectMeta.Name	field	planned	missing	present	lib/nats/io/object_store/api.rb:112	ObjectMeta#name	f2f8f1f
kv-objectstore	jetstream.ObjectMeta.Opts	field	planned	missing	present	lib/nats/io/object_store/api.rb:112	ObjectMeta#options (ObjectMetaOptions)	f2f8f1f
kv-objectstore	jetstream.ObjectMetaOptions	type	planned	missing	present	lib/nats/io/object_store/api.rb:84	ObjectStore::API::ObjectMetaOptions Struct	f2f8f1f
kv-objectstore	jetstream.ObjectMetaOptions.ChunkSize	field	planned	missing	present	lib/nats/io/object_store/api.rb:84	max_chunk_size (JSON max_chunk_size), default 128 KiB	f2f8f1f
kv-objectstore	jetstream.ObjectMetaOptions.Link	field	planned	missing	present	lib/nats/io/object_store/api.rb:84	link (ObjectLink)	f2f8f1f
kv-objectstore	jetstream.ObjectResult	type	planned	missing	present	lib/nats/io/object_store/api.rb:201	ObjectResult Struct(info, data); not a streaming reader, but get(io:) streams chunks to an IO	f2f8f1f
kv-objectstore	jetstream.ObjectResult.Error	method	implemented	missing	n/a	-	Go reader error accessor; Ruby get raises DigestMismatchError etc. directly	f2f8f1f
kv-objectstore	jetstream.ObjectResult.Info	method	implemented	missing	present	lib/nats/io/object_store/api.rb:201	ObjectResult#info	f2f8f1f
kv-objectstore	jetstream.ObjectStore	type	planned	missing	present	lib/nats/io/object_store.rb:38	NATS::ObjectStore; spec object_store_spec	f2f8f1f
kv-objectstore	jetstream.ObjectStore.AddBucketLink	method	implemented	missing	present	lib/nats/io/object_store.rb:319	ObjectStore#add_bucket_link	f2f8f1f
kv-objectstore	jetstream.ObjectStore.AddLink	method	implemented	missing	present	lib/nats/io/object_store.rb:304	ObjectStore#add_link	f2f8f1f
kv-objectstore	jetstream.ObjectStore.Delete	method	implemented	missing	present	lib/nats/io/object_store.rb:284	ObjectStore#delete	f2f8f1f
kv-objectstore	jetstream.ObjectStore.Get	method	implemented	missing	present	lib/nats/io/object_store.rb:172	ObjectStore#get(name, io:, show_deleted:), verifies SHA-256	f2f8f1f
kv-objectstore	jetstream.ObjectStore.GetBytes	method	implemented	missing	present	lib/nats/io/object_store.rb:200	ObjectStore#get_bytes	f2f8f1f
kv-objectstore	jetstream.ObjectStore.GetFile	method	implemented	missing	present	lib/nats/io/object_store.rb:215	ObjectStore#get_file	f2f8f1f
kv-objectstore	jetstream.ObjectStore.GetInfo	method	implemented	missing	present	lib/nats/io/object_store.rb:230	ObjectStore#get_info	f2f8f1f
kv-objectstore	jetstream.ObjectStore.GetString	method	implemented	missing	present	lib/nats/io/object_store.rb:206	ObjectStore#get_string	f2f8f1f
kv-objectstore	jetstream.ObjectStore.List	method	implemented	missing	present	lib/nats/io/object_store.rb:358	ObjectStore#list(show_deleted:) -> Array<ObjectInfo>	f2f8f1f
kv-objectstore	jetstream.ObjectStore.Put	method	implemented	missing	present	lib/nats/io/object_store.rb:88	ObjectStore#put(meta, String|IO)	f2f8f1f
kv-objectstore	jetstream.ObjectStore.PutBytes	method	implemented	missing	present	lib/nats/io/object_store.rb:88	ObjectStore#put(meta, String) takes binary Strings (no separate put_bytes)	f2f8f1f
kv-objectstore	jetstream.ObjectStore.PutFile	method	implemented	missing	present	lib/nats/io/object_store.rb:154	ObjectStore#put_file(path, name:)	f2f8f1f
kv-objectstore	jetstream.ObjectStore.PutString	method	implemented	missing	present	lib/nats/io/object_store.rb:145	ObjectStore#put_string	f2f8f1f
kv-objectstore	jetstream.ObjectStore.Seal	method	implemented	missing	present	lib/nats/io/object_store.rb:329	ObjectStore#seal	f2f8f1f
kv-objectstore	jetstream.ObjectStore.Status	method	implemented	missing	present	lib/nats/io/object_store.rb:376	ObjectStore#status -> BucketStatus	f2f8f1f
kv-objectstore	jetstream.ObjectStore.UpdateMeta	method	implemented	missing	present	lib/nats/io/object_store.rb:252	ObjectStore#update_meta(name, meta)	f2f8f1f
kv-objectstore	jetstream.ObjectStore.Watch	method	implemented	missing	present	lib/nats/io/object_store.rb:345	ObjectStore#watch(include_history:, ignore_deletes:, updates_only:)	f2f8f1f
kv-objectstore	jetstream.ObjectStoreConfig	type	planned	missing	present	lib/nats/io/object_store/api.rb:53	ObjectStore::API::ObjectStoreConfig Struct	f2f8f1f
kv-objectstore	jetstream.ObjectStoreConfig.Bucket	field	planned	missing	present	lib/nats/io/object_store/api.rb:53	ObjectStoreConfig#bucket	f2f8f1f
kv-objectstore	jetstream.ObjectStoreConfig.Compression	field	planned	missing	present	lib/nats/io/object_store/api.rb:53	ObjectStoreConfig#compression (bool -> s2)	f2f8f1f
kv-objectstore	jetstream.ObjectStoreConfig.Description	field	planned	missing	present	lib/nats/io/object_store/api.rb:53	ObjectStoreConfig#description	f2f8f1f
kv-objectstore	jetstream.ObjectStoreConfig.MaxBytes	field	planned	missing	present	lib/nats/io/object_store/api.rb:53	ObjectStoreConfig#max_bytes	f2f8f1f
kv-objectstore	jetstream.ObjectStoreConfig.Metadata	field	planned	missing	present	lib/nats/io/object_store/api.rb:53	ObjectStoreConfig#metadata	f2f8f1f
kv-objectstore	jetstream.ObjectStoreConfig.Placement	field	planned	missing	present	lib/nats/io/object_store/api.rb:53	ObjectStoreConfig#placement	f2f8f1f
kv-objectstore	jetstream.ObjectStoreConfig.Replicas	field	planned	missing	present	lib/nats/io/object_store/api.rb:53	ObjectStoreConfig#replicas	f2f8f1f
kv-objectstore	jetstream.ObjectStoreConfig.Storage	field	planned	missing	present	lib/nats/io/object_store/api.rb:53	ObjectStoreConfig#storage	f2f8f1f
kv-objectstore	jetstream.ObjectStoreConfig.TTL	field	planned	missing	present	lib/nats/io/object_store/api.rb:53	ObjectStoreConfig#ttl (seconds)	f2f8f1f
kv-objectstore	jetstream.ObjectStoreManager	type	planned	missing	present	lib/nats/io/object_store/manager.rb:20	ObjectStore::Manager, extended into the JetStream context (jetstream.rb:107)	f2f8f1f
kv-objectstore	jetstream.ObjectStoreManager.CreateObjectStore	method	implemented	missing	present	lib/nats/io/object_store/manager.rb:39	js.create_object_store	f2f8f1f
kv-objectstore	jetstream.ObjectStoreManager.CreateOrUpdateObjectStore	method	implemented	missing	present	lib/nats/io/object_store/manager.rb:70	js.create_or_update_object_store	f2f8f1f
kv-objectstore	jetstream.ObjectStoreManager.DeleteObjectStore	method	implemented	missing	present	lib/nats/io/object_store/manager.rb:84	js.delete_object_store	f2f8f1f
kv-objectstore	jetstream.ObjectStoreManager.ObjectStore	method	implemented	missing	present	lib/nats/io/object_store/manager.rb:25	js.object_store	f2f8f1f
kv-objectstore	jetstream.ObjectStoreManager.ObjectStoreNames	method	implemented	missing	present	lib/nats/io/object_store/manager.rb:94	js.object_store_names -> Array<String>	f2f8f1f
kv-objectstore	jetstream.ObjectStoreManager.ObjectStores	method	implemented	missing	present	lib/nats/io/object_store/manager.rb:103	js.object_stores -> Array<BucketStatus>	f2f8f1f
kv-objectstore	jetstream.ObjectStoreManager.UpdateObjectStore	method	implemented	missing	present	lib/nats/io/object_store/manager.rb:56	js.update_object_store	f2f8f1f
kv-objectstore	jetstream.ObjectStoreNamesLister	type	planned	missing	present	lib/nats/io/object_store/manager.rb:94	object_store_names returns an eager Array instead of a channel lister	f2f8f1f
kv-objectstore	jetstream.ObjectStoreNamesLister.Error	method	implemented	missing	n/a	-	channel-lister error accessor; Ruby raises from object_store_names	f2f8f1f
kv-objectstore	jetstream.ObjectStoreNamesLister.Name	method	implemented	missing	present	lib/nats/io/object_store/manager.rb:94	object_store_names elements	f2f8f1f
kv-objectstore	jetstream.ObjectStoreStatus	type	planned	missing	present	lib/nats/io/object_store/bucket_status.rb:20	ObjectStore::BucketStatus	f2f8f1f
kv-objectstore	jetstream.ObjectStoreStatus.BackingStore	method	implemented	missing	present	lib/nats/io/object_store/bucket_status.rb:55	BucketStatus#backing_store	f2f8f1f
kv-objectstore	jetstream.ObjectStoreStatus.Bucket	method	implemented	missing	present	lib/nats/io/object_store/bucket_status.rb:21	BucketStatus#bucket	f2f8f1f
kv-objectstore	jetstream.ObjectStoreStatus.Description	method	implemented	missing	present	lib/nats/io/object_store/bucket_status.rb:28	BucketStatus#description	f2f8f1f
kv-objectstore	jetstream.ObjectStoreStatus.IsCompressed	method	implemented	missing	present	lib/nats/io/object_store/bucket_status.rb:63	BucketStatus#compressed?	f2f8f1f
kv-objectstore	jetstream.ObjectStoreStatus.Metadata	method	implemented	missing	present	lib/nats/io/object_store/bucket_status.rb:59	BucketStatus#metadata	f2f8f1f
kv-objectstore	jetstream.ObjectStoreStatus.Replicas	method	implemented	missing	present	lib/nats/io/object_store/bucket_status.rb:41	BucketStatus#replicas	f2f8f1f
kv-objectstore	jetstream.ObjectStoreStatus.Sealed	method	implemented	missing	present	lib/nats/io/object_store/bucket_status.rb:46	BucketStatus#sealed?	f2f8f1f
kv-objectstore	jetstream.ObjectStoreStatus.Size	method	implemented	missing	present	lib/nats/io/object_store/bucket_status.rb:51	BucketStatus#size (state.bytes)	f2f8f1f
kv-objectstore	jetstream.ObjectStoreStatus.Storage	method	implemented	missing	present	lib/nats/io/object_store/bucket_status.rb:37	BucketStatus#storage	f2f8f1f
kv-objectstore	jetstream.ObjectStoreStatus.TTL	method	implemented	missing	present	lib/nats/io/object_store/bucket_status.rb:33	BucketStatus#ttl (secs, 0 when none)	f2f8f1f
kv-objectstore	jetstream.ObjectStoresLister	type	planned	missing	present	lib/nats/io/object_store/manager.rb:103	object_stores returns an eager Array<BucketStatus> instead of a channel lister	f2f8f1f
kv-objectstore	jetstream.ObjectStoresLister.Error	method	implemented	missing	n/a	-	channel-lister error accessor; Ruby raises from object_stores	f2f8f1f
kv-objectstore	jetstream.ObjectStoresLister.Status	method	implemented	missing	present	lib/nats/io/object_store/manager.rb:103	object_stores elements (BucketStatus)	f2f8f1f
kv-objectstore	jetstream.ObjectWatcher	type	planned	missing	present	lib/nats/io/object_store.rb:462	NATS::ObjectWatcher (Enumerable) over a KV-style meta watcher	f2f8f1f
kv-objectstore	jetstream.ObjectWatcher.Stop	method	implemented	missing	present	lib/nats/io/object_store.rb:497	ObjectWatcher#stop	f2f8f1f
kv-objectstore	jetstream.ObjectWatcher.Updates	method	implemented	missing	present	lib/nats/io/object_store.rb:475	ObjectWatcher#updates(timeout:) / each, nil after initial infos	f2f8f1f
kv-objectstore	jetstream.PurgeTTL	constructor	implemented	missing	present	lib/nats/io/kv.rb:285	kv.purge(key, ttl: secs|:never)	e48cc91
kv-objectstore	jetstream.StreamPurgeOpt	type	planned	n/a	n/a	-	Go functional-option type; Ruby uses params hashes; NQ Ruby does not expose it	
kv-objectstore	jetstream.WatchOpt	type	planned	n/a	n/a	-	Go functional-option type; Ruby uses params hashes; NQ Ruby does not expose it	
kv-objectstore	jetstream.WithDeletedDetails	constructor	planned	missing	present	lib/nats/io/jetstream/manager.rb:96	jsm.stream_info(name, deleted_details: true) -> state.deleted; StreamState decodes num_deleted/lost	e992b96
kv-objectstore	jetstream.WithPurgeKeep	constructor	planned	missing	present	lib/nats/io/jetstream/manager.rb:185	jsm.purge_stream(name, keep:)	de10daf
kv-objectstore	jetstream.WithPurgeSequence	constructor	planned	missing	present	lib/nats/io/jetstream/manager.rb:185	jsm.purge_stream(name, seq:); seq+keep raises ArgumentError	de10daf
kv-objectstore	jetstream.WithPurgeSubject	constructor	planned	missing	present	lib/nats/io/jetstream/manager.rb:185	jsm.purge_stream(name, subject:)	de10daf
services	micro.APIPrefix	constant	implemented	present	present	lib/nats/service/monitoring.rb:8	Service::Monitoring::DEFAULT_PREFIX = "$SRV"	
services	micro.AddService	function	implemented	present	present	lib/nats/io/client.rb:866 / lib/nats/service.rb:112	client.services.add(opts); validation looser than Go (name regex unanchored at start, missing name/version not rejected)	
services	micro.Config	type	implemented	present	present	lib/nats/service.rb:83	options Hash to services.add (:name,:version,:description,:metadata,:queue)	
services	micro.Config.Description	field	implemented	present	present	lib/nats/service.rb:86	:description	
services	micro.Config.DoneHandler	field	implemented	present	present	lib/nats/service.rb:36	service.on_stop { |error| } runs on stop; not triggered by connection close (Go stops service on close)	
services	micro.Config.Endpoint	field	implemented	missing	present	lib/nats/service.rb:236	services.add(endpoint: {subject:, handler:}) adds endpoint "default" (spec/service_default_endpoint_spec.rb)	a4c8acf
services	micro.Config.ErrorHandler	field	implemented	partial	present	lib/nats/service.rb:111	error_handler: option / service.on_error(service, NATSError) for async sub errors, then stop (spec/service_errors_spec.rb)	f5ae43c
services	micro.Config.Metadata	field	implemented	present	present	lib/nats/service.rb:87	:metadata (frozen Hash)	
services	micro.Config.Name	field	implemented	present	present	lib/nats/service.rb:84	:name; Validator regex /[A-Za-z0-9\-_]+$/ lacks ^ anchor so invalid names like 'a.b c' can pass	
services	micro.Config.QueueGroup	field	implemented	present	present	lib/nats/service.rb:88	:queue (default "q")	
services	micro.Config.QueueGroupDisabled	field	implemented	partial	present	lib/nats/service.rb:184	services.add(queue_group_disabled: true); Service#queue_group_disabled? (spec/service_queue_group_spec.rb)	f7a5376
services	micro.Config.StatsHandler	field	implemented	present	present	lib/nats/service.rb:32	service.on_stats { |endpoint| data }	
services	micro.Config.Version	field	implemented	present	present	lib/nats/service.rb:85	:version (SemVer validated)	
services	micro.ContextHandler	function	unsupported	n/a	n/a		Go context idiom; NQ unsupported	
services	micro.ControlSubject	function	implemented	missing	present	lib/nats/service.rb:56	NATS::Service.control_subject(verb, name = nil, id = nil) (spec/service_control_subject_spec.rb)	cb33004
services	micro.DefaultQueueGroup	constant	implemented	present	present	lib/nats/service.rb:19	NATS::Service::DEFAULT_QUEUE = "q"	
services	micro.DoneHandler	type	unsupported	n/a	n/a		Go func type; NQ unsupported (on_stop block covers it)	
services	micro.Endpoint	type	implemented	present	present	lib/nats/service/endpoint.rb:64	NATS::Service::Endpoint (name, subject, queue, metadata, stats)	
services	micro.Endpoint.EndpointConfig	field	implemented	present	present	lib/nats/service/endpoint.rb:65	subject/queue/metadata readers on Endpoint; no handler reader, no queue-disabled flag	
services	micro.Endpoint.Name	field	implemented	present	present	lib/nats/service/endpoint.rb:65	Endpoint#name	
services	micro.EndpointConfig	type	implemented	present	present	lib/nats/service/endpoint.rb:140	options Hash to endpoints.add(name, opts, &block)	
services	micro.EndpointConfig.Handler	field	implemented	present	present	lib/nats/service/endpoint.rb:140	block passed to endpoints.add	
services	micro.EndpointConfig.Metadata	field	implemented	present	present	lib/nats/service/endpoint.rb:75	:metadata	
services	micro.EndpointConfig.QueueGroup	field	implemented	present	present	lib/nats/service/endpoint.rb:74	:queue	
services	micro.EndpointConfig.QueueGroupDisabled	field	implemented	partial	present	lib/nats/service/endpoint.rb:138	endpoints.add(name, queue_group_disabled: true); Endpoint#queue_group_disabled?	f7a5376
services	micro.EndpointConfig.Subject	field	implemented	present	present	lib/nats/service/endpoint.rb:109	:subject (defaults to name; prefixed by group)	
services	micro.EndpointInfo	type	implemented	present	present	lib/nats/service/status.rb:22	Hash entries in service.info[:endpoints]	
services	micro.EndpointInfo.Metadata	field	implemented	present	present	lib/nats/service/status.rb:30	:metadata	
services	micro.EndpointInfo.Name	field	implemented	present	present	lib/nats/service/status.rb:27	:name	
services	micro.EndpointInfo.QueueGroup	field	implemented	present	present	lib/nats/service/status.rb:29	:queue_group	
services	micro.EndpointInfo.Subject	field	implemented	present	present	lib/nats/service/status.rb:28	:subject	
services	micro.EndpointOpt	type	unsupported	n/a	n/a		Go functional-option type; NQ unsupported	
services	micro.EndpointStats	type	implemented	present	present	lib/nats/service/status.rb:49	Hash entries in service.stats[:endpoints]	
services	micro.EndpointStats.AverageProcessingTime	field	implemented	present	present	lib/nats/service/status.rb:56	:average_processing_time (ns)	
services	micro.EndpointStats.Data	field	implemented	present	present	lib/nats/service/status.rb:59	:data from on_stats callback	
services	micro.EndpointStats.LastError	field	implemented	present	present	lib/nats/service/status.rb:58	:last_error ("code:message")	
services	micro.EndpointStats.Name	field	implemented	present	present	lib/nats/service/status.rb:52	:name	
services	micro.EndpointStats.NumErrors	field	implemented	present	present	lib/nats/service/status.rb:57	:num_errors	
services	micro.EndpointStats.NumRequests	field	implemented	present	present	lib/nats/service/status.rb:55	:num_requests	
services	micro.EndpointStats.ProcessingTime	field	implemented	present	present	lib/nats/service/status.rb:56	:processing_time (ns)	
services	micro.EndpointStats.QueueGroup	field	implemented	present	present	lib/nats/service/status.rb:54	:queue_group	
services	micro.EndpointStats.Subject	field	implemented	present	present	lib/nats/service/status.rb:53	:subject	
services	micro.ErrArgRequired	error	implemented	missing	present	lib/nats/service/errors.rb:43	NATS::Service::ArgRequiredError raised by respond_with_error without code/description	7fa7eaf
services	micro.ErrConfigValidation	error	implemented	present	present	lib/nats/service/errors.rb:5	NATS::Service::Error base of InvalidName/Version/Queue/SubjectError (no message text)	
services	micro.ErrHandler	type	unsupported	n/a	n/a		Go func type; NQ unsupported	
services	micro.ErrMarshalResponse	error	implemented	missing	present	lib/nats/service/errors.rb:34	NATS::Service::MarshalResponseError raised by respond_json	573285e
services	micro.ErrRespond	error	implemented	missing	present	lib/nats/service/errors.rb:39	NATS::Service::RespondError wraps client error on respond/respond_msg failure	7fa7eaf
services	micro.ErrServiceNameRequired	error	implemented	missing	present	lib/nats/service/errors.rb:26	NATS::Service::ServiceNameRequiredError from control_subject(id without name)	cb33004
services	micro.ErrVerbNotSupported	error	implemented	missing	present	lib/nats/service/errors.rb:22	NATS::Service::VerbNotSupportedError from control_subject	cb33004
services	micro.ErrorCodeHeader	constant	implemented	partial	present	lib/nats/service.rb:38	NATS::Service::ERROR_CODE_HEADER	cb33004
services	micro.ErrorHeader	constant	implemented	partial	present	lib/nats/service.rb:37	NATS::Service::ERROR_HEADER	cb33004
services	micro.Group	type	implemented	present	present	lib/nats/service/group.rb:5	NATS::Service::Group	
services	micro.Group.AddEndpoint	method	implemented	present	present	lib/nats/service/endpoint.rb:140	group.endpoints.add(name, opts, &block)	
services	micro.Group.AddGroup	method	implemented	present	present	lib/nats/service/group.rb:23	group.groups.add(name, queue:)	
services	micro.GroupOpt	type	unsupported	n/a	n/a		Go functional-option type; NQ unsupported	
services	micro.Handler	type	implemented	present	present	lib/nats/service/endpoint.rb:115	any block/proc taking the request	
services	micro.Handler.Handle	method	implemented	present	present	lib/nats/service/endpoint.rb:120	block.call(request); no Handler class with #handle	
services	micro.HandlerFunc	type	implemented	present	present	lib/nats/service/endpoint.rb:115	block/proc	
services	micro.HandlerFunc.Handle	method	implemented	present	present	lib/nats/service/endpoint.rb:120	block.call(request)	
services	micro.Headers	type	unsupported	n/a	n/a	lib/nats/io/msg.rb	Go nats.Header alias; NQ unsupported; request.header Hash covers it	
services	micro.Headers.Get	method	unsupported	n/a	n/a		Go alias method; request.header[key] Hash lookup	
services	micro.Headers.Values	method	unsupported	n/a	n/a		Go alias method; NQ unsupported	
services	micro.Info	type	implemented	present	present	lib/nats/service.rb:61	service.info Hash	
services	micro.Info.Description	field	implemented	present	present	lib/nats/service/status.rb:25	:description	
services	micro.Info.Endpoints	field	implemented	present	present	lib/nats/service/status.rb:26	:endpoints	
services	micro.Info.ServiceIdentity	field	implemented	present	present	lib/nats/service/status.rb:13	name/id/version/metadata keys via Status#basic	
services	micro.Info.Type	field	implemented	partial	present	lib/nats/service/status.rb:38	service.info Hash has :type (INFO_RESPONSE_TYPE)	8bf5d39
services	micro.InfoResponseType	constant	implemented	present	present	lib/nats/service/monitoring.rb:16	Monitoring::TYPES[:info]	
services	micro.InfoVerb	constant	implemented	present	present	lib/nats/service/monitoring.rb:10	Monitoring::VERBS[:info] = "INFO"	
services	micro.NATSError	type	implemented	missing	present	lib/nats/service/errors.rb:50	NATS::Service::NATSError(subject, description, error)	f5ae43c
services	micro.NATSError.Description	field	implemented	missing	present	lib/nats/service/errors.rb:51	NATSError#description	f5ae43c
services	micro.NATSError.Error	method	implemented	missing	present	lib/nats/service/errors.rb:57	message is "<subject.inspect>: <description>" (Go: "%q: %s")	f5ae43c
services	micro.NATSError.Is	method	implemented	missing	present	lib/nats/service/errors.rb:60	NATSError#== / eql? compare subject and description, like Is	f5ae43c
services	micro.NATSError.Subject	field	implemented	missing	present	lib/nats/service/errors.rb:51	NATSError#subject	f5ae43c
services	micro.NATSError.Unwrap	method	implemented	missing	present	lib/nats/service/errors.rb:51	NATSError#error returns the wrapped error (not Exception#cause)	f5ae43c
services	micro.Ping	type	implemented	partial	present	lib/nats/service.rb:148	service.ping returns the PING response Hash (type,name,id,version,metadata)	8bf5d39
services	micro.Ping.ServiceIdentity	field	implemented	present	present	lib/nats/service/status.rb:13	service.status.basic	
services	micro.Ping.Type	field	implemented	partial	present	lib/nats/service/status.rb:31	service.ping[:type] = PING_RESPONSE_TYPE	8bf5d39
services	micro.PingResponseType	constant	implemented	present	present	lib/nats/service/monitoring.rb:16	Monitoring::TYPES[:ping]	
services	micro.PingVerb	constant	implemented	present	present	lib/nats/service/monitoring.rb:10	Monitoring::VERBS[:ping] = "PING"	
services	micro.Request	type	implemented	present	present	lib/nats/service/endpoint.rb:18	NATS::Service::Request < NATS::Msg	
services	micro.Request.Data	method	implemented	present	present	lib/nats/service/endpoint.rb:54	Msg#data	
services	micro.Request.Error	method	implemented	present	present	lib/nats/service/endpoint.rb:27	respond_with_error(Hash{code,description,data} | Exception | String); no extra-headers option	
services	micro.Request.Headers	method	implemented	present	present	lib/nats/service/endpoint.rb:55	Msg#header Hash	
services	micro.Request.Reply	method	implemented	present	present	lib/nats/service/endpoint.rb:53	Msg#reply	
services	micro.Request.Respond	method	implemented	partial	present	lib/nats/service/endpoint.rb:37	Request#respond(data, headers: nil); no longer echoes request headers/reply	c19443f
services	micro.Request.RespondJSON	method	implemented	missing	present	lib/nats/service/endpoint.rb:56	Request#respond_json(obj, headers: nil)	573285e
services	micro.Request.Subject	method	implemented	present	present	lib/nats/service/endpoint.rb:52	Msg#subject	
services	micro.RespondOpt	type	unsupported	n/a	n/a		Go functional-option type; NQ unsupported	
services	micro.Service	type	implemented	present	present	lib/nats/service.rb:16	NATS::Service	
services	micro.Service.AddEndpoint	method	implemented	present	present	lib/nats/service/endpoint.rb:140	service.endpoints.add(name, opts, &block)	
services	micro.Service.AddGroup	method	implemented	present	present	lib/nats/service/group.rb:23	service.groups.add(name, queue:)	
services	micro.Service.Info	method	implemented	present	present	lib/nats/service.rb:61	service.info Hash (no :type key)	
services	micro.Service.Reset	method	implemented	partial	present	lib/nats/service.rb:141	reset clears endpoint stats and restarts started time (Status#reset)	8bf5d39
services	micro.Service.Stats	method	implemented	present	present	lib/nats/service.rb:65	service.stats Hash (no :type key)	
services	micro.Service.Stop	method	implemented	present	present	lib/nats/service.rb:44	service.stop(error = nil) drains subs, calls on_stop	
services	micro.Service.Stopped	method	implemented	present	present	lib/nats/service.rb:40	stopped?	
services	micro.ServiceIdentity	type	implemented	present	present	lib/nats/service/status.rb:13	Status#basic Hash (name,id,version,metadata); id via service.id	
services	micro.ServiceIdentity.ID	field	implemented	present	present	lib/nats/service.rb:21	service.id (NUID)	
services	micro.ServiceIdentity.Metadata	field	implemented	present	present	lib/nats/service.rb:21	service.metadata	
services	micro.ServiceIdentity.Name	field	implemented	present	present	lib/nats/service.rb:21	service.name	
services	micro.ServiceIdentity.Version	field	implemented	present	present	lib/nats/service.rb:21	service.version	
services	micro.Stats	type	implemented	present	present	lib/nats/service.rb:65	service.stats Hash	
services	micro.Stats.Endpoints	field	implemented	present	present	lib/nats/service/status.rb:40	:endpoints	
services	micro.Stats.ServiceIdentity	field	implemented	present	present	lib/nats/service/status.rb:38	identity keys via Status#basic	
services	micro.Stats.Started	field	implemented	present	present	lib/nats/service/status.rb:39	:started ISO8601 string (second precision, not Time)	
services	micro.Stats.Type	field	implemented	partial	present	lib/nats/service/status.rb:54	service.stats Hash has :type (STATS_RESPONSE_TYPE)	8bf5d39
services	micro.StatsHandler	type	unsupported	n/a	n/a		Go func type; NQ unsupported (on_stats covers it)	
services	micro.StatsResponseType	constant	implemented	present	present	lib/nats/service/monitoring.rb:16	Monitoring::TYPES[:stats]	
services	micro.StatsVerb	constant	implemented	present	present	lib/nats/service/monitoring.rb:10	Monitoring::VERBS[:stats] = "STATS"	
services	micro.Verb	type	implemented	present	present	lib/nats/service/monitoring.rb:10	symbols :ping/:info/:stats keyed in Monitoring::VERBS (no Verb type)	
services	micro.Verb.String	method	implemented	present	present	lib/nats/service/monitoring.rb:10	Monitoring::VERBS[verb]	
services	micro.WithEndpointMetadata	constructor	implemented	present	present	lib/nats/service/endpoint.rb:75	endpoints.add(name, metadata: {...})	
services	micro.WithEndpointMetadataKey	constructor	implemented	present	present	lib/nats/service/endpoint.rb:75	covered by building the :metadata Hash	
services	micro.WithEndpointPendingLimits	constructor	implemented	missing	present	lib/nats/service/endpoint.rb:188	endpoints.add(pending_msgs_limit:, pending_bytes_limit:); InvalidPendingLimitsError (spec/service_pending_limits_spec.rb)	8734624
services	micro.WithEndpointQueueGroup	constructor	implemented	present	present	lib/nats/service/endpoint.rb:74	endpoints.add(name, queue: "...")	
services	micro.WithEndpointQueueGroupDisabled	constructor	implemented	partial	present	lib/nats/service/endpoint.rb:138	endpoints.add(name, queue_group_disabled: true)	f7a5376
services	micro.WithEndpointSubject	constructor	implemented	present	present	lib/nats/service/endpoint.rb:109	endpoints.add(name, subject: "...")	
services	micro.WithGroupQueueGroup	constructor	implemented	present	present	lib/nats/service/group.rb:23	groups.add(name, queue: "...")	
services	micro.WithGroupQueueGroupDisabled	constructor	implemented	partial	present	lib/nats/service/group.rb:39	groups.add(name, queue_group_disabled: true); Group#queue_group_disabled?	f7a5376
services	micro.WithHeaders	constructor	implemented	partial	present	lib/nats/service/endpoint.rb:137	headers: kwarg on respond/respond_json/respond_with_error (spec/service_respond_headers_spec.rb)	c19443f
orbit-batch	jetstreamext.BatchAck	type	planned	partial	present	lib/nats/io/jetstream/batch_publisher.rb:36	NATS::JetStream::BatchAck Struct(stream, seq, domain, val, batch, count)	0a11d7a
orbit-batch	jetstreamext.BatchAck.BatchID	field	planned	present	present	lib/nats/io/jetstream.rb:79	PubAck#batch	
orbit-batch	jetstreamext.BatchAck.BatchSize	field	planned	present	present	lib/nats/io/jetstream.rb:79	PubAck#count	
orbit-batch	jetstreamext.BatchAck.Domain	field	planned	present	present	lib/nats/io/jetstream.rb:79	PubAck#domain	
orbit-batch	jetstreamext.BatchAck.Sequence	field	planned	present	present	lib/nats/io/jetstream.rb:79	PubAck#seq	
orbit-batch	jetstreamext.BatchAck.Stream	field	planned	present	present	lib/nats/io/jetstream.rb:79	PubAck#stream	
orbit-batch	jetstreamext.BatchAck.Value	field	planned	present	present	lib/nats/io/jetstream.rb:79	PubAck#val	
orbit-batch	jetstreamext.BatchCommitEOB	constant	implemented	partial	present	lib/nats/io/jetstream/batch_publisher.rb:79	NATS::JetStream::BatchPublisher::BATCH_COMMIT_EOB = "eob"	0a11d7a
orbit-batch	jetstreamext.BatchCommitHeader	constant	implemented	present	present	lib/nats/io/jetstream/header.rb:76	JetStream::Header::BATCH_COMMIT	
orbit-batch	jetstreamext.BatchFlowControl	type	planned	missing	present	lib/nats/io/jetstream/batch_publisher.rb:91	as kwargs ack_first:, ack_every:, ack_timeout: of new_batch_publisher/publish_msg_batch	0a11d7a
orbit-batch	jetstreamext.BatchFlowControl.AckEvery	field	planned	missing	present	lib/nats/io/jetstream/batch_publisher.rb:91	ack_every: kwarg (default 0)	0a11d7a
orbit-batch	jetstreamext.BatchFlowControl.AckFirst	field	planned	missing	present	lib/nats/io/jetstream/batch_publisher.rb:91	ack_first: kwarg (default true)	0a11d7a
orbit-batch	jetstreamext.BatchFlowControl.AckTimeout	field	planned	missing	present	lib/nats/io/jetstream/batch_publisher.rb:91	ack_timeout: kwarg in seconds (default js timeout)	0a11d7a
orbit-batch	jetstreamext.BatchIDHeader	constant	implemented	present	present	lib/nats/io/jetstream/header.rb:71	JetStream::Header::BATCH_ID	
orbit-batch	jetstreamext.BatchMsgOpt	type	planned	n/a	n/a		Go functional-option type; NQ planned	
orbit-batch	jetstreamext.BatchPublisher	type	planned	missing	present	lib/nats/io/jetstream/batch_publisher.rb:73	NATS::JetStream::BatchPublisher (spec/js_batch_publish_spec.rb, real server)	0a11d7a
orbit-batch	jetstreamext.BatchPublisher.Add	method	implemented	missing	present	lib/nats/io/jetstream/batch_publisher.rb:112	add(subject, data, header:, **msg_opts)	0a11d7a
orbit-batch	jetstreamext.BatchPublisher.AddMsg	method	implemented	missing	present	lib/nats/io/jetstream/batch_publisher.rb:118	add_msg(msg, **msg_opts)	0a11d7a
orbit-batch	jetstreamext.BatchPublisher.Close	method	implemented	partial	present	lib/nats/io/jetstream/batch_publisher.rb:175	close(timeout:) commits with Nats-Batch-Commit: eob; EmptyBatch when empty	0a11d7a
orbit-batch	jetstreamext.BatchPublisher.Commit	method	implemented	partial	present	lib/nats/io/jetstream/batch_publisher.rb:151	commit(subject, data, header:, timeout:, **msg_opts) -> BatchAck	0a11d7a
orbit-batch	jetstreamext.BatchPublisher.CommitMsg	method	implemented	partial	present	lib/nats/io/jetstream/batch_publisher.rb:157	commit_msg(msg, timeout:, **msg_opts) -> BatchAck	0a11d7a
orbit-batch	jetstreamext.BatchPublisher.Discard	method	implemented	missing	present	lib/nats/io/jetstream/batch_publisher.rb:194	discard; BatchClosed when already closed	0a11d7a
orbit-batch	jetstreamext.BatchPublisher.IsClosed	method	implemented	missing	present	lib/nats/io/jetstream/batch_publisher.rb:209	closed?	0a11d7a
orbit-batch	jetstreamext.BatchPublisher.Size	method	implemented	missing	present	lib/nats/io/jetstream/batch_publisher.rb:204	size	0a11d7a
orbit-batch	jetstreamext.BatchPublisherOpt	type	planned	n/a	n/a		Go option interface; NQ planned	
orbit-batch	jetstreamext.BatchSeqHeader	constant	implemented	present	present	lib/nats/io/jetstream/header.rb:73	JetStream::Header::BATCH_SEQUENCE	
orbit-batch	jetstreamext.ErrAtomicPublishTooManyInflight	error	implemented	partial	present	lib/nats/io/jetstream/errors.rb:412	Error::AtomicPublishTooManyInflight < BadRequest, ERR_CODE 10210 (429 mapped in JS.from_error)	0a11d7a
orbit-batch	jetstreamext.ErrBatchClosed	error	implemented	missing	present	lib/nats/io/jetstream/errors.rb:347	Error::BatchClosed	0a11d7a
orbit-batch	jetstreamext.ErrBatchPublishDuplicateMsgID	error	implemented	partial	present	lib/nats/io/jetstream/errors.rb:408	Error::BatchPublishDuplicateMsgID < BadRequest, ERR_CODE 10201	0a11d7a
orbit-batch	jetstreamext.ErrBatchPublishExceedsLimit	error	implemented	partial	present	lib/nats/io/jetstream/errors.rb:400	Error::BatchPublishExceedsLimit < BadRequest, ERR_CODE 10199	0a11d7a
orbit-batch	jetstreamext.ErrBatchPublishIncomplete	error	implemented	partial	present	lib/nats/io/jetstream/errors.rb:385	Error::BatchPublishIncomplete < BadRequest, ERR_CODE 10176	0a11d7a
orbit-batch	jetstreamext.ErrBatchPublishInvalidCommit	error	implemented	partial	present	lib/nats/io/jetstream/errors.rb:404	Error::BatchPublishInvalidCommit < BadRequest, ERR_CODE 10200	0a11d7a
orbit-batch	jetstreamext.ErrBatchPublishInvalidGapMode	error	implemented	partial	deliberate	-	no class: nats-server v2.15.0 uses 10202 for JSClusterServerMemberChangeInflightErr ("cluster member change is in progress"); undocumented in CHANGELOG	
orbit-batch	jetstreamext.ErrBatchPublishInvalidID	error	implemented	partial	present	lib/nats/io/jetstream/errors.rb:393	Error::BatchPublishInvalidID < BadRequest, ERR_CODE 10179	0a11d7a
orbit-batch	jetstreamext.ErrBatchPublishMissingSeq	error	implemented	partial	present	lib/nats/io/jetstream/errors.rb:381	Error::BatchPublishMissingSeq < BadRequest, ERR_CODE 10175	0a11d7a
orbit-batch	jetstreamext.ErrBatchPublishNotEnabled	error	implemented	partial	present	lib/nats/io/jetstream/errors.rb:377	Error::BatchPublishNotEnabled < BadRequest, ERR_CODE 10174	0a11d7a
orbit-batch	jetstreamext.ErrBatchPublishTooManyInflight	error	implemented	partial	present	lib/nats/io/jetstream/errors.rb:438	Error::BatchPublishTooManyInflight < BadRequest, ERR_CODE 10211	d73d54f
orbit-batch	jetstreamext.ErrBatchPublishUnsupportedHeader	error	implemented	partial	present	lib/nats/io/jetstream/errors.rb:389	Error::BatchPublishUnsupportedHeader < BadRequest, ERR_CODE 10177	0a11d7a
orbit-batch	jetstreamext.ErrBatchUnsupported	error	planned	missing	present	lib/nats/io/jetstream/errors.rb:136	Error::BatchUnsupported (reply without Nats-Num-Pending)	1565660
orbit-batch	jetstreamext.ErrEmptyBatch	error	implemented	missing	present	lib/nats/io/jetstream/errors.rb:355	Error::EmptyBatch from close and publish_msg_batch([])	0a11d7a
orbit-batch	jetstreamext.ErrFastBatchGapDetected	error	implemented	missing	present	lib/nats/io/jetstream/errors.rb:445	Error::FastBatchGapDetected(expected_last_seq, current_seq) to error_handler	d73d54f
orbit-batch	jetstreamext.ErrFastBatchInvalidID	error	implemented	partial	present	lib/nats/io/jetstream/errors.rb:427	Error::FastBatchInvalidID; ERR_CODE 10207 per nats-server, orbit says 10205	d73d54f
orbit-batch	jetstreamext.ErrFastBatchInvalidPattern	error	implemented	partial	present	lib/nats/io/jetstream/errors.rb:423	Error::FastBatchInvalidPattern; ERR_CODE 10206 per nats-server (10204 stays ConsumerInvalidReset), orbit says 10204	d73d54f
orbit-batch	jetstreamext.ErrFastBatchNotEnabled	error	implemented	partial	present	lib/nats/io/jetstream/errors.rb:419	Error::FastBatchNotEnabled; real server returns 10205 (spec/js_fast_publish_spec.rb:122), orbit says 10203	d73d54f
orbit-batch	jetstreamext.ErrFastBatchUnknownID	error	implemented	partial	present	lib/nats/io/jetstream/errors.rb:431	Error::FastBatchUnknownID; ERR_CODE 10208 per nats-server (spec :202), orbit says 10206	d73d54f
orbit-batch	jetstreamext.ErrInvalidBatchAck	error	implemented	missing	present	lib/nats/io/jetstream/errors.rb:364	Error::InvalidBatchAck (bad JSON, wrong batch id or count)	0a11d7a
orbit-batch	jetstreamext.ErrInvalidOption	error	implemented	missing	present	lib/nats/io/jetstream/batch_publisher.rb:217	Ruby ArgumentError for invalid batch/fast/get-batch options, raised before sending	0a11d7a
orbit-batch	jetstreamext.ErrInvalidResponse	error	planned	missing	present	lib/nats/io/jetstream/errors.rb:144	Error::InvalidStreamResponse	1565660
orbit-batch	jetstreamext.ErrNoMessages	error	planned	missing	present	lib/nats/io/jetstream/errors.rb:127	Error::NoMessages	1565660
orbit-batch	jetstreamext.ErrSubjectRequired	error	planned	missing	present	lib/nats/io/jetstream/batch_get.rb:116	ArgumentError "nats: at least one subject is required" from get_last_msgs_for	1565660
orbit-batch	jetstreamext.FastPubAck	type	planned	missing	present	lib/nats/io/jetstream/fast_publisher.rb:30	NATS::JetStream::FastPubAck Struct(batch_seq, ack_seq)	d73d54f
orbit-batch	jetstreamext.FastPubAck.AckSequence	field	planned	missing	present	lib/nats/io/jetstream/fast_publisher.rb:30	FastPubAck#ack_seq	d73d54f
orbit-batch	jetstreamext.FastPubAck.BatchSequence	field	planned	missing	present	lib/nats/io/jetstream/fast_publisher.rb:30	FastPubAck#batch_seq	d73d54f
orbit-batch	jetstreamext.FastPublishErrHandler	type	planned	n/a	n/a		Go func type; NQ planned	
orbit-batch	jetstreamext.FastPublishFlowControl	type	planned	missing	present	lib/nats/io/jetstream/fast_publisher.rb:89	as kwargs flow:, max_outstanding_acks:, ack_timeout: of new_fast_publisher	d73d54f
orbit-batch	jetstreamext.FastPublishFlowControl.AckTimeout	field	planned	missing	present	lib/nats/io/jetstream/fast_publisher.rb:89	ack_timeout: kwarg (seconds); pings every third of it	d73d54f
orbit-batch	jetstreamext.FastPublishFlowControl.Flow	field	planned	missing	present	lib/nats/io/jetstream/fast_publisher.rb:89	flow: kwarg, 1..65535, default 100	d73d54f
orbit-batch	jetstreamext.FastPublishFlowControl.MaxOutstandingAcks	field	planned	missing	present	lib/nats/io/jetstream/fast_publisher.rb:89	max_outstanding_acks: kwarg, 1..65535, default 2	d73d54f
orbit-batch	jetstreamext.FastPublisher	type	planned	missing	present	lib/nats/io/jetstream/fast_publisher.rb:50	NATS::JetStream::FastPublisher (spec/js_fast_publish_spec.rb, real server)	d73d54f
orbit-batch	jetstreamext.FastPublisher.Add	method	implemented	missing	present	lib/nats/io/jetstream/fast_publisher.rb:142	add(subject, data, header:, **msg_opts) -> FastPubAck	d73d54f
orbit-batch	jetstreamext.FastPublisher.AddMsg	method	implemented	missing	present	lib/nats/io/jetstream/fast_publisher.rb:148	add_msg(msg, **msg_opts) -> FastPubAck	d73d54f
orbit-batch	jetstreamext.FastPublisher.Close	method	implemented	missing	present	lib/nats/io/jetstream/fast_publisher.rb:193	close(timeout:) ends with EOB marker -> BatchAck	d73d54f
orbit-batch	jetstreamext.FastPublisher.Commit	method	implemented	missing	present	lib/nats/io/jetstream/fast_publisher.rb:172	commit(subject, data, header:, timeout:, **msg_opts) -> BatchAck	d73d54f
orbit-batch	jetstreamext.FastPublisher.CommitMsg	method	implemented	missing	present	lib/nats/io/jetstream/fast_publisher.rb:178	commit_msg(msg, timeout:, **msg_opts) -> BatchAck	d73d54f
orbit-batch	jetstreamext.FastPublisher.IsClosed	method	implemented	missing	present	lib/nats/io/jetstream/fast_publisher.rb:203	closed?	d73d54f
orbit-batch	jetstreamext.FastPublisherOpt	type	planned	n/a	n/a		Go option interface; NQ planned	
orbit-batch	jetstreamext.GetBatch	function	planned	missing	present	lib/nats/io/jetstream/batch_get.rb:64	js.get_batch(stream, batch, seq:, subject:, start_time:, max_bytes:) yields or returns RawStreamMsgs	1565660
orbit-batch	jetstreamext.GetBatchMaxBytes	constructor	planned	missing	present	lib/nats/io/jetstream/batch_get.rb:64	get_batch max_bytes: kwarg	1565660
orbit-batch	jetstreamext.GetBatchOpt	type	planned	n/a	n/a		Go functional-option type; NQ planned	
orbit-batch	jetstreamext.GetBatchSeq	constructor	planned	missing	present	lib/nats/io/jetstream/batch_get.rb:64	get_batch seq: kwarg (exclusive with start_time:)	1565660
orbit-batch	jetstreamext.GetBatchStartTime	constructor	planned	missing	present	lib/nats/io/jetstream/batch_get.rb:64	get_batch start_time: kwarg (Time or RFC 3339 String)	1565660
orbit-batch	jetstreamext.GetBatchSubject	constructor	planned	missing	present	lib/nats/io/jetstream/batch_get.rb:64	get_batch subject: kwarg (next_by_subj)	1565660
orbit-batch	jetstreamext.GetLastForOpt	type	planned	n/a	n/a		Go functional-option type; NQ planned	
orbit-batch	jetstreamext.GetLastMsgsBatchSize	constructor	planned	missing	present	lib/nats/io/jetstream/batch_get.rb:113	get_last_msgs_for batch: kwarg	1565660
orbit-batch	jetstreamext.GetLastMsgsFor	function	planned	missing	present	lib/nats/io/jetstream/batch_get.rb:113	js.get_last_msgs_for(stream, subjects, up_to_seq:, up_to_time:, batch:)	1565660
orbit-batch	jetstreamext.GetLastMsgsUpToSeq	constructor	planned	missing	present	lib/nats/io/jetstream/batch_get.rb:113	get_last_msgs_for up_to_seq: kwarg	1565660
orbit-batch	jetstreamext.GetLastMsgsUpToTime	constructor	planned	missing	present	lib/nats/io/jetstream/batch_get.rb:113	get_last_msgs_for up_to_time: kwarg	1565660
orbit-batch	jetstreamext.JSErrCodeAtomicPublishTooManyInflight	constant	implemented	missing	present	lib/nats/io/jetstream/errors.rb:412	Error::AtomicPublishTooManyInflight::ERR_CODE = 10210 (and Error::BATCH_PUBLISH_ERRORS map)	0a11d7a
orbit-batch	jetstreamext.JSErrCodeBatchPublishDuplicateMsgID	constant	implemented	missing	present	lib/nats/io/jetstream/errors.rb:408	Error::BatchPublishDuplicateMsgID::ERR_CODE = 10201 (and Error::BATCH_PUBLISH_ERRORS map)	0a11d7a
orbit-batch	jetstreamext.JSErrCodeBatchPublishExceedsLimit	constant	implemented	missing	present	lib/nats/io/jetstream/errors.rb:400	Error::BatchPublishExceedsLimit::ERR_CODE = 10199 (and Error::BATCH_PUBLISH_ERRORS map)	0a11d7a
orbit-batch	jetstreamext.JSErrCodeBatchPublishIncomplete	constant	implemented	missing	present	lib/nats/io/jetstream/errors.rb:385	Error::BatchPublishIncomplete::ERR_CODE = 10176 (and Error::BATCH_PUBLISH_ERRORS map)	0a11d7a
orbit-batch	jetstreamext.JSErrCodeBatchPublishInvalidCommit	constant	implemented	missing	present	lib/nats/io/jetstream/errors.rb:404	Error::BatchPublishInvalidCommit::ERR_CODE = 10200 (and Error::BATCH_PUBLISH_ERRORS map)	0a11d7a
orbit-batch	jetstreamext.JSErrCodeBatchPublishInvalidGapMode	constant	implemented	missing	deliberate	-	no 10202 constant (ErrorCode stops at 10204, BATCH_PUBLISH_ERRORS skips 10202); server assigns 10202 to member-change-inflight; undocumented	
orbit-batch	jetstreamext.JSErrCodeBatchPublishInvalidID	constant	implemented	missing	present	lib/nats/io/jetstream/errors.rb:393	Error::BatchPublishInvalidID::ERR_CODE = 10179 (and Error::BATCH_PUBLISH_ERRORS map)	0a11d7a
orbit-batch	jetstreamext.JSErrCodeBatchPublishMissingSeq	constant	implemented	missing	present	lib/nats/io/jetstream/errors.rb:381	Error::BatchPublishMissingSeq::ERR_CODE = 10175 (and Error::BATCH_PUBLISH_ERRORS map)	0a11d7a
orbit-batch	jetstreamext.JSErrCodeBatchPublishNotEnabled	constant	implemented	missing	present	lib/nats/io/jetstream/errors.rb:377	Error::BatchPublishNotEnabled::ERR_CODE = 10174 (and Error::BATCH_PUBLISH_ERRORS map)	0a11d7a
orbit-batch	jetstreamext.JSErrCodeBatchPublishTooManyInflight	constant	implemented	missing	present	lib/nats/io/jetstream/errors.rb:438	Error::BatchPublishTooManyInflight::ERR_CODE = 10211 (and Error::BATCH_PUBLISH_ERRORS map)	d73d54f
orbit-batch	jetstreamext.JSErrCodeBatchPublishUnsupportedHeader	constant	implemented	missing	present	lib/nats/io/jetstream/errors.rb:389	Error::BatchPublishUnsupportedHeader::ERR_CODE = 10177 (and Error::BATCH_PUBLISH_ERRORS map)	0a11d7a
orbit-batch	jetstreamext.JSErrCodeFastBatchInvalidID	constant	implemented	missing	deliberate	lib/nats/io/jetstream/errors.rb:427	Error::FastBatchInvalidID::ERR_CODE = 10207, orbit 10205; CHANGELOG: "with the error codes of nats-server"	d73d54f
orbit-batch	jetstreamext.JSErrCodeFastBatchInvalidPattern	constant	implemented	missing	deliberate	lib/nats/io/jetstream/errors.rb:423	Error::FastBatchInvalidPattern::ERR_CODE = 10206, orbit 10204; CHANGELOG: "with the error codes of nats-server"	d73d54f
orbit-batch	jetstreamext.JSErrCodeFastBatchNotEnabled	constant	implemented	missing	deliberate	lib/nats/io/jetstream/errors.rb:419	Error::FastBatchNotEnabled::ERR_CODE = 10205, orbit 10203; CHANGELOG: "with the error codes of nats-server"	d73d54f
orbit-batch	jetstreamext.JSErrCodeFastBatchUnknownID	constant	implemented	missing	deliberate	lib/nats/io/jetstream/errors.rb:431	Error::FastBatchUnknownID::ERR_CODE = 10208, orbit 10206; CHANGELOG: "with the error codes of nats-server"	d73d54f
orbit-batch	jetstreamext.NewBatchPublisher	function	implemented	missing	present	lib/nats/io/jetstream/batch_publisher.rb:336	js.new_batch_publisher(ack_first:, ack_every:, ack_timeout:)	0a11d7a
orbit-batch	jetstreamext.NewFastPublisher	function	implemented	missing	present	lib/nats/io/jetstream/fast_publisher.rb:407	js.new_fast_publisher(flow:, max_outstanding_acks:, ack_timeout:, continue_on_gap:, error_handler:)	d73d54f
orbit-batch	jetstreamext.PublishMsgBatch	function	implemented	missing	present	lib/nats/io/jetstream/batch_publisher.rb:351	js.publish_msg_batch(msgs, timeout:, **flow) -> BatchAck	0a11d7a
orbit-batch	jetstreamext.PublishMsgBatchOpt	type	planned	n/a	n/a		Go option interface; NQ planned	
orbit-batch	jetstreamext.WithBatchExpectLastSequence	constructor	implemented	partial	present	lib/nats/io/jetstream/batch_publisher.rb:275	expected_last_seq: msg option of add/commit	0a11d7a
orbit-batch	jetstreamext.WithBatchExpectLastSequenceForSubject	constructor	implemented	partial	present	lib/nats/io/jetstream/batch_publisher.rb:276	expected_last_subject_seq: + expected_last_subject: msg options	0a11d7a
orbit-batch	jetstreamext.WithBatchExpectLastSequencePerSubject	constructor	implemented	partial	present	lib/nats/io/jetstream/batch_publisher.rb:283	expected_last_subject_seq: msg option	0a11d7a
orbit-batch	jetstreamext.WithBatchExpectStream	constructor	implemented	partial	present	lib/nats/io/jetstream/batch_publisher.rb:273	stream: msg option (Nats-Expected-Stream)	0a11d7a
orbit-batch	jetstreamext.WithBatchMsgTTL	constructor	implemented	partial	present	lib/nats/io/jetstream/batch_publisher.rb:272	ttl: msg option (seconds or :never)	0a11d7a
orbit-batch	jetstreamext.WithFastPublisherContinueOnGap	constructor	implemented	missing	present	lib/nats/io/jetstream/fast_publisher.rb:90	new_fast_publisher(continue_on_gap: true)	d73d54f
orbit-batch	jetstreamext.WithFastPublisherErrorHandler	constructor	implemented	missing	present	lib/nats/io/jetstream/fast_publisher.rb:90	new_fast_publisher(error_handler: callable)	d73d54f
